,"""ILMN_2165753""","""ILMN_1697499""","""ILMN_1783142""","""ILMN_1715169""","""ILMN_2066060""","""ILMN_1733559""","""ILMN_1693262""","""ILMN_1776519""","""ILMN_1815895""","""ILMN_1679357""","""ILMN_1749834""","""ILMN_2102721""","""ILMN_1658283""","""ILMN_1725661""","""ILMN_1777378""","""ILMN_1667813""","""ILMN_2058782""","""ILMN_2165289""","""ILMN_1731546""","""ILMN_2383097""","""ILMN_1716733""","""ILMN_1750636""","""ILMN_2139943""","""ILMN_1656625""","""ILMN_1754195""","""ILMN_1663416""","""ILMN_1730454""","""ILMN_1735712""","""ILMN_1652431""","""ILMN_1652955""","""ILMN_1696839""","""ILMN_1798189""","""ILMN_1708323""","""ILMN_1687738""","""ILMN_2310703""","""ILMN_1713458""","""ILMN_2193213""","""ILMN_1657722""","""ILMN_1673638""","""ILMN_1677697""","""ILMN_1723912""","""ILMN_1753347""","""ILMN_1726647""","""ILMN_2159694""","""ILMN_1652073""","""ILMN_2180866""","""ILMN_1707695""","""ILMN_1677262""","""ILMN_2207539""","""ILMN_2119945""","""ILMN_1796678""","""ILMN_1695187""","""ILMN_1664610""","""ILMN_1743145""","""ILMN_2087060""","""ILMN_1678522""","""ILMN_2209027""","""ILMN_1769277""","""ILMN_1721113""","""ILMN_1661174""","""ILMN_1719032""","""ILMN_1695585""","""ILMN_1651358""","""ILMN_1661631""","""ILMN_2119937""","""ILMN_1772809""","""ILMN_1692223""","""ILMN_1707783""","""ILMN_1674069""","""ILMN_2084825""","""ILMN_1683562""","""ILMN_1659405""","""ILMN_2305544""","""ILMN_1807710""","""ILMN_2389590""","""ILMN_1750507""","""ILMN_1666078""","""ILMN_1743046""","""ILMN_1656292""","""ILMN_1748915""","""ILMN_2290808""","""ILMN_1801216""","""ILMN_1712678""","""ILMN_1680652""","""ILMN_2079655""","""ILMN_1755537""","""ILMN_1654875""","""ILMN_1751258""","""ILMN_1755115""","""ILMN_2128128""","""ILMN_1755808""","""ILMN_1665823""","""ILMN_1711729""","""ILMN_2201580""","""ILMN_1760315""","""ILMN_1713266""","""ILMN_1781966""","""ILMN_1749984""","""ILMN_1705458""","""ILMN_1792455""","""ILMN_1766165""","""ILMN_2337241""","""ILMN_1706117""","""ILMN_1733581""","""ILMN_2292178""","""ILMN_1688423""","""ILMN_1805750""","""ILMN_1683093""","""ILMN_1759155""","""ILMN_1704446""","""ILMN_1696512""","""ILMN_1663142""","""ILMN_2175465""","""ILMN_2229242""","""ILMN_1696584""","""ILMN_1807919""","""ILMN_1729487""","""ILMN_1708016""","""ILMN_1776104""","""ILMN_1774091""","""ILMN_2207533""","""ILMN_1684255""","""ILMN_1714765""","""ILMN_1760062""","""ILMN_1666471""","""ILMN_2391861""","""ILMN_1784286""","""ILMN_1688580""","""ILMN_2356284""","""ILMN_1731233""","""ILMN_1697377""","""ILMN_1679920""","""ILMN_1724533""","""ILMN_2388547""","""ILMN_1737015""","""ILMN_1742410"""
"""GSM1539080""",-1.6938402609409917,1.5631854850722877,-0.8540808279875343,0.994070664561583,0.795994977547658,1.2452812595139005,2.5706668859788793,-1.050124882790246,-0.4752385462990896,2.023599294978386,-0.09684103037745413,1.9900708500731457,-0.9955452292489212,1.980439071097855,-1.0312068676987736,-0.8543229669572351,1.1735912370907629,1.983040906142513,-0.8165627577081696,-1.1329929253940867,-1.0104896713782123,-1.0106576597672328,-1.0229744804900183,-0.5817077611861124,-1.1153233469522192,-1.1242219792916952,0.45274719144135656,-0.18177157823099913,1.0203702787357283,-0.7628845423127973,-1.0064244287888466,-0.9313662700199483,0.6320959312343137,-1.0174467826450868,-1.233663186077248,2.041875223809461,1.794882927051727,-0.896312418424482,-1.0000943417408583,-0.7562375665848098,-0.6513391792690215,2.937752934923044,-1.1247162154171857,-0.8581641683919771,-0.0014658013284849067,-1.029967022344045,-1.784736978563843,-0.8806996648257837,-1.1301491326806643,-0.8501924540971808,-0.07376360814507073,0.6110652123988816,-1.111409028273863,0.40812597633639014,-1.09211121030688,-0.9225253175210492,-1.1941437923494125,-1.1589948018269778,0.8861927192054514,-0.9560802784970411,-0.7958636971356359,-0.9746780930724672,-0.5264382851647375,0.991583459827488,-0.8278207680964484,0.8790007451677556,2.5552279357342504,-0.9128306377902801,-0.9175684772107567,-0.186787961842284,-1.188913940088351,-0.8189356739184782,-1.0548071196125097,-1.6001080272808579,0.02312090306152882,-1.2269162430461549,0.027642242552725543,0.7147697808776186,-0.6694885235335822,0.1339123479593837,-0.9964821695525247,-0.8618137156429053,-0.8561579564278653,1.160514864201643,-1.3916006746832923,-0.6380659864947716,-1.8722279199363643,-1.0826247419040835,-0.7296435458784389,-0.7233233917265359,-1.055773464844048,-0.7852394742578833,-0.3842886018188897,1.9490175930859648,1.2823804165926258,0.6644061529549431,1.1593959523908925,0.947278857573645,0.835701288033043,-0.9843039046088523,0.9727055183952703,-0.7210927026497341,-0.5431277135814154,0.46269624719566416,0.13468518796753426,-1.3137474850405064,0.7446449325406161,0.5384600759244977,0.9712759618692736,0.3379857717482543,1.0768587855494367,0.6132107464896643,-1.305432068299961,-0.43049743317143285,1.6225436643337858,0.8597063270187045,0.8856143246534713,0.9662670882477847,-0.26451830623441347,0.5807703682338075,-1.0738998778286908,0.8786527796030978,1.1592587412635578,-0.8129133714546526,-1.2691816140586234,1.8611886848184624,-0.815929334392086,1.7070589736427535,-0.6241512436360022,-1.5845828473893893,1.0398633874940169,-0.9422354977969178,-0.9415872203959265,-0.10210614932341355,-1.1040062639471093,1.220280545377361
"""GSM1539081""",0.7517500475735394,1.6976128078829047,-0.8239360372119715,0.9639339219612256,-0.27402303954166385,0.9316486900870972,-1.1454034556937938,-1.0499983365283714,-0.2097261611017198,-1.4360556120267935,-0.6509912729457016,-1.2892657051243197,-0.3908156398877658,-1.1954853143530948,-0.44017163831460315,-0.2475232224305688,1.6338405845389001,-1.3376122612518984,-0.034014238320412546,-0.2731309414096482,0.8161535548711489,0.34743504692018257,0.028887843784299132,-0.4363072301865103,-0.6325900170816497,-0.3867167597374977,-0.43301534493153204,0.1250402414681233,-0.6857296693645247,-0.2572965476278159,-0.2975100942822702,-0.6519994628363458,1.0115641466811929,0.12742429327133045,0.436711813222029,1.0843826926473268,-1.3797702846195656,0.2427398798541911,0.2362146658316456,0.29240485603645744,2.003853389900267,-1.068862582299472,0.40575329664319,-0.7526992247177773,0.0075845050944746955,0.2992189983146904,2.2004973484540526,0.3959252620592692,-0.19776765436179447,-0.17872217023886683,1.0309788456356532,-0.7764565404272781,-0.5180291633120583,-1.2956958432776298,-0.046046999369218966,0.08510329442943142,0.18379535054864757,-0.4028044480686685,0.9097621333001391,0.6114431747720998,-0.260212303173273,0.3536451116566845,-0.5936474197008983,0.2895997237816436,-0.17691555510916482,-0.6415752154188293,-0.8064597550140274,-0.5221692969936302,0.17648438379563539,1.0103415204892436,-0.22748177891375204,-0.13051384962616697,0.09090423189003224,-0.5751341786752484,-0.6872011256487792,-0.5317130364544319,1.2951129794130831,1.7420993301438805,0.42085615143480554,-0.18383766987069072,0.20065784146491605,0.627338138034409,-0.36746119796057786,-0.016725913375320103,0.2940591293858769,-0.7632153797187852,0.3372612443924112,-0.06831568788671523,-0.15638167129953257,-0.07301145716739581,-0.25158066532211776,-0.6537067881133596,0.13505823697711355,-0.4463789356843218,0.17053770763275342,-0.6086230981323417,-0.7256818768248481,1.382827111120378,-1.240532150966091,-0.5325123752416765,-1.0882496819447982,-0.6286486431645715,-0.3333815695221298,0.6045272912722403,0.13070367934680785,-0.22146048021551115,1.8419110650510686,-1.1949666380218427,-0.16808263046616692,0.2450486710327148,0.401172544271217,0.7517858948172366,-0.3130082598356463,-0.20304216127466615,-1.515074155757898,-0.02445904623717378,0.5719854556644507,-0.9796336061150812,0.20001999639733375,-0.7605681392576251,-0.3193739273453034,0.29959201788872986,-1.3834631489887592,1.8397943374545396,0.334885807061002,-0.6671344987809603,0.3156670862631212,-1.1051882073080412,0.5395676096122229,-0.6048751623012805,-2.2263949864999604,0.5528330304391845,0.0275363045108189,2.0229498347106496,-0.08648428405147798,-0.9341256936988327
"""GSM1539082""",0.6080073646056049,-0.6650680993046484,-0.8410863254232722,1.3232890286930774,1.012154911270021,0.39920820394193285,-0.08393257323090755,0.4562466114145803,0.7112460703152682,-0.24872012605985433,0.7597056450366863,-0.2578100965087419,-0.5531526622763435,-0.2554632820859472,-0.6579540022777537,-0.22445387999864153,-0.30888559052460235,-0.189646286099271,-0.7731967821200219,-0.7707674752452595,-0.6716791355580284,1.2341241151350737,-0.3283386760723114,0.011938917718222839,-0.6498569979223512,-0.7952241395038778,-0.521767540238856,0.3141357169609897,-0.04196351715586984,-0.19931615083360196,-0.03525699383789843,-0.8322422273885286,0.4421701614691026,-0.494263720420817,1.1889711965979304,-0.9520368572026202,-0.10309862449743819,-0.3646800188171214,-0.398925662850474,1.2527423936675204,0.43089940261666254,-0.38618393018398106,1.0433843936515417,-0.8486636617564508,0.8313563254349687,0.9782770448406355,-0.3970850978188618,-0.1515766148957434,-0.37277493816188767,-0.846959653333997,0.9001453170994096,0.38412810902950434,0.053525522747347724,0.8097103980793505,-0.26646651419499534,1.0223661808208568,0.8390572129880667,-0.4289167802025794,0.37944147052730254,-0.04067996121451351,-0.48877901045534894,1.124899196767975,0.8323166288540912,-1.2398850094876237,-0.7995509066823171,0.05572992507030501,-0.07241998929586142,-0.6197740540297106,-0.2948441231124708,0.8570103344345823,-0.9746265069846245,-0.2524279933899575,-0.7169661440429028,-0.7404009471738725,-0.49738811949295403,-0.31054596018816816,1.2269057155446068,1.462402564205759,0.025602284756553347,-0.6717220071040524,-0.8070576704048722,-0.9748241550432841,-0.5960592605022526,0.3196945621337251,-0.3088473519851747,-0.6665895994437703,-0.769507864387314,-0.7825024221624322,-0.17096493488435238,-0.12036588265188214,-0.7487904129030303,-0.04774840963163042,-0.383314163648839,-0.12397398995069223,0.15859497885527735,-0.6236624589232148,0.7124969366300629,1.0939685364037814,-0.25823386305864215,-1.031819604694044,-0.3438296057160031,-0.20789596623432335,-0.3358831691679662,1.4464323574825864,-0.04434764750219813,-0.3830790499072958,0.9436912699648042,0.061017189478840245,0.3233656272853586,0.16530616572933016,0.27479572417441006,0.1342944687093856,-0.7918438039204702,-0.6990718960154877,-0.5857617427822664,0.06802427892959684,0.42539318725253716,0.3805078773473527,-0.10922817681744137,-0.09655077081614995,-0.4101362590557968,0.2849211826526084,0.60264732812162,-0.17590521980466203,-1.1084891471862341,-0.04943025823476103,-0.17889611353696602,-1.5300754559180973,-0.3690748723705268,0.024046094962323874,1.2465809080566264,-0.22984002659933778,-1.0929311577761511,-0.5392352642493206,-0.5609604683841143,0.0034150337229768824
"""GSM1539083""",0.879291738751983,-0.6161144815283064,-0.8306428683602868,1.29547523110193,0.6549201100413908,-0.33379385633855874,-0.5552870230513006,-0.9351112060000135,-0.5570167982331355,-0.5796595381495392,-0.41433310592815087,-0.49622908022568185,-1.109110984132037,-0.6998406190636425,-0.833673964114756,-0.8636394440509131,-0.2775424623146371,-0.5800341026390169,-0.7245191911786527,-1.019267415656497,-0.8929833906137261,0.9854731822708133,-1.0500335996197656,-0.7546613887439908,-0.9391587675500649,-0.9317161752896774,2.241595538370787,0.8330025814039295,-0.30512360113571463,-1.3879481319804914,-1.431074474097618,-1.5575387126752092,0.8806590347154891,-1.15581629354449,1.190778909828859,2.1909288356086516,-0.5185008673994823,-1.3654198175094285,-1.2764131565739099,0.5630283649125847,-0.6414872650648298,-0.5768924660186828,1.216877877755432,-0.7442638295393739,-0.3469044542035972,1.0093920761644966,-1.0218316772349028,-1.2256233557485068,-1.2881411019674132,-1.0183429695151942,0.5170310857402903,0.49826191777050716,-1.3574021165706918,-1.2293590970828834,-0.9055912832653978,0.8930113755770875,1.1794967569283668,-1.8322626362954213,0.8622527074202739,-0.9798134988386202,-0.630177673741673,1.029023229502576,1.8619717210903282,1.131976873821032,-0.7247882675171136,0.23832849995951813,0.2772851927802895,-0.814437788260268,-0.6730774377061866,0.7007308119204559,-0.9723603878014786,-0.7884761728563666,-0.9174133296329935,-1.3744225206171918,-0.9191934670933465,-2.023884424656992,1.0795054792182384,0.3478778361516611,-1.064962960769651,-1.716555711850642,-1.1442471626567265,-1.1027748820283307,-0.8674868631149771,0.9497738785062756,-0.29285818347705017,-0.7133057744783763,-1.59032222782711,-1.8397058532160286,-0.7987123186787847,-0.6044106539138946,-1.3542399789739357,-1.7552419550191194,-0.6284538897470012,1.3518879467582472,1.5633431351668006,0.22847575585652677,1.4628860680037674,0.9805035427607536,1.0720961245353466,1.1418391461046706,-0.1543129958112324,-2.0705185285903895,-2.4096831340541045,1.858649528939628,-0.17146015715185453,-1.1330853525451965,-1.543030272211665,0.04030354893672192,1.2344300112868325,1.5192090897379626,-0.788299079153867,0.16372116976109663,-1.0936590298058275,-1.1068330677080433,-0.2690296069621544,1.4742511976822872,1.1559615382342117,0.27347781885227607,-0.25864791864068665,0.16678451871460817,-1.470765196048604,0.8491808257804327,0.19114443830647543,-1.2766470183010166,-1.6298010104224647,1.1893956440761182,-0.43241491839423035,-0.8119707885531673,-0.7624275755966078,-0.31285489215499757,0.03153497696864089,0.12237892980388217,-1.3953673344752464,-1.330031012492492,-1.8938045860577117,0.7407904670202076
"""GSM1539084""",-1.680215383925769,-0.6507774272945965,-0.7505492359320188,-0.9684488059149994,-0.4021546011517539,0.7971431515968903,0.3856239385766817,0.07318209824630723,0.9940324559267044,0.17500665916601515,0.013504665537174354,0.16627859429886757,-1.2617414743036681,0.21595430211244507,-1.099877058694392,-0.6906776647086577,-0.8542756003458396,0.1513308044289052,-0.9365854639011376,-1.2787571889921538,-0.10117027009147174,0.8594558759443732,-1.4701044300977364,-0.7410952932572784,-1.022863655188183,-1.5049659570015215,-0.12375417790180035,-0.1468215051161148,0.41705837508197086,-0.7555412417433975,-0.5314032628955415,-1.363047151833997,1.3751993448251818,-1.4949091295408603,0.8721100953005791,2.3962253094896786,0.11754419631127212,-1.2059240162307778,-1.1166398052951898,1.3104264314971585,-1.4312584915528312,-0.1420685832790199,0.7201973613321029,1.294812225607714,0.501503631023044,0.5752087475278571,-1.6669394683856098,-0.35107688744826826,-1.7092093781184483,-1.0871761902053885,0.6225234631033092,1.3378669618349746,-1.003458666326956,0.4731597637760334,-1.064013864446959,0.7580105331647852,0.510177512500556,-1.9903329746146952,-0.28122230202489734,-0.6271925704229228,-0.793940689374604,0.6364230102577002,0.0940258169999876,-0.3013519955832964,-0.9120783398372903,1.177701255131069,0.81949041768697,-0.6139973611775775,-1.336830182766459,0.6317688832270504,-1.2076495170319774,-0.7464943210104,-1.2890994854839763,-2.18291908331228,0.5487686075817606,-1.9258087088486442,-2.1319465837627414,1.4336774226146878,-0.41020290476990107,-0.7309161138218826,-1.1277823547749721,-0.9491809815202995,-1.1206518680324804,1.6883203238630575,-1.7824748905150627,-0.6708151802476795,-1.534463051920883,-1.311990455169401,-0.7529789929196999,-1.0122539281250083,-0.9143740318121214,-0.577100751740291,-0.6815708266868347,1.292511241387433,1.5422629332237319,0.942087415870058,2.286273373127292,2.1455858066510434,1.6606143274268204,0.7417061941312606,1.4459432199289943,-0.6500991620555212,-0.7093213165271622,1.0305624088403338,-1.8998622320957734,-1.8364963821930966,-0.49462693394407864,1.5488655191365313,0.8575858866344236,1.4432881833185782,0.6173671130912082,-1.4865150747322378,-1.4565905502967749,-0.7601680534076732,-0.14814241966883931,1.2979072822820457,1.3903971208393935,1.7490831939527247,-1.0611917705345129,1.0771952203690938,-1.7693418428612937,0.5344418566401513,1.405713029470521,-1.4431095263401266,-1.8968859924978798,1.4183850670992848,-1.56409951936789,-0.5747457154454313,-0.2752346350927615,-2.781941483817173,0.42607516269192697,1.5762304895370698,-1.0721420729653928,-1.9442045277534366,-1.7782891347218654,1.7418224735677916
"""GSM1539085""",0.8406170930226619,1.5930350098320156,-0.7822812825704509,0.6997824414047984,1.1029896147362444,0.7331413071987319,-0.6627326678991472,0.39738169636038023,0.5268251140527521,-0.5489467664580321,-0.2085409415857671,-0.6074219975167374,-1.308994373027112,-0.7796960718091116,-0.9166885186453289,-1.321836532115153,-0.055597771466605966,-0.6142186579481255,-0.8888370051435102,-1.0112261429185012,-0.7483055850269298,-1.5544624653204464,-1.4726152154183336,-1.0754082818418902,-1.1998694490274102,-0.8997943015966468,-0.15464344111606787,1.486787029841922,-0.455411203027221,-1.4728947892796898,-1.4384567148729759,-1.5691501808317403,0.3220704278802061,-1.4216214892604975,-1.1976477654339628,0.7344176911048274,-0.588582692394952,-1.0479976362399375,-1.399345716334633,-1.1989132378131042,0.045534231031890304,-0.8751315016158449,-1.2898938006238017,-0.6679364762138217,-0.7226230213279429,-1.2233828039011327,-0.11004287777433402,-0.9401561212581382,-1.2673185213650913,-1.0120919054709432,0.8780051819713232,0.18234726157093964,-1.2413824824233084,-1.5582967137135177,-1.0551436396334122,-1.5070735498183212,-1.5491184427561706,-1.383559139176143,1.164834867463328,-1.0689574578373229,-0.7344895409778186,-1.5335725689697393,1.3040159764568338,-1.396832444674701,-1.0021946717712598,1.2579662272742467,-0.5230293574080749,-0.9551885509572494,-1.3706340616659738,0.8689756255908286,-0.9217395195707757,-0.8002603600086697,-0.9643240143748365,-1.4341040569707526,-1.2450224615122945,-1.6531270865208525,0.9688110700163463,0.8583442740000603,-0.8346686082763652,-1.5069173131009774,-1.0907848900751969,-1.2654543568010073,-1.0384302377384318,0.6352429278699634,-0.8060306144116751,-0.7214894603357105,-0.22299762991961783,-1.6854677295304643,-0.8489241328215978,-0.4396348718002559,-1.3737693103700517,-1.3063454793506812,-0.588500522029582,1.7653288380022625,0.4519031892234845,0.21155235092166846,0.7107253525252241,0.8801580083774875,0.5571331672367784,1.042208206232146,-0.077546229065955,-1.5768560132376732,-1.7817434280991984,0.38107078395051,0.13931191278192998,-0.6582272327387106,0.2006131517233026,0.23813399861269857,0.21730760975785957,0.4623816183033449,-0.03838219566119303,0.17180538727532704,-1.283954269324083,-0.745691638538355,-1.3512218566988239,0.8916834908991104,0.5370698305161881,-0.28237606029768647,-0.2007278919451847,0.29010685090124905,-1.442565869496227,0.17182600718093036,-0.10154815340029724,-0.5053158616104949,-1.3379953245903322,2.112131884471415,-0.1583609890541367,-1.0515519003171274,-1.5335459257294133,-0.1602075447668191,0.3868491193807759,0.012738588996381082,-1.143421107144249,-1.062068318890255,-1.6491733784014275,0.513063650862454
"""GSM1539086""",0.6233328922719235,1.6897775823770413,-0.8305496453657165,0.7678905260142983,-0.7403175647727686,1.1058719077155257,0.15320025681506863,-0.9249975780575478,0.16637472584132643,0.24068866887714377,-0.8525016293802833,0.1601690942472426,-0.7074819040714856,0.36580815256941246,-0.6013099338245915,-0.9556209375168376,-0.7579939918007608,0.3607683915509638,-0.7603164920089902,-0.5266008487214436,1.7379532924094758,0.2136317042956183,-1.1482180598254021,-0.8015988467171525,-0.5959208034060973,-0.34779695753885675,-1.0133247146010227,1.9234056007165667,-0.053998566337548355,-0.5744448392883945,-0.6714166418703633,-0.4605721918690957,0.7059333799528329,-0.7069931227527176,0.29994933536279844,1.2620555593714693,0.3408831301704724,-0.7903401064221174,-0.8929100308954012,-0.25041035478875434,-0.6889458313103142,-0.10464550651818195,0.6547322320192777,0.9933938474496076,-1.0180632059761512,0.6922760954673668,-1.1327163060993668,-1.046511753693302,-0.6458086322158427,-0.8218903305634692,0.5781198672928213,0.026419707700360506,-0.9310067863539709,0.8817260648772393,-0.6355545251375807,0.38821846811113403,0.5956913242756282,-0.6746439238403525,-1.350986450092075,-1.0067550607454616,-0.286479543660669,0.41282771056993556,2.2501545960606704,-0.7310166950378212,-0.7971531154700823,0.88871967511632,-0.018278716249093073,-0.7128762318937059,-0.5512633113799695,0.491828314632905,-0.850358352326963,-0.6672301816169769,-0.6019874577171349,-0.1391212978553169,-0.39495244481537023,-0.47466286297217847,0.04214801036585139,1.1172949534068117,-1.0752835186790772,-1.4313532687756518,-0.9117287664840668,-2.3622422369408502,-0.8175397397557188,0.7676513336839802,-0.3280472013252127,-0.5924739320349497,0.13103817619526928,-0.45761822757373005,-0.7795425373068408,-0.5432230255752796,-0.46985106058823667,-1.0286923982904235,-0.7060988667263227,-0.4482658338260111,0.6469897314697589,0.6100786205976371,1.3536729463336457,0.8429160968513876,1.3383440270368123,1.0344089139622237,1.0577707317333713,-0.9325011687629536,-0.9927862723436996,0.3405470625217778,0.13867070344092985,0.45118823722009443,-0.035757364113844836,-0.020001480446643294,0.9073305747164144,0.8693297417454912,0.8579391806801022,0.5756885989253984,-0.543831948389607,-0.5248490154726274,-0.4260151982547807,0.8051153552770841,0.9123866844509886,-0.030888099207743214,-1.3130286489939857,-0.23336586893160544,-0.28762408212684976,0.7451233962865765,0.1670342920667568,-0.92025936304443,-0.5324945693674484,-0.45981561165945056,-1.045494410220442,-0.9436562805726779,-1.1496091356367195,0.4882420735196476,1.3148327604124677,-1.3295823079845013,-0.9957495036430516,-0.6980978050067569,-0.5903024389338133,1.2075658176323307
"""GSM1539087""",0.5270550994829659,1.6647756959586206,-0.8084089551865656,0.9529855292884665,-0.40914717671025713,-0.013580539841201215,-0.9348832864297182,1.0417233726039146,-0.2738535493965805,-0.7108077448914036,1.1000228483218446,-1.0771210412075751,-1.0799327475707654,-0.7619377904421691,-0.7339122703205315,-1.1751200829373243,1.8576370727398739,-0.7908060456167872,-0.8138860169360543,-0.4641967158411178,-0.821709452932754,-1.5970958606644117,-1.4336415872705515,-0.9522053500678499,-0.770289894439743,-0.45822886060647683,-0.9643587920454167,0.3944408729680914,1.2583831970836874,-1.2306004635935188,-1.3737953240524712,-0.5004909571500182,0.39067802963382364,-0.41429469978108624,-1.4172826448772762,2.260647085925265,-0.7273506682130435,-1.0540482121576191,-0.896489767483092,-1.3289406168322384,0.4432749293945461,-0.9539751908910454,-1.430354760114017,-0.6177769471633293,-1.1301227742514064,-1.4676416123591105,0.23243891716993859,-0.7525642341724101,-0.9832985178109127,-0.722675438567152,0.8551144133282494,1.120228702974879,-1.6283121482671936,-1.3398571653942903,-0.6122878182170407,-1.7149230393157524,-1.260359338086421,-0.9144611392034748,-0.19065909835576025,-0.9020273475246652,-0.9009979387523284,-1.537336201657978,2.1348840021717144,0.876318607737169,-0.6936137033488965,0.6228438253178731,0.5398404661239474,-0.9188434719093229,-0.4343180042008416,0.9936946892261802,-0.3933663782488541,-0.9301468212047295,-0.46705806067806854,-0.5540102731032424,-1.0592312883472113,-1.002049992778833,-0.28871492072208754,1.0081034581161503,-0.6817852028048519,-0.30498711365821723,-0.7152390104651387,0.3240721024032899,-0.9335946632466454,0.7476145559613859,-0.6201960772578197,-0.60265496658005,-0.5044477824687861,-1.0494160951991474,-0.6888758185171813,-0.5936629362674608,-1.005207630327021,-1.1442733076097695,-0.7241591865340314,1.4665728855522224,0.7990400072044762,0.29348672062287723,1.193690931043127,0.7240549025337748,-0.42635496301889825,1.1608536295902996,0.45558900225639953,-1.105886448385904,-1.282953740763633,0.6251629605507816,-0.8235937550405138,-0.03458076428006838,0.8925689099079365,0.5058486745804346,1.0607178697569302,1.0087512608665816,1.4645487760083609,-0.48538592942297404,-0.5548044429895546,-0.563675295272299,-0.5731708926069364,0.39274879625073605,0.8899382981383958,-0.6339918218270821,-0.02013734921028369,-0.028824853917711033,-0.7073965190730934,0.9575750867191642,-0.832096000511006,-0.2897977470727327,-0.45308114554122075,1.4843158686808373,-0.5641798728695274,0.7956678332531869,-1.422236233721773,0.853984008304676,0.29781272057302255,0.2848727418248455,-0.8000921653706655,1.180707619046503,-0.6636514279127222,-0.4883516094851552
"""GSM1539088""",0.6450357021538674,-0.5955526216395882,-0.811813842143585,-0.9964360367335102,1.0998343240009352,-1.1731838571607687,-0.5193970185106619,-0.8838331884181226,-0.7683666755720372,-0.1486799068152275,0.524278639225579,-0.0659928523947977,-1.178892516092259,0.01817254312971114,-0.8272609544505894,-1.2514458777581425,-1.0196459616021438,0.02276726066227371,-0.7938925006547287,-0.9627172231911406,-0.7335390085005922,0.30637073940409587,-1.445587799051677,-1.137490213627638,-0.9826892528085454,-0.6109657405888491,-1.4867432541807681,-1.2024835084678662,-1.108870802714844,-1.572567957739013,-1.497385319402167,-1.522241270309756,-0.4732263786527013,-1.0107350932654438,0.6416360181796927,0.09542783344411568,0.09942297860019401,-1.3746300017547102,-0.919288946458751,-0.1019578907157707,-0.5397214877622728,-0.35461663653582154,0.7935659175999106,0.8780199963969464,-1.35838142811195,0.9238376934503737,-1.2336604446397068,-1.1802690343070972,-1.6108509981066024,-1.0587400333445747,-2.047919391543181,-0.40402468146408876,-1.8125430318308047,0.9414528515536368,-1.2849277936694943,0.22562610550007156,0.9279888233901634,-1.42651570688535,0.5254845527014791,-1.2323757215143594,-0.7211252816223561,0.6331808960169973,0.35527353640058645,-0.6843603733833957,-1.1137257239982135,0.23352028730717783,-0.07447915862337434,-1.1788625966746176,-1.4865729675369177,-1.7932994974965075,-0.8687026836193776,-0.836526935559747,-1.239391771143243,-1.0986373086091052,-1.1889912548599704,-1.425714429225582,-0.28645840046058124,-0.2893119106738217,-1.3294880012895982,-1.6262540583046476,-1.3407929010695523,-1.4573503803365067,-0.9858208494309443,-0.2203133672013261,-0.6938742550300208,-0.7066088715508868,-2.061723564720675,-1.481191869796002,-0.7859916029145356,-0.9145509797325081,-1.383974378528652,-1.2786331301279603,-0.6743135334082786,-0.4208761460605601,-0.6489088588196341,-0.5447352955486154,-0.47163712585611905,-0.4898300136912366,0.133479968246146,-1.096579782642353,-0.53627676239074,-1.9010758073571978,-1.5892644665986033,-0.41646193342742177,-0.1435933103414588,-0.7145250209901346,0.42010459181453413,-0.4207311836636388,-0.7296800421759521,-0.4155270922858503,-1.4058006851964333,0.2967740464282993,-0.6620654546201342,-0.7657048936035464,-1.6080891291256754,-0.05100599152051789,-0.684960959880459,-0.9959589778042687,-1.1875884187618846,-0.9815924784557861,-1.3442947696770395,-1.058714267509087,-1.4972019202208997,-0.627368992719001,-1.4498762547513238,-0.3496003256701704,-1.5260706931776788,-0.6633439345938036,-1.395122181458646,-0.17701298070433816,2.031608387355362,-0.4036299315882018,-1.3411173189120407,-1.056894793956298,-1.539696711561223,-0.768041701212838
"""GSM1539089""",0.4449602564744512,-0.6261584408513691,-0.8752615444195949,-0.932429256909309,1.14577774505821,1.3810601905300102,-0.3926486098534361,-0.19950787161318154,-0.24576254542346462,-0.6023339768966103,0.6486085134432049,-0.5932161352433171,0.019446583964566444,-0.6172591170607481,-0.422514987045114,0.09230438451975088,-0.5149837290634821,-0.7535858694339824,-0.25715291747911057,-0.04741856201754919,-0.23978323489015327,1.1246266298602914,0.5672563967848799,-0.17848793467979818,0.05171248775247381,0.014123199218956417,-1.3723071641035989,-0.5503714509113564,-0.693092012145511,0.892864310114946,0.47943748726566937,0.16398826309137224,0.8847725775917121,0.15038615821340615,1.0568716832421738,0.824379077955658,-0.7408865017745073,0.7169794582294847,0.48806253505973657,0.834097989934436,0.4168497786678998,-1.0783642930856785,0.9744720873987267,-0.7913601947789435,1.274734406618602,0.8632289109849108,0.35380986706109974,0.6749598502832569,0.6216222353750722,-0.18504905417203787,1.1394327862519698,-0.13828466656443045,0.5425704614908946,-1.2667071562357062,0.3600249258625455,1.0370281259407113,0.8482364797470248,0.6042428629744249,-1.0107823977168597,1.0985212031962364,-0.7302133759517266,0.9729228278314205,0.099393952733185,-1.179634029870484,-0.5335506529209743,0.1430117748882465,0.04637437452018432,-0.13100319638662997,0.3978527613980425,1.0103415204892436,-0.3637837023656665,-0.2514397931415676,-0.5657849631228531,0.06060747213490784,0.21932958068185593,0.5214305070625727,0.6582816870988146,1.8411951824698711,0.8666465065827587,-0.8183452967832738,0.6748961436414349,-0.010310281300617277,-0.5318112228580087,0.4500531804839811,0.4368750210933732,-0.6761396103050153,-0.3699021779293178,0.029472657394404682,-0.3502751246554974,-0.12279069049641901,0.37923683688015947,0.4247493378976025,-0.07405508180227838,-0.15293492051070137,0.9114150674963636,-0.6251659197634474,-0.9003975199240627,1.227735882351712,-0.203085166354189,2.2761964466916282,-0.11218719264620985,0.9978896267641114,1.1079190419081948,1.2359641299465096,-1.2368079293079939,-0.8726946499771352,0.22948640205746682,-0.5161441240382394,-0.5033173554114163,1.1615524280806988,0.9591309057051304,-1.3221122949162898,-0.29155186401310484,-0.5995354409384731,-0.20246136957681485,0.11199361495199664,1.0448546354658539,0.004001435637950411,0.5159664584817372,0.616614118630101,0.3763463112182618,1.4686438450198436,0.7528798466583315,-0.16563848551847976,-0.04227071621424579,-0.2872326410011703,0.1634078336966611,-1.0750454321882812,1.059399509891992,-0.19799342932692968,1.3128686765498503,1.3612777091265136,-0.8217200359677179,0.33601051948772703,0.9403437843008978,0.1679985808183362
"""GSM1539090""",-1.685268412499015,-0.6310281641208981,-0.700041607878834,-0.971757847232376,-1.3819604247800719,0.513187192045775,1.608969427501762,-0.9940092116634213,1.0179037540712792,1.5753425026878252,1.2730787408400888,1.6524640920528837,-0.5669036819615269,1.6633192621483976,-0.7429190697361333,-0.7856182079211549,0.20659789061513928,1.576739647796183,-0.5870164694434095,-0.5523255641671928,-0.6486786237358928,-1.523831221851481,-0.8277854816185128,-0.4673024360986907,-0.8101654002575229,-0.7293122037056186,0.24821149293041206,1.4079158604165378,0.46195100250240384,-0.9775772319530263,-1.5038199718140315,-0.3976389333058145,0.1741473873561329,-0.6675576816822387,-1.2647947181604637,-0.32685786794979493,1.5736728910248199,-1.021363647923365,-0.8756198667237537,-1.3782614726332791,-0.42275798840690937,1.8499241258778643,-1.3915988293010646,0.13320706215193343,-0.723927766181655,-1.3278182451730776,-0.1427270900967661,-0.9502750540379555,-0.5390923241123264,-0.4801133350744765,0.5350845934803282,1.1934471927097585,-1.0288867789173006,0.5551426681981283,-0.7562288604276964,-1.1399673954392464,-0.9866071762505386,-0.19253482411041445,1.140940247275434,-0.9871276353561613,-0.4525245766536919,-1.540992177377725,0.11578609670886499,0.7709067044938002,-0.5462838557315107,0.7449174882068866,2.122123448894452,-0.42278891487099807,-0.3044949390023895,0.6438128824413599,-0.4569688561847544,-0.9615327677689601,-0.20377260974120245,-0.5973087334574184,-0.3079525003541978,-0.2709627702862036,-2.347258420273904,-0.07509135135664792,-0.9501206095284286,-0.9936892864603449,-0.5809095847714829,-0.9787792746306366,-0.5626919565812444,1.0371148700590676,-0.27613782056063274,-0.6216562070685657,-0.14647226258287133,-0.8607289932238702,-0.9914883636344102,-0.01401166225295355,-0.26305365495905403,-1.2484051661669102,-0.773954804245892,-0.9448604430391909,1.2985765679979309,0.45840013796235174,0.9317117304707475,0.32979333803710575,1.2326901833418344,-0.8193847498716235,0.681268025407501,-0.9706791076899556,-0.8031388871780266,2.2587430296129507,-0.7198670330170194,-0.31710983201683307,-0.6817429605039632,1.0977209806289705,0.9378003486250475,0.7730932849532905,0.8579391806801022,-0.8574335951469857,-0.8018608094333352,-0.5556884989957673,0.07193828411852346,1.5348493804267802,0.5224987126137484,-0.9026371925486376,0.003383230690825397,-0.11825684027941684,-0.30801914738841635,0.9905789704854007,0.3266188200332316,-0.6884482998967685,-0.12870148926868236,-0.7076976195489899,-0.12533640394057727,2.2191930085386935,-0.4256821944325028,0.40060896635032534,-2.2085902761251677,-1.3565393238097996,-0.67286857400204,0.3499449105479737,-0.1734603216660087,0.9791230840858044
"""GSM1539091""",-1.6485413518086498,-0.6748342375702739,-0.833802099978609,1.6187211393176515,-1.357253075338591,-0.41184100093886,-1.0886379939123505,-0.868152201464864,-2.504222148924685,-1.27301610837479,-1.6910249263210135,-1.0790000047805173,0.3400743281485125,-1.1942782060975519,-0.17998523618397325,0.49578324880377367,0.6309202089666537,-1.190687968077595,-0.20347143183807517,0.04967301912548579,1.1581460019057104,0.9733686302985411,0.13573413506682572,-0.12867794480728958,-0.1776720464836054,0.21099713261373493,1.1812770904646253,-0.4060279810654281,0.5827432141170832,0.3479347242354123,0.24647175911916577,0.4007156149239679,-0.04815584795319818,0.46441212410371047,0.6356909195149689,-0.7166806421903342,-1.1662459531172091,0.5871938063900788,0.5068503087532902,0.7697174828672884,1.3536854053902894,-0.8783860202373264,0.7820504939481051,-0.9030386578424872,0.371283561859866,0.9913908705796541,0.7418797961609525,-0.08256134369123835,0.029230040420746957,-0.48767154323570033,0.37069639049867137,-0.11332901654038471,0.28450167437690044,1.2381968294361574,0.0522373946362911,0.39924456837559347,0.6724753857657524,0.5320927706734716,-0.5032615517674666,-0.10942451373261687,-0.29183441304544094,0.7330575786550766,-0.9898199147392787,-1.0270107251119196,-0.4764563820221797,-0.007063874125517121,-0.9446339033148063,-0.4903134151638851,0.22959447640412434,0.4193818753505855,-0.17319992964145406,-0.0514519738335453,-0.09225523795686986,0.17244225718578113,0.3788089749931423,0.4228599767951365,-2.2449009495069827,-0.8352309122619127,-0.28463207173184046,0.0656102469318075,-0.2585810082545132,-0.2521055637893846,0.04142198517130394,0.38210243787661624,-0.16068816490641,-0.6429780991709297,-0.6537078221570807,0.2820378459028489,-0.21112414116836045,-0.4541650353432402,0.05344698010351126,0.39366647986774284,-0.39881492235361377,-0.5544914006370645,-0.5155137048832651,0.3474427898028406,0.46125538296152263,-0.5838913475084814,0.14826487651877163,-0.4129766268330714,0.6060051130993219,0.08062180593400899,0.6843014085072184,0.8417947179235372,-1.1568812189129958,-0.004873901801462653,1.2468514567423643,0.14253489334224786,0.5872598971607986,0.34928032532811726,0.2545051915121867,-1.060482977494217,0.14187071853888716,-0.4860550383834691,-1.3611246439353148,-0.07159206748968229,-0.34436571194123555,0.1689371514620539,-0.156478090644318,0.5320445532381897,0.31239527911471454,-0.275371329889,0.533925306193866,0.3263793607173909,0.22211146914460553,-0.8174964034148575,-0.7144406009948929,-1.4451086281994483,-0.046017749214572946,0.16991612552042756,-1.0162054443095077,-0.9459060167839435,-0.0378352358453617,1.1967265069596986,0.6750662699899727,0.20402769199336612
"""GSM1539092""",0.5318038054673315,-0.5887469603837406,-0.7596144708307927,-1.0552664550683188,0.441008750692795,0.703373531451831,-0.4287800892335958,1.7411271669504447,0.6819711607988762,-0.5567991217383765,1.520494645621902,-0.4162888653397468,-0.1735296901984944,-0.530374183659424,-0.4054071073151781,-0.08660120108765249,0.8180278713142503,-0.5346728505443473,-0.37028416123648905,-0.38339733811241045,-0.9542000812676653,0.35836657756029816,-0.1336473236813895,-0.6806638388669889,-0.2294735795330632,-0.3205629272728566,-0.28041342214852005,1.6465582795330482,2.664619251606785,-0.32190890946617257,-0.2330054776359025,-0.02586601225301117,2.3786629145543046,-0.13035453171874195,0.20189682239557347,-0.9715805124228429,-0.5343030811123769,-0.02546307891157481,-0.3536817024969,0.3381575726764526,-0.16612564568883714,-0.9481157687784787,0.5033183929081717,-0.7069094938063863,0.015485254198950582,0.41183509991986333,-0.48011035731682344,-0.5437383012171709,-0.13100716381550223,-0.23005980039243779,1.1394327862519698,2.7960247900377633,-0.22868011395067847,-1.5540878529745366,-0.12916004556593685,0.534923526008176,0.5326333949112587,0.040075108475689826,-0.12224349779370954,-0.25150967379642797,-0.5097758050843801,0.6457583128092323,-0.20559030976965723,0.5893935307776299,-0.37321037089734677,2.0701443739912344,0.09003284555331575,-0.1275854623293057,-0.030460497360294776,0.8467637791434058,-0.564282605370212,-0.5062792736951042,-0.45416743746636346,-0.1642806382233303,0.29040466333355075,-0.014803080091460624,0.21150407515423436,0.6608134595789782,-0.14519123146380372,0.8611719715736902,-0.16738985485531843,0.07519458036394883,-0.6186348310819936,2.2276239808547285,-0.2878170253995322,-0.7400529114236443,-0.026965016604215148,-0.34604528250999933,-0.23913313217356907,-0.2657348251907857,0.13291233214657105,-0.23982987454372362,-0.48509202128971446,-1.3050408064328627,0.9890616491032207,2.613570997827807,1.678199247519791,1.2321185993268908,1.6388595779555342,3.1358058120253434,2.244382021267153,0.00020170699940785615,0.30693081437761316,0.43473266386845605,-0.9942543372318575,-1.4798454170276907,-1.3593242677826007,3.3476905596315314,2.973794687743243,1.4432881833185782,2.1211466798162335,-1.0479505041317028,0.10994261760636931,-0.1995491223591586,0.7168499380725523,1.8357372173862618,2.0101690322419534,1.9592746287096914,-0.4507072000946666,2.0772049612158474,0.06342713591076427,1.507457628773263,1.8227262223177214,-0.35642200619144254,-0.42257107114998727,-1.3650757557133677,-0.18859553667954232,-0.32252152130352685,0.2518795853519194,0.06348978453760223,0.4832331738329114,1.412684525765848,-0.3531308308643291,-0.7036118108664107,0.059944035115645056,1.9343550876260966
"""GSM1539093""",0.6963951544936274,-0.6213487491755936,-0.6714811515215835,-1.0251993493306721,1.1786272510741356,-1.7958391469221502,-1.1253868041350679,-1.0234882396649605,0.7852884723492013,-1.0722589205282562,-1.3569552511408574,-0.9565242786422107,1.7566131895111643,-0.8770854420421899,1.8683925557952736,1.543815115348962,-0.5509981768585318,-0.8709407282057556,1.916812780994084,1.9462229832756224,-1.162597538567538,-1.2169007054845122,1.1113444402715233,2.089182223436091,0.8213745976571769,1.8505445878844766,1.709473733598088,-0.17330023849282616,-0.28477059334649235,1.4576989577454378,1.5659582034901698,1.9658245661406797,-0.38152423933573276,1.6022599275768243,-1.1872433105499958,-0.6103608626404727,-0.7526495010853163,1.16875729062487,1.0480355221479363,-0.9635443190948546,-0.5246856703008711,-0.9780643614583882,-1.1371995676735258,-0.6934950393659256,1.0845077825549607,-1.024452587022796,0.48768530201339483,1.092659186001385,1.684341687949011,2.29560560220735,0.37948089430142884,0.6881345124808861,0.9242765527352129,-0.9975064460978855,1.953943919439882,-0.8158994208948441,-0.7442573683108593,0.9965387416172784,1.001813124963082,0.9579353990107519,2.0906822471649416,-0.704226501272931,0.8461416743004525,-0.010328474339742835,2.300265147352093,-0.787533551443057,-0.6390579924203685,2.061035781701704,1.7442671074933898,0.4369176869017862,1.8969457877587983,1.4322584196592651,2.0305944513261873,1.3039470579588612,0.4228884465724669,0.9187769986130749,0.15121057609057467,0.5059664990320168,1.2874005305508656,-0.13279260399976528,1.3880888846840076,1.4375279008380741,1.900108499460653,-0.5559169562177075,0.5350044231056633,-0.6934252874558442,0.7937861159295093,1.2459284344256427,1.7207540917625725,2.150425644993434,1.9975038715753943,1.1283704376979764,1.4831416943279767,-0.7593892079601765,0.196764274197969,-0.004116343689182654,-1.2685570942904183,-1.0246038776938757,-0.7739761312690849,-0.7575140148033707,-0.24097560990334327,0.5997598570522116,0.892825669241629,-0.5544116802113209,2.1146715443566095,1.7898276382253113,1.0957989623997217,0.10434840053051014,-0.43012533259022756,-0.573528090962904,-0.3544815108366009,2.056942121786194,0.8678540273126086,2.2530835410802497,0.5029601624150241,0.1853104681411519,-0.34824205012125453,-0.5228152058442963,2.243723038139304,-0.6191768760736125,1.4208875481126684,-0.5596806957055371,-1.240945948324884,-0.07774588786551317,1.8630481233555727,-0.7659282058646144,2.0986176269900843,-0.5617161540759339,1.520856291272556,0.4660060848076698,-0.30751307678831785,-0.9033280359580415,1.2287117539543375,-0.17479004914821322,1.487723343669476,-0.28358871733491126
"""GSM1539094""",0.32024693688050654,-0.5812161225604878,-0.8481539794138453,0.964488592777914,-0.9949865426075942,0.3955664961160171,-0.1405511958330468,-0.9949484803258714,-0.5545087096227749,-0.22161411419137936,1.2042613435852294,-0.19475270690864882,0.2358243639604074,-0.056618268586172533,0.0038441388517855817,0.6819431531635273,-0.46746187702330694,-0.05619091583548236,0.02561696889497057,0.20338384515056218,1.9084225948321567,0.5918449072447316,0.38016550625017576,0.3888170133541113,0.23262835414888958,0.20179435222167247,-1.265980717726577,-0.034007619205957865,-0.5613366905261893,0.22377441689361213,0.13799384667481707,0.027701913172667396,0.11016099387191025,0.5099212997998976,0.36621356323389936,1.04298553065307,-0.11123246374017912,0.5068893372881862,0.3700315849435136,0.20654861419330744,-0.11970143027697634,-0.5171748426957901,0.4937797168240873,-0.7973721866123139,0.42577476810102644,0.452025799559736,0.5915347194926858,0.4277445036213167,0.10268432675591832,0.19639243373800555,0.5260940449182591,-0.5505344479401371,0.12146268399337723,1.199526979091219,0.27890111481437324,0.7154008443412729,0.6083883617972993,0.05158998955475492,0.27484639282752976,0.571756295428742,-0.272538570453534,0.8506622586839336,-0.55880470805017,0.5191710692579966,0.09671818428681844,-0.14011954269043614,-0.06958563789798278,0.14696722538203014,-0.29902784017232803,0.400943626101041,-0.01346425940466067,-0.05472150610152539,0.09444951904563942,-0.11116993174535772,1.0954538482260918,0.035776203437238877,1.0396162498114068,0.1514366547779071,0.42085615143480554,0.9368547102860879,0.4996536741681554,0.48577715505472097,-0.271417359453168,0.151457209912103,0.505572022767896,-0.5654761261828588,0.5929544869205685,0.13535642515564175,-0.07559804428886985,-0.5691003911002861,-0.24766675346369466,0.155673571086546,-0.25129679128481025,0.3193274844111364,0.4110786059761285,-0.6326580807008554,-0.2789838476870233,0.528865812457846,0.40263693552495805,-0.3856482658684808,0.8070129756948481,0.7481296007980698,0.45425935613657753,0.2553696714643646,-0.83951755286093,0.2018872133932283,0.4435959663432891,-0.6149168938941368,-0.8865098988438771,-0.02701237458000781,0.29087982422402253,-1.2153498012948276,0.2305976863510603,-0.11838169711781034,0.5198911108738556,0.35876662907897555,0.5980045920372131,-0.4606017180883483,-0.2212530146346866,-1.1405039201953275,0.11322594256114353,0.8890936315704178,0.043986578670258625,0.2724080854621458,0.03079944582000698,0.3285019580620533,0.17091662965215346,-0.08625791397360807,0.5551545433690251,0.7631164452641657,-1.637120062806534,0.6368268749656218,-0.07455355175761583,-0.3651637580580007,0.17290064056504312,0.5049682514479411
"""GSM1539095""",0.5202525127112992,-0.5842587468876946,-0.8220625065443514,-0.9709936417774522,-0.5114941368406191,1.1463369255899563,-0.820552511441502,0.4262935471454337,-0.3043596813414576,-0.4155870265576512,-0.6825934482239289,-0.5029052992216215,-0.4261078678856487,-0.5137802414966943,-0.5129277364530644,-0.5384134509536289,0.32806846136904894,-0.6306406321512079,-0.13825504045398604,0.0020913462799967905,-0.7360813311385892,0.11127272590077203,-0.3673359722427407,0.0069911778785545185,-0.522229192269998,0.0913388690071395,-0.6852992527921333,0.6684759529762845,-0.003435557624738193,-0.7126828396788398,-0.6932328815727844,-0.308151875843655,1.2442672054185673,-0.104242276549448,0.794685347226716,2.4134298817505306,-0.40816408573512225,-0.20380923117088032,-0.420476233476797,-0.3043701143950963,-0.1285581543031458,-0.7460853953177581,0.7014803830432987,-0.770572865587872,-0.2640150171368641,0.4792043437753241,-0.1904920714212183,-0.5921737458479157,-0.025180505752628625,-0.440137404595196,1.1053619830464603,-0.0096945805057876,-0.44647824615550413,0.5957043141696096,0.016853487161991615,0.7180133826848684,0.724724649722034,-0.2058161766180327,0.19326349227733833,-0.4634261479007769,-0.4363102690891148,0.7046238225747999,1.9206706451506872,-0.07523367554583028,-0.7392618991425329,0.5356761080926066,0.10014166485742575,-0.4816852299989525,0.16716528530722113,1.0291081655292786,-0.46814514170486626,-0.7802379181540849,-0.14882592245525728,-0.24951380963444791,-1.2567172551668477,-0.20239258365501253,-0.4275823899432397,1.9574765021838718,-0.3918744428548541,-1.1751546466796616,0.1337306244780988,-1.264986846137198,-0.581759381248453,1.0660030402024978,0.4113289689919449,-0.7590575579618596,0.40792662671900715,-0.8317891628142703,-0.7026965343386243,0.03634345399710206,-0.14730925955267113,-0.9632149640225404,-0.5650106209230736,0.20378833293091797,0.7622873223811648,-0.7685734456782861,0.6895349913811856,0.928162127604056,-0.2060936627862695,-0.5478651392882111,-0.00526275803526112,-1.0087672033159656,-1.4000458583537996,0.6108081898050525,-1.0505441889010891,0.38768191845597466,0.8745946055575244,-0.21704178030926152,-0.1585317953629564,1.0484763614346497,0.827269340231846,-0.5800428656735666,-0.6841560430371459,-0.13777106629718028,-0.8496874206586256,1.2131111970254616,0.961341626462716,-0.37730434894057846,0.2218521269203765,0.07099326405924226,-0.05791409135170077,0.8647446919759898,-0.4983481360126538,-0.4414779860307575,-0.20408739366364537,0.27662004931983475,0.27348096679131445,-0.9168002930019828,-0.18078194561605018,0.33868234283343607,-0.8053041046817936,-0.0845767424998014,-1.1618281410187419,-0.7011395872280669,0.09954476521451719,0.2323543444828182
"""GSM1539096""",0.9025289815469112,-0.6818684321303153,-0.7717997531428366,-1.0040129909036422,-1.1900317137573246,-1.8217140601946515,-1.4763366687050423,0.6828951712118599,-0.41896313598725055,-1.3192072272687205,0.9913298361450164,-1.3054877626117125,-0.5459543017606122,-1.1498949607143099,-0.5183372336787049,-0.3982505231240833,0.5093993500174281,-1.2179739565819212,-0.5792190588951307,-0.19398621723953768,-0.2835914881208431,-0.052027005183946186,-0.6201673866449169,-0.4837875633203779,-0.7500535373609356,-0.3117277312163107,1.9537012329391208,0.6684759529762845,0.9540957255259038,-0.920218895291589,-0.8992833349600907,-0.47170643150411573,1.192596662562973,-0.37520757493189894,0.6381409883136173,-0.791729845604725,-1.2999377757213177,-0.5513119289976715,-0.8443055895232978,0.021655527928050224,-0.08813821422285244,-0.7828830070325788,0.512641530934599,0.4855360854679706,-0.7068934646724944,0.4792043437753241,-0.2571468174899555,-1.344609662218912,-0.6190502612036797,-0.7273649743415047,0.9853715410823182,1.080080919637305,-0.6711884808598763,1.1339549248558864,-0.011159492908536144,1.0209292983940654,1.2214793664681716,-0.812285781805625,1.0653177580355062,-1.3784962602724973,-0.7141478296560274,0.7046238225747999,-0.7726052358409888,0.34186642012789215,-0.966106709061397,1.138134738446546,-0.1001670135047358,-0.7249161197670055,-0.2588436845759065,0.9783058164455481,-1.004663648946112,-0.9065565769369438,-0.5598928531495947,0.170301947238285,-1.3915263495933163,-0.41876608966118894,0.6828664580987374,-1.0200149913525753,-1.5034472642282928,-1.4370273248102656,-1.05726166837042,-0.6103926209658485,-0.6083258156631038,0.688632620406809,-0.9177871992881897,-0.6848005821951763,-0.5947962149238347,-0.7155516262423678,-0.8319490871447401,-0.8222556958430304,-0.09975152146097478,-0.8226698022278601,-0.5849153946861736,1.5571017236703677,0.21333344848702301,0.19461145983802663,0.3401393135879247,-0.8267902114107138,0.32378114104582584,0.914304802614695,0.7642260149009759,-0.6723954272523678,-0.9781675988866666,0.5816060261279927,-0.1830221002034118,-0.05250593667252985,0.5329004931264685,0.5763179421319041,0.22911081368624409,0.4857936835851117,0.3305461104501433,0.1353112223992409,-0.526876920168607,-0.49211914859889555,1.4273165707910043,0.4738631795313292,0.5213402718586846,-0.018473105566007147,-0.6029111111752924,0.7896329125270998,-0.5645663953594723,0.5144158102932974,-0.32003041377718777,-0.8130955753705842,-0.5302670377208307,1.4803091247918534,-0.8489828126519641,-1.534218755488933,-0.7595398766143621,0.012026508807225895,-0.05375061450554321,-1.508676901373898,-0.7844671016314705,-0.8268215765282464,-0.2949291572795483,0.6411704806323625
"""GSM1539097""",-1.6644233552807057,-0.6434670586119405,-0.8348448979264839,-0.9794504374032155,-1.5226941567298355,-0.24676249507492698,-1.3227951000626166,-0.16647462519585485,1.1099573799480207,-1.4611096552072023,0.17095165431828055,-1.5279312315664104,1.0020048545942706,-1.7222767266330599,0.8636022339330202,0.6996015424017842,-0.8298386030055815,-1.639772912100321,0.9186259106327821,1.1410688519671464,-0.3600032847769175,-1.4869276748197429,1.1310093443833302,0.7887219589323254,0.6697412329413235,1.219684859256944,1.0748944691843272,1.5897173697089209,0.5417981124802637,0.7610625927019089,0.49309488737165996,1.169672015460302,0.5848891922280385,1.073064899485283,-1.505529946635205,-0.7199688660537358,-1.5204084453262234,0.8775318095467466,0.9331249172593487,-1.4351105217699134,-0.5848734671390927,-1.293928149452338,-1.4509037707055839,1.2227232865888724,-0.31438428487779974,-1.2750015733796478,-1.1197897151766991,0.25942211770208895,1.3939008599423204,0.04815840991192533,0.8235055924290557,0.42797093448413004,0.8098848551728248,1.806658840518363,1.0371612798803418,-1.1676675322562662,-1.1160514251469904,1.8541970851376857,-2.8871106571204215,0.25731076408974773,0.20853739719563588,-1.3723608347880316,2.741790870192622,-3.4102106441936657,0.2222160150745782,1.5400747587394648,-0.79915230097874,0.4510916531766818,1.0395745033459989,0.7909728299293033,0.504676181207803,0.17126016929380794,-0.024971291327926387,1.339485037293618,-0.8172209477175595,1.6359014917799568,-2.0291369099085492,1.220229144228998,0.5174946371103843,-1.2041470292100718,1.222688054905708,0.227130325643686,0.9209157597953512,1.1481441894019597,0.9893040633618387,-0.5773682256983013,-0.2049186662617322,0.602037981823648,-0.026526853327271244,0.08326744888219577,1.6780529651365055,0.3071191458069588,-0.24992458977544676,0.9638148906918299,2.6568770130967243,0.7074549993859365,0.7744521204149258,0.7919260328113101,1.7906021246347539,0.5896587514168675,0.21997733026436656,0.9791788576075565,0.7067988849620084,2.012904948786704,-1.0527192119144455,-0.6743546037707736,-1.4069781081830595,0.11467485722095024,0.725404730575899,1.9743729941089145,1.093564769731498,-1.075688382456401,1.3876568238540266,0.1167477573020784,1.564669330860897,2.1360417041890627,1.3130191812584064,0.014001035157978988,0.07903942364651619,-0.2385342644642029,1.194458440354768,1.1739250256344647,0.5953785821207299,-0.6222623339473685,0.44474378003983417,1.0463114633492732,0.20036832871930968,-0.7342424351423589,1.2393506525508347,-0.5026249794560953,0.5085304404304624,1.5688371090313278,-0.16361789313587996,-0.47523155091779334,1.5628146779936385,0.5520723100784676
"""GSM1539098""",0.197593345177882,-0.591624270032533,-0.774715401868818,0.7577510466210962,0.9476976029561065,-1.2125038750893025,-0.9320815613229649,-0.9428352828310359,0.1718976762526202,-0.44365109206828324,0.3503143327974519,-0.5067011766333384,0.3378169303766646,-0.3653153200697855,0.6602728733085075,0.11720954908722507,-0.7849169365213029,-0.46919957909233706,0.516810211025199,0.8913606557463697,-0.9814390048956393,-1.522637829875514,0.40968500882529196,0.68574288562181,0.7908360922757829,0.8521683569020102,-0.17955708047646507,0.02248762199006493,-0.6219367965547897,0.4114626640377976,0.1887977820057586,0.535860263740567,0.10161397896247551,0.6145659515460373,-1.1620865177683999,-0.9202180699738811,-0.3682130072943695,0.6030948655332203,0.4276410955747026,-1.69670880751593,-0.21927451114883986,-0.4091269492826157,-1.6062499954241691,-0.7392922256429247,-1.0113020634043297,-1.5960173966870153,0.16601651756782773,-0.555373052127836,0.5248791898768012,0.21382617476402435,0.6225234631033092,-0.2895472869153698,0.21736366579540636,-1.244743998331609,0.6383872507707026,-1.2149393264879076,-1.228292168080905,1.0721332208509549,-0.650909024939973,-0.6994958584024078,-0.15165054943124548,-1.2333460720429814,1.1916172598564974,0.5772865827442906,0.22661708492123947,-0.2874182985144782,-0.11912431146463376,0.3818355704721962,0.519724793166627,0.5886100708520603,0.18230660889001854,-0.11254470247674121,-0.006057639162791829,0.8708134340971593,-0.634904950966177,0.8707243446479958,-0.12581067241824198,-0.9221686316438117,-0.051895796690752845,-0.8344361730735528,0.06726179870607907,0.3277355797312354,0.4288701359657009,-0.2297911012351061,0.09102142203429583,-0.49258096205724256,0.7791017389799958,0.3027467905379242,-0.35243511811821404,-0.4636129790462289,0.7770619697957422,-0.3638659694868568,-0.4561176867869028,-0.7461152048490016,-0.8095323811556212,-0.3927343374338013,-0.5521135451884963,-0.7232279016132441,-0.9931137546416071,-0.11471356197489678,-0.5620107490836349,-0.06359770739526618,-0.003422639570485929,0.5829130050908238,-0.6209268012110122,1.4035302838436428,-1.3160136322474878,-0.48355337342459054,-0.3707480558869833,-0.9331483051887629,-0.3680846586688448,-0.7621686122298768,0.7805999542153994,0.0645431068239938,0.4516579027242936,-0.6098733245840356,-0.24316065510318874,-1.2251461511342345,0.03865366314016638,-0.10841145859322758,0.6472664098721287,-1.704932690976223,-1.3733888271622163,-0.03702791243381374,0.7382169885805466,-0.7630842702854075,-0.01691172156916392,-0.1126038638889789,-0.20372895910223668,0.0596669379061548,-0.6103441044703981,-0.14711197143868787,0.63480020016685,-1.0950896434332078,0.8463903416181527,-0.48586332619583295
"""GSM1539099""",0.52365035731486,-0.6283956586516575,-0.8584853760585308,-0.9165345233789205,-1.0778477741931516,0.1492442049280457,-0.16778513138497142,-0.21075548859151194,-0.5565023454019523,0.27093318531757815,1.036123322582147,0.149225995270889,-0.7869474519245083,0.173872149218022,-0.7577028149540281,-0.6167400988222512,-0.4555843978480174,0.24924494550056597,-0.7192295499826182,-0.5977902966800869,-0.08700653659474479,0.32266062057080885,-0.9565341578504428,-1.0027272311942694,-0.9770799949151889,-0.37856394076721467,-1.0600285768408264,0.8391653020918179,-1.327769691437594,-0.7871664355339681,-0.9451507681963837,-0.9050406350756204,-0.4029871752530539,-0.7277113564179115,0.357776611534373,1.0821725991153677,0.4624985975365288,-0.8374041046272701,-0.7017460971613103,-0.022916955798859405,-0.7488328013018319,-0.19998412703300703,0.6228685830469795,0.6936830901862543,-0.9928469113277192,0.8153284560753269,-0.5500969125444359,-1.1388798662780213,-0.7801216417053398,-0.6020907271331355,-1.3569202475324056,-0.25325769268781656,-0.7100104482637284,-1.2205953595252617,-0.8830216801669718,0.43881633998963204,0.8957480533476223,-0.372575807410307,-0.4479967927379898,-0.9853606522234828,-0.6083406670047253,0.6827098589165167,1.4019203571137075,0.46372186736460336,-0.7753319164876149,0.16439059372224576,-0.07797119939458391,-0.8768010927726594,-0.6788457178056765,-1.454941146581257,-0.6885375601577136,-0.7322395965939571,-0.9399375017128873,-0.6019434599346057,-0.1789243980402136,-0.5457037995591831,-0.6261769500243616,0.1963193609360533,-1.0864603747875843,-0.4886314570834241,-1.163960171998971,-0.4710794766663943,-0.6767172539650522,-0.18268713577891937,-0.8843764577591866,-0.6831881986953204,-0.5091820526015259,-0.8542128880277143,-0.6651053940333489,-0.5596124350718084,-0.934660608395967,-0.6786454257959055,-0.6089707733140416,-1.0955811980132202,1.3068986579177697,-0.6326580807008554,-0.5313425536006965,-0.027093041942313944,0.16822355217173385,-0.33461662959995947,0.06596239511048402,-1.0240283895050597,-0.8139625502670221,-0.06558134371905734,0.7409732557631743,0.630154951505723,-0.2687576119502603,-0.485216128895285,-0.7538304130165989,-0.008845855351026688,-0.17403790128623295,0.6875041471706324,-0.5001053587941023,-0.6342450396442914,-0.8828935220278961,0.3565565742550722,-0.1497957143127833,-0.7746357230307163,-0.7512994723939219,-1.0047974318825332,-0.5047937834478468,-0.7990828041640623,-0.4784285238528678,-0.8977007169316742,-0.9653066169423123,-0.9289141558022552,-1.1199261555369049,-0.46853722083129234,-1.1175544172275738,0.3492162606658995,0.349418383984505,-0.21718736069919445,-0.7287960244717272,-0.3595026670067184,-0.8243704153552237,0.2736280645324299
"""GSM1539100""",-1.625038823098981,-0.5785795000917413,-0.8182215988903452,-0.9455150701058229,-1.0270741010463733,0.41935464464098743,-0.1983198432359991,0.011936717615897485,0.4495578085632448,-0.036857146805204445,-1.0874436695709164,-0.09371457786565306,-1.357750204678868,0.0581383455663767,-1.0487494601633978,-1.4112480582760243,-0.7097628258207239,-0.24434952738587704,-1.0213582387678068,-1.4044515850938537,0.6203191230717746,-1.3801560360548262,-1.587301410459355,-0.792804609826052,-1.2788823381764232,-1.5170770121497295,-0.3200084808331697,-0.02442935412454505,-0.8265217458174514,-1.8726860176830624,-1.3839139372757658,-1.6904964826643978,-0.2608267697147105,-1.757305600235551,-1.1245272863418694,-0.9332906332971385,-0.0695252611259214,-1.661751675712377,-1.5800642574009383,-1.112763611164038,-0.7278343085496997,-0.36205466741923525,-1.319147832045694,0.563968976845257,-1.1820481242374223,-1.6656195256790196,-1.0448386631823463,-1.4909181086495282,-1.835321161194191,-0.9988801867168898,-0.13193919021460146,-0.8597438464512751,-1.4550381539328914,0.1521458279688371,-1.6537939941927593,-1.1953793393187955,-1.2355485991436765,-2.094209671236159,1.3067672872897516,-1.20744759626477,-0.7073077263079199,-1.253548131416153,0.03139793890590712,0.7193954134501128,-0.7543445339388379,-0.06297917919760188,-0.14262764099847333,-0.5506031526331868,-1.9181322588350118,-0.22633687656586596,-1.0908077031919576,-0.9699697833126326,-1.2096376341682467,-1.8430793037085305,-0.46377554495610157,-2.0341556471878914,0.051577086272263956,-0.3827535026955144,-1.4516567204350184,-0.9465899451675911,-1.4517709107099441,0.3950048753830321,-1.1786366008492588,-0.34608740157042284,-1.210041754483515,-0.647393035553224,-0.7514050225546247,-1.6172296374381028,-0.9144166381720831,-0.8595586304060877,-1.3241111029296375,-1.1885945222853929,-0.6248600063088553,-0.17947698341479118,-0.2519907306919339,-1.1049170888553392,-0.9342102659122646,-0.2658261326732579,-0.7297082208239922,-0.6834543667125594,-1.0609165873222948,-1.6223994690124905,-2.1592462301855044,-0.6753873314522071,0.03756593186464028,-0.5375450107224037,1.134395396380983,-0.9438000144164342,-1.0782503946126882,-0.49359273654598423,-0.8381304446965834,0.7370324051499288,-1.1508510781276013,-0.9361147832778536,-0.1102502401473865,-0.6166295597779793,-0.6821913346253081,-0.7325509626412701,-0.9182661272849526,-1.1405039201953275,-2.1037198337925855,-1.1587726241178546,-0.859167535443099,-0.9339209357415695,-1.6454349561717032,-0.1289297737859232,-0.9213284102733577,-0.5360815651132658,-1.034023938258194,-0.13441798768893407,0.04807049180827481,-0.49980170571369564,-0.7771606317945892,-1.7156692982316901,-2.2011599023015482,-0.8253111997908924
"""GSM1539101""",-1.6803800966793536,1.395416202875908,-0.7863233400186499,0.9043693513039581,0.5290740548454553,-0.6930914712828516,-1.3315171665246945,-0.7983932111626733,-0.7404071619308256,-1.7970647999599412,-1.7881364216024378,-1.5733201456095007,0.05177196015608799,-1.6672272202256813,-0.236178198101473,-0.047071566664552124,0.3689296996711816,-1.3738182172599933,-0.4717502756323474,0.0795266815581577,-0.8566837045916627,0.870496067223341,0.3511187923764832,-0.1944675745801543,-0.270181617701965,0.04106295286931209,-1.3970863102287567,-0.8297287426202796,-1.263392345686796,-0.22711355869537936,-0.25483356648999184,-0.3943704478908211,-1.7490935514883803,0.1975664400923255,0.8186451429508923,-0.9271370507777614,-1.8406583199936783,0.19014897724245386,0.3849149056214239,0.5442381443382224,1.488384683015918,-1.1803762424205437,0.8986881730933457,-0.697796802861953,-0.21872715840639986,0.8275957189509658,0.9656160589259202,-0.5347820759642623,-0.29222586663017047,-0.48434331219250387,0.10462997691159125,-1.4360362617425777,0.046038600162461515,0.6848259123771145,-0.3485084496079824,1.1172074236920424,0.8717521878450254,0.5687778582913542,0.2926768518000357,-0.5866683337698713,-0.5450072928362144,0.9565335462055317,-0.28061403417393477,0.44022517484912355,-0.633291003848803,-1.7219467623075653,-0.7826001270596152,-0.2564916308213944,-0.34574100298173643,0.026785906395983668,-0.2394999326977003,-0.42731756281580885,-0.8196185071811908,0.2782221677499362,-0.3299116919313657,0.5234756715184382,-1.5306528177246623,-1.3461457181780159,-0.7088458285453004,-0.8693173913436867,-0.691828779167004,-1.075447493227634,-0.29544245051829415,-1.3093160909901314,0.04822201466658758,-0.6394428807693043,-1.3159027059811945,-0.1463075925088585,-0.563807167028499,-0.4067143974017717,-0.5319426751915414,-0.047100903646203486,-0.4875572820907444,-0.9120432764438414,-0.9773117918102082,-1.1806719660988991,-1.1750371695424966,-1.2955280166182657,-1.4460266274684361,-1.1772711263868,-1.2092565527725976,0.2948886879699886,0.28759480210179356,-1.3017662105237398,-0.7992290551499327,-1.5223961211061705,1.174642741184575,-1.2410908488300514,-1.4530022424856057,-1.020412655752583,-1.6662990092958256,-0.9305509031526237,0.05728965689577263,-0.6387911244200536,-0.8494446765726241,-0.9573970970729624,-1.7877087336676123,-1.3904629758673164,-0.5222763708515946,-1.1817256091855295,0.09347816023239283,-1.3848380850591044,-1.2618638284198762,1.1637484554156083,-0.40547189871365596,-0.9922410922929484,-0.44536129996171614,-1.2734725864843703,-0.25045624330849214,0.8621473147983707,-0.207119666249574,-1.2134489369788333,-0.37303998487801787,1.3160789586543444,0.1328513803450693,-1.072958678651798
"""GSM1539102""",-1.6811998906404,1.7377832216983142,-0.8106264823740394,1.876433665142913,-0.03569817552669922,0.6063359591849713,1.372720331874119,-0.15006352420712768,-2.5039453613363754,1.170387574020333,-0.9312173990889928,1.2894657534906815,-0.9695295127898326,1.4234836412997558,-1.0272459457372842,-0.6774984095103763,-0.14632784891570558,1.2654810130332836,-0.6549198395631504,-1.3958953440627624,-0.9106623262858425,-0.36636480660020343,-1.2566188579396311,-0.8652789131861531,-1.0784745687368522,-1.364206055632157,-0.6334265264821763,-0.9736472524094687,-0.663331016267712,-0.9111966106441357,-0.6483581051858606,-1.4454184588484724,-0.09190890796181225,-1.265497807778131,-0.8719059138683373,1.4900371642962935,1.3078255302059336,-1.1061507771990498,-0.9339573069792688,0.17312210116364343,0.14388096526479435,1.0925506369417137,-0.6442574065039827,-0.6108688363424623,-0.314906203545581,-0.6374690174653095,-1.0369694453687772,-0.6724389894232621,-1.4749049017697065,-1.170804860747154,0.10462997691159125,0.19372836626456372,-1.144644691687018,0.7996120600397534,-1.261615655879316,-0.8549487883093466,-1.0028449726375614,-1.6697148540259448,1.1588965910772622,-0.9720247650675985,-0.6346916216500295,-0.6802040464730806,-0.8008942497135144,0.37620573947159686,-1.3270351465940744,0.4863299620912596,2.2059433386717027,-0.9742520223608223,-1.2360873752850305,0.11083762433804888,-1.0540634659216364,-0.6274151448747447,-0.7853544313159725,-1.7252285931890274,0.1802335180059839,-1.9758716127398444,0.14662884187279318,0.7265256780894228,-0.8198944282433702,-0.06855849843362843,-1.2925672495389808,-1.5818729274489371,-1.0481780304830413,0.22012602264218745,-0.9135268855026417,-0.5952443115482274,-0.7343685301240206,-1.3609087588139699,-0.6690477155275035,-0.5805736284357218,-1.171366439680702,-0.27902404216239796,-0.45259765577654965,1.0294713137954397,-0.2401036500999264,0.12470293606528722,0.7203886105211885,0.8977550761651597,0.17368487937987542,-0.020986957160533486,0.263798707690012,-1.2433110210777185,-0.8673857381405252,-0.25661148415457125,0.3199443008849058,-1.170834380665157,-0.0918822626724155,0.24809882756284934,-0.39263811280994704,0.07803139658789508,-0.42710691789162464,0.8780354745038899,-1.3091872545305834,-0.6498668220414503,-0.5722532989348714,0.8130596901992695,-0.370359326885418,0.5513206862167228,-0.7973883453799993,0.23552215179304328,-1.7487942780748478,0.655261296719889,0.5899598137605756,-0.1818741334864754,-1.8519666528114944,1.3572317599465913,-1.2727727682036127,1.0653138183185777,-1.126412340007523,1.0601153500197902,2.0021685502292246,0.25158281947674144,-1.3978549501384243,1.1104578987377143,-1.7361788092681492,0.40178025270262324
"""GSM1539103""",0.7905891312533389,1.628898171500368,-0.78884073286578,0.9529855292884665,0.599208770887166,1.4346440023347995,-0.27708885041182874,1.0373836737385318,-0.23673844031750885,-0.07064606090135257,1.539870699836733,-0.16621152762086386,-0.24983932318840799,-0.10334247631192112,-0.485669460956163,-0.2141759989149935,-0.13712375473219074,-0.09938387729371612,-0.5596108814170807,-0.37499972656787056,-0.8675048081677891,-0.8171259291087576,-0.5270272633841908,-0.019801561343190763,-0.5901787076779813,-0.41553420030122834,-0.8027566692169193,1.7572064044125657,1.3058820664042399,-0.10411389201870888,0.13324805252774408,-0.21466456401966963,1.103713381174506,-0.13035453171874195,-0.8960792888405735,-0.2459095213363566,-0.08188986723957487,-0.2916537097320052,-0.15661069348302792,-0.8462891141068135,-0.8766367868510867,-0.7994546774952256,-0.8541202099909577,-0.7614680750764009,0.0795087468355363,-0.8975194154458715,-1.478020857023937,-0.4407648954635883,-0.07560619457686027,-0.8268435476114674,1.1053619830464603,1.8175979034603957,0.059538331910105755,-1.222449189083641,-0.31410838862072504,-0.6771403883618459,-0.864943187789748,-0.21966180766495924,0.4016699554234354,-0.39435497006795295,-0.5417033799658454,-0.9070619846503736,1.3113390315431481,0.7401943890551499,-0.8319460055911289,1.1143836246000207,-0.5107087830044085,-0.22437840435123846,-0.005504314836046765,0.9388039519099384,-0.47569939538310146,-0.4907273997964574,-0.4592934919851915,-0.24951380963444791,-0.850114492703285,0.08369555881554856,0.9197847119658535,0.9186024557566967,-0.6869044346502055,-0.3915462617166019,-0.46035016048315935,-0.49898237122494393,-0.3264050401907346,1.2322593865687195,0.22840060527996292,-0.6824660812682946,-0.7847270405332468,-0.22530848309213733,-0.5333769424535308,-0.19950038228653472,-0.12268769375823937,-0.18378744487054868,-0.7594936646412032,1.183715763367625,1.2522008865581038,1.3929857525112297,1.4367263152178822,0.7176690525741036,1.0416532609790001,-0.051398335176384424,1.3206495558954527,-0.1653669051986783,0.17966397183470295,0.7752628598616769,-1.2718557206451162,-1.4022957380397754,-0.6380067053057292,2.200447818773852,1.6817336769147535,1.097899962693277,1.3354915899719135,-1.3443853472509237,-0.6419343846884699,-0.10036076815973337,0.7608776078717095,0.8484876413626242,0.8753346311700917,0.7878465127026085,-0.23642305543790326,1.0444598249657817,-0.005173008655227113,0.9378499620553143,1.0146194065470955,-0.881705712228495,-0.6215679636757759,1.145921373574865,-0.7561006043916039,-1.086774013574011,-0.13585268678945178,1.8638317627319638,0.8651867656878036,-0.8356786484102269,-1.1406865077130834,-0.5333273341948344,0.059944035115645056,1.619848578481263
"""GSM1539104""",0.5131990280498614,1.6358127841116348,1.1665717213264464,1.5548398639215906,-0.5978708557946881,0.6063359591849713,-0.9144250272940936,-0.9845885367578164,-2.461411383836513,-1.1200066688068986,-0.34047979592595523,-1.13308879902946,-0.8512505762365244,-1.336966650477636,-0.9668695777742167,-0.929594466571883,-0.3918887382042621,-0.918130942343388,-0.7985050280819376,-1.2255023369604772,0.36429310337752635,-0.9632386958513989,-0.8871722163591567,-1.111446839934638,-0.8218932355842216,-1.100843007373741,-0.6549739497339979,-0.029819673202855054,0.3932233431708803,-0.5274380916202537,-0.6827809701597435,-1.049640785255647,-0.4847232729692802,-1.0710113122067657,-1.1656631112790123,0.6183576386039991,-1.1999756296855277,-1.0314448153234603,-1.1389093213627162,-0.9657452504526068,-0.7549342397060006,-1.1687780954891942,-1.2262410292650125,-0.5417872235959569,-0.8832439964484927,-1.1445606628885376,-1.5875499871997525,-0.9486239964109774,-1.1230325596008897,-1.1309840407290592,1.0769302877932705,0.041956336374801825,-0.7645485740764557,1.1807957864062164,-1.436051590888618,-1.182884550433011,-1.318631506949615,-0.7854021264981653,0.10093809255985602,-0.970613001428203,-0.7503735837183791,-1.0219912733681513,-0.67913354021062,0.11009912650830685,-0.918140528778169,0.7624156956836631,0.16870173178404238,-0.6890114329624702,-0.9419950772761011,0.9388039519099384,-0.9562295842642464,-0.7929402532164069,-0.9063216293709723,-1.1734518780846523,-0.09910413036123876,-0.8338223311074107,0.2900739348510226,-0.9684923059426553,-1.0720781096779977,-1.2293795223946167,-1.1566743579911682,-0.5055231747233878,-0.5586929271779464,0.3308869268517469,-0.9689449907738774,0.5506809565143628,0.49880691208070616,-0.2841804819124293,-0.4468769227408222,-0.8159284007607732,-1.0387187811645955,-0.826019379413271,-0.5918898488611771,-0.23230331540113888,-0.6494403598387202,0.5901540120948611,0.26437156466183287,-0.2817081780287214,-0.08599376692934871,0.1819869209254871,0.5815895285774485,-0.1183855836160968,-0.6611665359617807,0.4697385974252015,-0.9985635352490294,-0.2425082283634306,-0.5450599957246867,0.22006307030893724,0.1776554722527605,0.15355853565118227,0.597155275247216,-1.0711724594649399,-0.9177727975491576,-0.8399918426131613,-1.0723048539320246,-0.06220594757900834,0.14224007594941904,0.3353278621698446,-1.2934581500520046,0.15760609708642606,-0.7676218326517038,-1.36185856588899,0.3694465786198548,-0.7223352830681682,-1.0171562044463385,-0.05998080457978084,-1.4497432613039243,-1.0192989991931192,-1.0515038727451669,0.6822433374382392,1.170923986411874,-0.3552233637910456,-0.8232986242541726,-1.0363861791380575,-0.9877409398385831,0.18804449462325196
"""GSM1539105""",0.5710156810564692,-0.6161144815283064,1.27357133288248,1.3281904888812364,0.23158061800082944,1.4782289337905536,1.6030181558479342,0.7640826708062954,-0.291390013690524,1.1305852988881686,0.7982374330861086,1.1300970602583615,-0.1764673069591241,1.0745305594823855,-0.9214084981136816,-0.2271253190626486,0.22873369351752224,1.0814601035390896,-0.5778494132184405,-0.6772486459231588,-0.42787667835916476,1.1609858845165957,0.057308971768495184,-0.35673614910306517,-0.6399155518554741,-0.6469453634611653,1.7806453074155864,0.3634116218067365,0.9086286332914598,0.07312323787555754,-0.152843495038919,-0.6762376146337246,0.4349512093278046,-0.45140423692268633,0.9405205964394712,1.3462174237658566,1.1409318187934951,-0.1325387090358019,-0.08910196464869996,1.6038760768069222,-0.952319965457206,1.161989505837406,1.0477223201915673,-0.764590320962139,0.9152947310019176,1.1088545454855154,-1.070103827049943,0.33064297883791716,-0.4899115632318337,-0.6545665557265109,0.6771225198098741,0.7425639308365092,-0.3460359992233904,0.47164486577843306,-0.23286798991129493,0.8822671823381224,0.6984576916759547,-0.6878174288029624,-2.4027542876103087,-0.08849522140620895,-0.6235027850303706,0.7719861227692875,-0.4646750751923227,-0.007812973907493467,-0.29004415929081706,0.8481815595916689,0.25702193779785876,-0.35573581425493916,-0.19397937789632122,0.7007308119204559,-0.5189555092929246,-0.21582094960071818,-0.18901091425958194,-0.46103492534558393,0.00178187342371591,-0.4573389391633699,0.4840887490620642,0.44565091194715095,-0.25072877373295094,-0.06960503655520424,-0.16437144058630646,-0.6597947241502965,-0.5292635891706058,0.6462969986169221,0.1201122178360455,1.4138461714680723,0.7070046638972647,-0.4152489174218755,-0.3406694799748368,-0.01734479986357571,-0.3516700981827587,-0.06906220002271234,-0.09464519014589491,-0.3597692309857635,-0.3283742725897893,0.37364386986487186,0.34643738260827656,0.8106649383803722,0.07077178728308446,0.499474299633658,0.6537576336231303,0.24467439289187398,0.2949170288975423,-0.6146594384807382,0.5236407161346442,0.18208137515359127,-0.7393960316261793,0.6059782780515449,0.41792011527888673,0.1870565894007041,0.37619001704625266,0.39282357487632785,-0.7999783451550456,-0.47194548744272213,0.6788955272477801,0.5955400567583876,0.1715939796354333,1.4468164332193625,0.3152448652522537,0.35099865704484084,-0.31477443968541374,0.0572690801591615,1.5971596145494382,-0.9054454742125414,-0.2190011477032069,-0.3220055557837393,0.3642022837182846,-0.2603755741656391,-0.30745871754813914,-0.7590460810878669,-1.3949242912572006,1.7250366339860492,-0.5732425531680693,-1.1841775075297993,-0.29259542128788796,0.4090279384421375
"""GSM1539106""",0.6137683936797432,1.9846831518578099,1.2289684324494652,1.3937476496442198,-0.7269193131709625,0.7971431515968903,-1.3718571999534026,0.7702532114840963,-2.6200367536042957,-1.589547524183939,0.3991066326382441,-1.6592771270128144,-1.2764457102656437,-1.5400692260019626,-0.9289482896408293,-1.5473481740162465,-0.21175997958430892,-1.4346350783328323,-0.7776447288416097,-1.2121272593973007,-0.6466241054770178,0.7074327768318502,-1.44451508615413,-1.1925141560001686,-1.2037961475856238,-1.2365996901514407,-0.28388250565427037,-0.6892001617851047,-1.2414825930865752,-1.9391771090740677,-1.6898133552147387,-1.2934891517619673,-0.8867875668628278,-1.6271893445585761,0.7865131865657364,0.4866405364840531,-1.481636092021483,-1.5115265575714956,-1.437021636250599,-0.07342459589609435,0.5431227534484865,-1.014517446075394,1.1053390861781205,-0.7733662622558578,-1.8574137929256163,1.157468617965416,-0.5149510035801793,-1.2619555842335408,-1.2834572358844623,-1.2163931572982567,-0.7988089737646766,-1.1005165875378922,-1.6100631099699978,1.504343947991073,-1.4887834792166432,0.8985088864882815,1.4967174924915398,-1.39171287687164,0.6925476903354396,-1.2727157995065244,-0.6088911166479205,1.0857909756816746,-1.0010050319043713,-2.909158654363411,-1.2817059077543675,-0.4011697323401778,-1.0249248533119972,-0.7755356123580817,-1.3659940757688538,-0.9493076117655889,-0.8132331502513443,-0.8640242679265951,-0.9463622764444062,-1.1332444758578362,-0.9054144333736662,-1.384039876309642,-0.4215990553555517,-0.44930754297752185,-1.3347290268059042,-1.4423398085416173,-1.3455058350763636,-1.4322959664863002,-0.8158144955066803,-0.33931409975850885,-1.2197318093903944,0.26490162606318185,0.6343617337652571,-1.6029763992612003,-0.9004681468875579,-0.6325310448510467,-1.4763002091305977,-1.5999282497138578,-0.6013971944399468,1.0875807067437946,-0.3837385312515944,-0.7787011768312305,0.5440129342763901,-0.731809756659787,-0.07982934275109473,-0.29879813141252326,-0.6096723409874845,-1.764397736979834,-2.087453435123899,-0.003632497507376443,-0.004143352623557955,-0.4175544052996321,0.16646711767637953,-1.024488798029132,-0.6275226397930078,-0.6024029919533246,-0.7302504678027443,0.7049909628357799,-1.047309568708696,-0.7107460659221332,-0.8250260367945976,-0.054489957505756366,-0.21622936079010538,-1.3979365681299019,-0.9787978229063938,-1.0901806567606556,-1.5158597200324897,-0.1512789536698459,-0.7338076039478209,-0.2321549656703672,-1.1050313239269283,1.1616519835863959,-1.1392308196857195,-1.704674349246594,-1.5445657517329567,1.1494515624974029,0.694493410627469,-1.5449997709157464,-1.4718957844047107,0.5921582197734794,-1.6409319432144982,-0.3937101157711794
"""GSM1539107""",-1.6510318950547966,1.666132859608263,1.031015210502336,0.9276950013909268,0.7717065256802301,0.4414645618190978,1.4635241434389772,-1.1050583547206125,0.594940074117152,1.1673203388742064,1.1193746869545733,1.0707023024554527,-0.1415829107389863,1.1283895198637688,-0.3677202595920759,-0.39546261788594955,0.32596522272933454,1.1331617030138674,-0.2368116754330189,-0.15897414650086553,-0.910086114527978,-1.0505903240817944,0.4619973692685207,-0.04094473740012643,0.10165365019902921,-0.29926360708802763,-0.8838187151805852,-0.020665485583011754,-0.3908028705430827,0.26711937034602445,0.2676820890922852,-0.20363184321464287,-0.03889131011964592,-0.17086600756105366,-0.7615964370992189,-0.7752119631694461,0.8999308415266668,0.3222913263684599,0.39529827756991165,-0.8865089990133179,0.1240855786543486,1.458412414227726,-0.9854307381688293,-0.7093773902249064,0.5897988777793458,-1.1750854476572326,0.35934242478792716,0.683688768234777,-0.07560619457686027,-0.2185490344008904,0.9432813345449568,-0.13954544154181328,0.36039468456635504,-1.6426060694633071,0.038054783628736245,-0.8474867455325161,-1.2736137220796082,0.1826852744487171,0.8735578269001208,0.5475463644051103,-0.7015219924570673,-1.0534879948083065,1.5904931888118825,0.1926723592632727,-0.3119013901536449,-1.1936584825772303,0.6362246959010894,-0.36568831289010684,0.07473677670023499,0.9163802373725244,-0.2227885552870377,-0.665266559228688,-0.4775461669432799,-0.3437592405540081,0.14120544985547692,0.2548511096426412,-1.5246688892920173,1.6927541098721484,0.46693953261470844,0.307533913229748,0.25924018244180563,-0.19727055779470726,-0.6586517517291117,-0.06611606516114049,-0.7719686626604293,-0.1963802543936099,0.8278821879393139,0.056525938128639173,-0.34299633760120124,-0.48592223136107066,-0.14866303071690545,-0.35455799637091684,-0.26067912855285835,-0.31814910849536104,-0.0374835368692463,-0.8015441507719705,0.19329960709704733,1.6544813663474498,-0.7534811927576872,0.6317403511165569,-0.14588075578236256,0.6030915425939983,0.32545449031623525,0.9885248075243915,-0.9274203848885585,-0.5906318135279728,-0.5489906780111686,-0.5161441240382394,-0.057932454309971175,0.4167714482930831,0.4619062508368652,-1.0062786001340451,-0.20495690398398467,-0.5501847861116484,0.17757781906849182,-0.3592905506558258,0.34620713562422795,-0.4532968755014615,0.2538011403765881,-0.6784470845413083,0.15221090490200365,0.9519715535815176,-0.6052751771299383,-0.48603980989116863,-0.22899732751720095,-0.3134510779220554,0.17625549076780436,-0.08338189192670226,0.7279449932363283,-1.5001996650505216,0.4074995030309087,0.8351960283684422,-0.4490085077833443,-0.7346610078299898,0.3601274283596788,-0.012036321888908559
"""GSM1539108""",0.5166187087083368,1.5958049930210456,1.2706513572029061,1.547445823155442,-0.556939365807998,0.005025333560886136,0.25595511583904446,-1.028385591848612,-1.0508224361537817,0.18215439975727352,-0.46788952514458976,0.3123444264358644,-0.25675769150591204,0.1582589937128175,-0.683132426041041,-0.33259233506834707,-0.6166037539696895,0.40429787706987275,-0.7584699058730251,-0.9775301062128657,-1.0551299743778826,-0.7085300824039181,-0.131134590309023,-0.41849891690115,-0.4640529299495586,-0.738041457181265,2.434105717448626,-1.1551349863767,-0.6304601492765918,-0.06541815566387976,-0.058842312541573925,-0.7285651753296832,-0.5034307660208976,-0.6887970556561726,-0.9300863192997629,-0.8019002744021239,0.2659311604241903,-0.17363268710259508,-0.3558614116706667,-0.29445390219432493,-0.19659887732879605,-0.18649558039795722,-0.9789946085857798,-0.7118977623377853,0.5102395878707467,-1.0285775618898392,-0.7489327213565885,-0.4018456942227363,-0.5485625116603945,-0.813042587419066,-3.115604299254797,0.06562627396400823,-0.004393052760455224,0.6597612684604439,-0.6884354801157428,-1.0902292972776866,-1.3742284870149237,-0.5206662736985086,-0.32945226589643345,-0.46528053297406224,-0.44844660060121927,-1.1621142329002379,-0.8847685776173175,1.2560376592656817,-0.7402429669612591,0.27616512688796546,-0.9672518635192884,-0.6927604010405763,-0.6754624029593288,-2.732308956689766,-0.8952240453001925,-0.30361629852153393,-0.6369108273605881,-0.7561355845805147,1.3506748268271815,-0.3577588972704905,0.24104678335134647,0.3322089765039198,-0.753230403953082,0.4006105435154099,-1.1159551306442217,-0.9246797366104356,-0.6383034714244464,-0.1613037876396583,-0.0835110089695959,0.5733316062103491,-1.427912441844961,-0.37343573029133575,-0.23019171545707434,-0.5263683999784187,-0.6549386619353491,0.2185132767503495,-0.451013866567916,1.0159192839361746,0.03135209316034871,-0.5334009696331206,-0.22444509600844167,0.22691952997341694,0.20902647645770658,-1.2029165682517506,0.12542658820081662,0.024339309981020508,0.006697966281419295,0.5585428953505001,0.7924306647455777,-0.3295889012283517,0.5942862993392505,0.3980969817135195,-0.7895162919150428,0.02435288757352635,-0.15072128894104825,0.5379400968940642,-0.6358210909858416,-0.5987772676357097,-0.5753203275199724,0.0736119222374217,-0.5015238809306469,0.6797697172265683,-1.2370608327602424,-0.7875719305712598,-0.74538696495726,-0.24200921546789775,1.305537293714359,-0.35968553298056427,-0.8950488815700343,0.8461697269344345,-1.066083382990661,-0.87385812581487,-0.3619042626758197,-0.4580466357523343,0.6220497369622189,1.1501528222827138,-0.6578549243956706,-0.39982516105433663,-0.6976678993847703,0.12798239929615796
"""GSM1539109""",0.8304918268561654,1.3037450155654233,1.0262070666036343,0.3076919982807242,-1.2299199133521395,-0.3214281413953924,0.8385554025474982,-0.28432539111628685,-0.7590571186538891,0.8796473212666597,0.9499793919910297,0.6963562554034913,-0.555880662810664,0.7537319807117403,-0.8892756814540602,-0.9143340547666551,0.17213794430224658,1.0332267812000882,-0.5321792549954134,-0.8275331605703272,-0.48378128088495687,-1.707499635644656,-1.7632022576500666,-1.2661333061530613,-1.0118704915524106,-0.7071551134896825,-0.5873390630901936,-0.31541560672223007,0.6376150431924669,-0.8300502665219601,-0.877231402590805,-0.045348938760603426,-0.23678724143842214,-1.0800028450883823,-1.642257842265349,0.9818450610356502,0.8431871406681842,-0.9593601422476592,-1.4110646416320942,-1.220333766149039,-0.46739278468611856,1.1507016358839364,-1.4150365597299324,0.16538608447553899,-1.242344288053969,-1.4495333539570157,-0.8983602351054565,-0.5094657725024814,-0.6638661503864228,-0.5267318197813443,0.6961626173941173,1.4328133207377431,-0.8530511099624958,0.5070209675043318,-1.0271248838665417,-1.5534976728055951,-0.9111769116379952,-0.8213377295532234,-0.10134762000483488,-1.0072596913586,-0.5548755654349073,-1.7794427515133802,-0.05314377838564092,0.8318233528338114,-1.2867800492761565,0.015060754989462256,0.7888848890705341,-0.9999800267200096,-0.06991031952412441,0.8467637791434058,-0.2909874110717966,-1.0229396874149292,-1.0345745777891115,-0.22857090707487773,-0.47455972732436125,-0.6130384412170182,0.2571382388362254,0.3330493786678575,-0.4433461224222643,-0.8518302116499926,-0.9889740572342004,-0.4502834078684701,-0.4205490161186374,0.24164811713797976,-0.3670981277573871,0.359117880470079,-1.310671466110019,-0.6681051090041359,-0.9943793580044444,-0.3787463269742698,-0.8030173373832327,-0.6800573914707742,-0.1282084295577544,1.8375612708261406,0.48100789618003775,0.8727188539374546,-0.03309713416882421,0.10513826824010868,0.9444840857660921,1.6877821188622188,0.47716540425830734,-1.4285736130440667,-0.25864304966357404,1.6765748446624005,-0.7130636341152895,-0.04716974314576389,-0.30042731758496277,0.5053470616007287,0.497422717664154,1.0599387567955947,0.38840710507409953,-0.8567967726737948,-1.5084246683728744,-0.9171674673838652,-0.6281297554123367,0.4627211216568174,-0.29867832900809815,-0.3689095530006413,-0.6391155058972909,0.3635385805333477,-0.6468635528443768,0.9267600977665633,0.4750731890009424,-1.1786788814424058,0.0030461419301627555,1.7496274554916746,-0.17579415687358543,0.3797175037806916,-1.6035872480787672,0.6452124129204151,1.3727702582160928,-0.6456768438206117,-0.4021678401897729,-0.5024478358518083,-0.2622004013672307,-0.3161309403425329
"""GSM1539110""",0.44816260472924113,-0.6714919815948955,1.215293736856026,-0.9365982839395809,1.2503680739658074,0.13775906460011814,-0.24196874145856573,1.9801457303975083,1.2755005138136433,-0.3080277308717693,-0.8240351879239801,-0.31884168688339337,-1.1017659866559062,-0.3582908841514739,-0.8257077332428,-1.259438685869702,0.1962427855014203,-0.16390849080885805,-0.9465334600131969,-0.8900935528246229,2.0014017798920984,-1.4500633247535606,-0.8827293145275927,-1.088464546411858,-0.8790953525641124,-0.9206970296519373,-0.25249657254931823,1.0182522709437578,1.010604729979471,-0.997659222992362,-0.9827313011083473,-0.9050406350756204,1.1131453565444878,-1.1854282014575728,-1.3360942209903353,1.4769317778517346,-0.18498965933423278,-0.9960860160525044,-1.323484502319122,-1.1723178945641686,-0.6150430996982392,-0.3145604647770251,-1.705276156453716,1.3161278766041498,-0.7115453475902199,-1.6299298727718088,-0.6370268707583953,-0.9056727466937144,-0.9000068454427939,-0.7067726192169048,0.613585412656861,0.7268035069666177,-0.722924583181132,0.4686727394991447,-0.5884884166961076,-1.589459469119062,-1.415851007789069,-1.1848814269153567,0.24072267280900161,-0.943204318990763,-0.5819345953120338,-1.4379343750512876,-1.0250198380786086,0.4524249794931635,-0.7101782291742328,0.9078508824150108,-0.6226095984598016,-0.7466429235372464,-0.8149017834101457,0.7007308119204559,-0.8019705743514549,-0.709869048384729,-0.8378388043403535,-0.9280853334533091,-0.5808786310179269,-1.1565337203384867,0.3183517108657749,-0.18392463609730883,-0.7079022338110702,0.11924668634651542,-0.9895874557700446,0.29762585916131906,-0.6188480896719013,0.9452369948772731,-1.2575406683719053,0.6520004869621365,-0.34372813608102326,-1.0210780784203672,-0.985773823338534,-0.9914039124320361,-0.8577876650384532,-0.7644258683403021,-0.6907118273336463,0.4501771428124545,1.1615675114294035,1.289991894661567,0.6001623254733152,0.5648517168234196,1.2586606480451403,-0.1566478234762986,1.1101615109598788,-0.4291943488844581,-0.38917374429148976,0.23041408169592142,0.3278444111699201,-0.986909782349352,0.19810929516154047,0.2982162359417888,1.2866001604802315,0.5953547517720651,0.6797762138911759,0.5098212731340964,-1.0321961984949921,-0.8733478454573455,0.33819805491149835,1.1838950533464765,1.3702911393788453,0.4615637074864416,-1.0861390020287494,1.0060175798562843,-0.9458201941645002,0.3805987278175987,0.6845625402649409,-1.1122191057734105,-1.2545561020727243,0.3913401503344852,-0.6803855054793385,-1.140513469822489,-0.7103582726292951,0.24249648747314198,-1.8782202247769224,0.679421315405525,-0.9818813371793703,-0.46798426242479507,-0.7309341518082272,0.514906336725805
"""GSM1539111""",-1.6586336333118328,-0.6370910285409955,1.307737013372056,-0.9492887394963971,0.2743038474351174,-1.3438999501986024,-0.22366260343146843,-1.0274858489895544,0.853449118605966,0.22661300560314165,-1.044488383799252,0.15697921335160145,-1.192497980085913,0.388034965956017,-0.7397917492213718,-1.4918912901255865,2.84544972369413,0.3692848711934446,-0.8006878492099341,-0.9769530442735389,-1.0245346138210916,-1.4533824081464086,-1.2781204199394782,-0.8399797097604352,-1.0693231595042165,-0.6722729215960073,-1.2316968315678347,-0.5839035409488091,-1.3057432414950982,-1.0899144198469075,-1.1304901760035735,-0.8286220729171188,-0.5399512897182962,-1.3000565539600455,-1.2827637897218473,-0.7559883630350942,0.374725893987944,-1.2745312011578485,-1.3098247584242313,-1.3265684412637353,3.4140792634121073,0.3581571253179769,-1.260432497991342,0.9138896928135248,-1.3488730469089762,-1.3016288789080592,2.3598139884601443,-1.2353577857559168,-1.042874501682657,-1.0489625405771648,0.7571582990688777,-0.5623430676915266,-1.4964150764236186,0.9474523859196712,-0.9004475937461134,-1.112428993137866,-0.7953133227796646,-0.9075288276649124,1.417964391961589,-1.2681446473647162,-0.5571813996610092,-1.243510236013725,-0.6687706256654959,0.4258932814643577,-1.0152428483510774,-1.0693883434928058,-0.259153089747876,-0.8115796892836432,-0.8826789054942638,1.0103415204892436,-0.6921760714653394,-0.5785814530973235,-0.3319550878294297,-0.4238008891164704,-0.9824645979265577,-1.1639423598364433,0.5343859897984196,-2.1047853456312704,-1.4402173792411772,-1.5587658826551942,-1.5252493658967479,-2.1911578378370704,-0.6171539199694899,-0.3916721144899873,-1.2454006372156086,0.19863405051667363,0.08835618916398287,-1.0185100772215476,-0.922097126963702,-0.18806592640333805,-1.0111547189730705,-1.6579755891644599,-0.6884610612278385,-0.8336538033252919,-1.2612845663117276,-0.6703375461300782,-0.9781271292462641,-0.8958896609624393,-0.9735317885903033,-0.9032377141765556,-1.1938177529706324,-1.4464637323693588,-1.7299331468755395,-0.17487348139370373,0.5591463770364827,0.16827719331099936,1.9869043152198709,-0.6897191222983335,-0.1909747606584248,-0.4546057473700382,-1.0606887962396598,1.3665691314089476,-0.8674704545623346,-0.7488419745792192,-1.376755054046644,-0.5881804906598249,-0.6240554332281123,-1.5962060890985792,-0.7636544413084355,-0.927090912144238,-1.196426334110447,-0.7259622683671434,-1.7075281169643939,2.640959133942836,-0.633113934359777,-0.7597598802164459,-0.7370285806366305,-0.846592251363227,-1.710329610284185,1.4411269473382728,0.9680193088591501,0.09471479268791563,-1.1022405670930386,2.555396665875953,-0.7879874704510785,-1.8484412220775688
"""GSM1539112""",0.4802076162208978,1.4858921240284895,1.298511429582804,1.0449771432951334,0.7838844466433429,-0.9639113980965047,0.418538327033588,-0.8233793951080607,0.6315112316745312,0.6794521701928588,0.04738780674071264,0.721152505183924,1.4379055517646024,0.7367656749643822,1.5194343945398674,1.551301525474417,-1.0603188016396883,0.6654566335949522,2.0584437829394715,1.4776033934865627,-1.0161632216992875,-0.6925816788245508,0.9858492876258482,1.2351285196511426,1.5721883489945279,1.6277065928756635,2.3523981918912438,-1.699978349324094,-0.9891603398042602,1.362190906852638,1.570390485549562,1.510789579661176,-1.7066160853516616,1.6206273083940312,-0.7671050331324225,-0.27645265866337415,0.6697195894319687,1.1126668938182216,0.9594358605380349,-0.7643339871255436,-0.8458321793163479,0.3612211666667819,-0.8969948158276702,-0.7576842567013563,1.141677895782853,-0.8564295338627093,-0.4770238760048591,1.0313014080568474,1.615252092833722,1.7493815942424882,-1.5643927251971461,-1.1372070576195519,1.5315848163758619,-1.2021501947694,1.6447645688468975,-0.8056249384526953,-0.8805897415767349,0.6030888130868622,0.9549625117202937,1.2389938161527327,1.8159744529245099,-1.0001614135902746,-1.189863795204365,0.2070149363982444,1.7775180030850095,-0.7609259927522878,0.04945808713349442,1.3041078186324624,1.674033988147427,-1.6315240485618825,1.6274285814010485,1.2008781480958166,1.776032363291945,1.1916313828359648,0.9892645745042772,0.644581330882934,0.27835865401812454,-1.591767910618889,1.315581887468724,0.7692673667558484,1.3485978351085819,1.8276711292863421,0.924367876812424,-1.1853656975955649,1.0664548556859637,2.2583372845363776,0.9338373801432207,0.9716086955070395,1.3623061534920484,1.9519142245859433,1.3989084105025997,0.6946014351839671,2.17972650095254,0.446117480022627,-1.29454967124462,-1.078734736649462,-1.2899451948039582,-1.8576661437514876,-1.4960185307581093,-1.4025915964695883,-1.4352537619691128,0.8231287882909382,0.6074172822947072,-0.990289083391145,2.1492533304550765,1.0929131345231144,-0.04627264152428444,-1.0066979182062452,-1.627952004198025,-0.902333480037773,-1.3319048108596552,1.7465251473534462,1.0162912962546347,1.5657084879071157,-1.5543787505380782,-1.1828886066599562,-1.045908771404499,-0.7199030522563713,1.3354601505398427,-0.5982012383791979,1.5837312701203639,-0.6961091760021952,-0.6742698854319831,-0.07130402548064532,1.3093638752566767,0.18124718206459386,1.6735907504237595,0.41583536681225375,1.0839903827033897,1.4307221851272027,0.5983590935097137,-0.7240326731756846,-0.01792953374771954,-1.057374082735292,1.2565033518396085,-1.0056989483103087
"""GSM1539113""",0.6716449723508071,1.3149119312051787,1.426783784591343,0.8647067700082001,-0.893676567600057,-0.6649171589530155,0.24292807276059772,0.23107722719027815,0.5780572970720056,0.26667450414482713,-1.1657633991273777,0.4493842495142915,1.407236965540385,0.4568011278496047,1.156036318335441,1.505696787818265,-0.8755485012151376,0.32705454667960565,1.1689681090083008,1.4522335808328872,-0.9014022253832784,-0.28225959473432893,1.9375943289142776,0.9751895738094876,1.5897834560964386,1.2160499348335474,0.044717306074031356,0.049713500456022505,1.0246269164665822,1.3105925916302348,1.6547143707234504,0.91321315499916,-0.333223168006516,1.4155678753378111,-0.9067595065489241,0.3828164407028279,0.4076202617651714,2.183490857791296,1.9179803491759642,-0.5956160158999415,-0.5910211781964326,0.0291554111686324,-0.7496147094878383,1.6072541294722584,0.892546478064164,-1.0074697617688742,-0.8012594802138617,1.767655611184707,1.5830644285408828,0.5352736210443529,-0.5091991457400403,-0.2172437342168265,1.7025296231997389,-0.9865147298138601,1.2551008039781781,-0.8056249384526953,-1.099581570362074,2.083881609433085,-0.11779254216109694,1.699105104596577,0.3292449880229478,-1.0725346135978615,0.27453969815109164,-0.08837151896830749,0.30243288494682763,0.015060754989462256,-0.41870895517711754,0.7136460248352878,1.0187785807506151,-0.7212840429882823,0.880101338711005,1.9353204707780145,0.7195134998890863,1.5244633008745752,1.5699711927243802,2.095069818628679,1.1284529897526514,-0.4990091953272342,1.4420834870423218,0.49076765476233114,1.2084775007494266,0.28420221450549,1.2502505084906907,-0.014161521699396742,1.3966539277020429,1.7903949889605149,0.9112553656181805,1.2152336334538572,1.7835824895454375,-0.13492168556913522,0.8996103701231678,1.8329263833946148,0.13326654032566865,-1.6824309719315844,0.16757377928426817,0.1924274971554329,-0.5102736739687462,-0.5457806147586303,-1.33420909861569,-1.3499913921720574,0.13026263665001828,2.5158681094637405,2.0284339469980934,-1.231014574681693,1.1140191074455548,0.38242612042408075,-0.6380067053057292,0.2749799623966927,-0.20170963624085286,-0.7820054079665014,0.9752272195604864,1.262473280446883,1.9888507613568944,0.17694803602850115,-1.0816750925075553,-0.761010948817391,-0.8088228901183412,0.5336432704137101,0.6117582891906532,0.10881490182595141,1.3018755665309378,-0.06575206970012562,1.0461472070500573,0.10443520366924973,1.1419337871722712,-1.7729597220581959,0.47691212352201057,0.2446083751871241,1.4796162730290174,1.0778451551264001,1.3503383399797664,2.004140351272188,1.1464947818682312,-0.9224129623078341,1.4401357577100997,-0.27952035529024394
"""GSM1539114""",0.6158754704011886,1.3982694024814482,1.0317527736815482,0.5335447608043484,-0.518314437493688,1.3446566366677324,0.6358848660884069,1.1550698535076869,-0.6034929116462662,0.8098373391369007,-0.6601942247317371,0.792894364197341,-1.337503019263247,0.9736123576927482,-0.7185373689302558,-1.2039450522618476,0.23577804348008713,0.7693025083402923,-0.7359988745005074,-0.8646071650144341,-0.22847048707900267,-1.6953623418444526,-1.5554971165653613,-1.1490901050969342,-0.7789839116403396,-0.9266981189064472,0.03870523564253298,0.20600876852372965,0.5149605455538433,-1.3068162204701874,-1.0942153978162048,-0.4455526440842201,1.6135684045035141,-1.0011807124024974,-1.4496767225331142,1.0768427848610527,0.8999308415266668,-1.168552815806711,-1.3897733340826066,-1.4876715909593254,-0.5080939582805893,0.4516270170059266,-1.7395542672116693,-0.6460403379449435,-1.7406781268311986,-1.875025958153713,-1.1837573763646227,-1.470329316192632,-0.9000068454427939,-0.5309107996389764,0.21417349480754916,0.2628706524778633,-1.349493631615519,0.3138248501895779,-1.4177452283335554,-1.6905751254834023,-1.7029419511775572,-0.9373996802600415,0.6660634098223991,-1.3273927640364396,-0.6612104835033129,-1.7148579035268128,1.9425292309994457,0.782315871537566,-0.7913402958630128,1.5147501890732555,0.4811117993569696,-0.2183680791050879,-1.2402731586412201,0.2827448367339812,-0.9727511946248257,-1.0373425442992867,-0.538402098205827,-0.7950578689460757,-0.9035741915577937,-1.0209322842552977,0.6916908284732539,1.1589622936939488,-1.5485491510342237,-0.5312884430248539,-1.5490124859534848,1.0295212086276249,-0.7777051917774318,1.0880404485467643,-0.8356835718335142,0.16530806885835259,0.8755654846422717,-0.7594252780158322,-0.7985072594172553,-0.7931939528188132,-0.7041095893207024,-1.5048137179061356,-0.6414516003948326,0.422289692893583,0.8467992807452747,0.9004007510009526,0.25766370203309974,1.166723806984556,1.7675851273913328,-0.39276862786413175,0.8209725786998933,-0.9293455837393987,-1.2314911369944603,1.1647910946935747,-0.7166869063875653,-0.7555054049706765,-0.3753769631182598,0.29551496700167645,0.8439675643668682,1.0542317885033936,0.9383801691734974,-0.6052952753740043,-1.0500136067261854,-0.925779940815036,2.0146622772588914,1.4689184214613331,1.4233504867301219,0.5605766498998264,-1.4523411318528967,1.2689982024543331,-1.102077208676123,0.6697141023594055,0.4233134304470745,-0.7576799332273204,-0.7609268094557388,0.23859673754141988,-0.8365111572418685,0.43722545776570626,-0.5930955460705465,0.2565393425087019,-0.9158920305950361,-1.1279501153838638,-0.4740272938944574,-0.8574000119274947,-0.9214870652771575,0.9460534615983033
"""GSM1539115""",0.5286136364038434,-0.6680874842732607,1.2629041639345224,-1.006226442933465,0.7240930113632061,-0.346938046677718,0.5570203176883982,-1.1597426124885106,-0.4105368366186019,0.667795546341873,0.5328566733297976,0.6215873272794024,-1.0041821235373993,0.5491839882200901,-0.9110867092717954,-0.8806088624687789,-0.06785830721384103,0.5798876650788407,-0.6903710820591183,-0.6924058030608663,0.4154810308852792,0.3237424719137335,-0.7428825990234771,-0.3669235413575694,-0.48363384424808614,-0.6246231199738569,-0.4362187484824921,1.3743516728111107,0.754814060138274,-0.3088209080588379,-0.5624683521819923,-0.341175865668535,1.4079245096432307,-0.6608212421555835,0.76685455894972,1.7125993684260534,0.5353658380350846,-0.516060994011181,-0.7219713162802744,0.05219508863053796,-1.372518045518624,0.45814349259589776,0.2730744083827815,0.8222931036988343,0.1582421415606046,0.5281164274962116,-1.485113570377786,0.01746804699537339,-0.4240628095604642,-0.762952850842499,1.121377663266748,0.6281255736046307,-0.5051800937183227,-0.9916718615894411,-0.2229636075920099,0.5574724499362533,0.8543033881649226,-0.5735379658969871,-1.2097287154327225,-0.4019558302827063,-0.6577857671287545,0.6656445988589065,3.0424710618888953,0.4603618360574556,-0.8716340855983974,0.9417249265304177,0.528827585703408,-0.4757403132397779,-0.2961890649811739,0.9936946892261802,-0.9449728371700274,-0.9293953947038408,-0.6695850587712622,-0.4744551046712973,-0.6477683895362801,-0.5434432608548849,0.6023393478300386,0.7988728103950977,-0.06557347942411883,-0.718463500937938,0.3392177459395962,-1.1291788949481047,-1.109831254291565,1.394472102095902,-1.0302820370392278,0.043892741604251724,-1.0625887158149347,-0.626191586701733,-0.6803698498795367,-0.4545437717115117,-0.26973419153783673,-0.8627617345760438,-0.6470646770572005,-0.6291873517856985,1.7583071031890816,0.8195428451286149,0.7709366582814104,1.6787792860586028,0.9350858007050793,0.25852075927179363,0.6141743954714031,-0.40695294432418877,-0.5709574183802667,1.970685108659192,-0.5626187805039536,-1.0039506375770795,-0.7722513209206597,-0.03500491561880207,1.270322815096098,1.9279610410348782,0.9533388938025514,-0.4039040093793993,-1.0831216307882634,-0.9137159405462738,-1.7570712124968664,1.5516182427445775,1.8433998791781914,0.976638320840336,0.01393422451581707,2.120479880743621,-0.39268070054035853,1.6141350559805834,0.17485694418930012,-1.4166209581368672,-0.6385630775685053,-0.44957405687255236,0.031192178717377932,-0.12354841246973512,0.2507450385572915,0.19084009673815513,-0.3153213437090241,-0.1464705942291847,-0.8643635509477795,-1.3470157035941206,0.048569814063773684,1.2732668662796167
"""GSM1539116""",0.793707986183004,-0.6112136237766514,1.0768977764662722,-0.9295263367953528,1.5483959869337176,-0.4910520587509131,-1.0179165866743134,1.4577028022697613,0.1582492102339219,-1.13634473454423,-0.11166797506536802,-1.0460929412191102,-1.1621618477296707,-1.0687496431550265,-1.0070170801348346,-0.969275801875268,-0.8536586696188562,-1.2491614712001333,-0.8943470559661119,-1.406226535858459,-1.173921914291761,0.7059709272084221,-0.8512560069774096,-1.1377567982442802,-1.1876629123089,-1.5496870704675876,-0.2636083959761309,-1.288470958782247,-0.7818396010112482,-1.0967414163999623,-0.6696129972740879,-1.6980603791252038,0.25499259967982796,-1.2467223462493227,0.9334631251110982,0.7055335051925495,-1.3399590340873786,-0.9119493828177648,-1.0380351648460058,0.8597895134614433,-0.21211312439915336,-1.0500563301587473,0.6941698893131385,-0.5853694400917081,-0.4362220355976051,0.5456491239119593,-0.37236205860486227,-0.5916689318507435,-1.4511007326055805,-0.988191517751669,-1.0874110430405672,-0.6259863260544388,-1.1487899995231885,-1.3768022639486532,-1.5741570540527545,0.8433587626767486,0.403887400187357,-1.3477433357323119,0.302859467725137,-0.5782545855881693,-0.701843693602372,0.8544964294901924,-0.08492744643671994,1.1009829606876504,-0.808410484078798,0.42936631789515756,-0.776558232411147,-0.955672953555662,-1.8554759368197857,-1.1866224578668985,-1.218808578631899,-0.7307354106283062,-1.0778566756325074,-1.7799769591782202,0.5774949747829023,-1.6169230631245235,1.5081465233549605,0.30274664858590633,-1.015740670036294,-0.09658336041680105,-1.3202593644580798,-0.5475511137383934,-1.1875320632818025,0.3903947090999975,-1.800938142285581,0.49092956491614975,-1.1199197881714529,-1.4234032825138474,-0.36137214268367085,-1.25411114082887,-1.2183373711489718,-0.20708478320016543,-0.48152514137019986,0.689589805662187,0.5834722513734171,-0.5734722499226182,0.44017796501395107,0.7436010653396297,-0.14317094443412962,-0.024953218792147024,-0.4919877975942001,-0.6682647959474998,-1.0010290176726206,0.10067241998875204,0.6189862789186907,-1.0449385205623065,0.5621872564947996,-0.6271658015891849,-0.9470715335509635,0.4125765953810977,-1.2664593701254208,0.8332756314445742,-1.165299167472085,-0.9316668536357615,0.8099060413675536,0.32742963511519124,0.10141107776106972,0.49001750538756816,-1.1785807655703562,-0.8622599639419076,-1.9214738588937723,-0.8491521816544942,0.6663572834787829,-0.8021473021397706,-1.7779871298995618,0.8774735493235049,-1.4216262965901039,-0.6183857520639829,-1.1445840908416494,-2.7740752710925363,0.7471272217991854,-0.6722927698740714,-0.4321815287779934,-0.5526733364787689,-2.2885506636447417,-0.5296720765835137
"""GSM1539117""",-1.5810997004447123,-0.6486004500105735,1.201072808801217,-0.9415965656573106,1.5773721182164542,0.4812761831935148,-0.04612994951265649,-1.0305960554324647,1.2495631775111276,-0.2645304330997889,-0.17847077248513774,-0.30276994600378715,-0.22062526314860426,-0.22287946814848533,-0.5729854921299933,0.6652514161817596,-0.564546762265576,-0.3175847109482124,-0.316182358443886,-0.5217526118489064,-0.9770248494500475,0.8299667744803279,0.5260517113555985,0.17448634218179715,-0.10496399876943444,-0.3578799241880671,0.17868532188174283,-1.3299905435275445,0.10186695878194839,-0.22391942624390038,0.1549334003984224,-0.49060350096772404,0.4370158883768253,0.41920533998949144,0.7589623303738209,1.9884272806150978,-0.23113136921292754,0.9138873994107954,0.5923462947540322,1.3331445543708083,-1.0335895846197363,-0.7386068283130868,0.5924500447070529,-0.8379962932963854,1.105758397944599,0.3544603950344496,-1.1861467232329292,1.006742959572244,-0.44182040365844627,-0.16303252076315602,0.1612618677320244,0.4040578117531904,0.41635125524724925,0.24704898095380262,0.05087426628834491,0.320832568423977,0.21845648708528329,-0.05726487916907026,0.23890518845229045,0.8663230516782479,-0.39962569100546164,0.6900050927634234,-0.14821242402774001,0.06884931409353827,-0.13434989841740175,0.2613691301565061,-0.2969077579628874,-0.20803625387723299,0.04121048958761204,0.09649297024643472,-0.7771045415522361,-0.2202006008036398,-0.13373445791182578,-0.6268652777468788,0.843788607150903,0.06266798010687194,0.32722105740333257,1.8863619007308898,0.7559195083734177,0.6811386660271432,0.5480536356989533,-0.13670921411137826,-0.5882037304453344,0.5976498438237022,-0.020153551275857665,1.1445925044969925,-0.39600548643358324,-0.16429737958253737,0.5135442302144082,-0.3095979760409083,-0.4870979500972301,0.603032776226029,-0.1314411748214604,0.9422347642629157,1.543724508357732,-0.4044012268446855,-0.11472265766206928,1.4135268940105359,-0.6073600647303581,-0.22854376105706825,0.21043192278088416,0.3769991321673181,0.26148859752978637,0.7078407406409525,-0.21424341753832973,0.31257564488034995,-1.4971244635117287,0.16196562930637215,-0.1720170513588447,0.9485696667066063,0.5361265731216036,-0.31935125007724935,0.1443146480505037,-0.4399586102462526,-1.303811619008236,0.11383080017154608,0.4591248196744028,0.7560200054957973,0.0968588158674456,-0.32864776988161915,-0.4101362590557968,1.4550047369882202,0.9285785939891983,-0.7759425202455713,-0.6083008733933412,0.8431414893096161,0.02780456382256972,-0.6440744725188062,1.1721990670647264,-1.8698517615120906,-0.007510388902355574,0.9638573690668188,-0.4191405278421293,-1.4544198566925148,-0.4886619479291833,0.1756416526820976
"""GSM1539118""",0.833718180071324,1.3072738929868224,1.4393981741349287,-0.14513587106810993,0.37067891212501136,-0.764126845091941,-1.4227841797185459,-0.9675870801445753,-1.3633519923470268,-1.524780981810015,0.9145760943114633,-1.3965014014892245,0.09625823351484482,-1.7980739168446014,-0.29486668536187133,-0.3198484864032673,-1.1268596443529602,-1.3086586990904059,-0.033442445119064176,0.10169673200690588,2.9503797476098947,-1.7088073550679879,-0.3655672061874251,-1.2439911087913966,-0.7463582766601786,0.3136821707200134,-1.2013898454501897,-1.8228731069141673,-1.393447244091016,-0.3603155233715887,-0.47326584173843234,-0.016067575502456966,-1.16885710945072,-0.1982374926395148,-1.6648537081030077,-0.8631412078590915,-1.445119283873616,-0.39018339077517034,-0.4475685719319645,-1.2764910071029636,-0.8184809396487123,-1.0704811992013354,-1.6586480400816384,-0.8489230003764191,-0.6988039700213311,-1.636261559714434,-0.6867231686907824,-0.7518828849330704,0.05239023862606428,-0.2745737337671495,-1.4706452621091008,-0.5559477803909195,-0.8039379673783952,0.872730672565408,-0.16877166536686292,-1.910188823783044,-1.2803883084682006,0.2747068266816411,0.2557184990604561,-1.2050313499492553,-0.6866798642290589,-1.5158565931594303,-0.5754635638425064,-0.5912571776211076,-0.7851966919860737,-0.9252005496528698,-0.5867063734549909,-1.010028345883004,0.6146643387299543,-0.9655240201549485,0.615740471926647,-0.4612868494902575,-0.20756570450312986,0.8220462382118894,-0.6659670799434857,0.7338107601758607,0.589558812284893,-0.610091978536101,-0.35865390224126925,-1.2774513205465643,-0.43345289079701826,0.09588012614889746,-0.21417855637613867,-1.1242492443454093,0.5245303715416089,1.441739947606139,0.784334949508225,-0.4817452434719704,-0.9248456556706923,-0.074425915483058,-0.28097137185311366,0.26642910481671345,-0.6888039849284788,-0.6529185430886405,-0.017816867303977177,-0.5203464631191856,-1.7897589191303886,-0.6297184822594872,-0.3944356362161713,0.8387178713079695,-0.6761819950209819,-1.6137608691621925,-0.04608400316222427,-1.0505389204507651,-0.4042030916131343,1.4171373594655328,-0.7142317929142723,-1.1802883805676812,-0.7887176488125255,0.06997234787472259,-0.03192024485664038,-0.7197466888893432,-0.37013575931582543,-0.34145530526176643,0.5488515758881349,-0.1824921750464734,-0.8429554988192276,-1.6817331580460397,0.179964221961862,-1.0794175187348702,0.2913812746892034,-0.4311569729085451,-1.162610618810111,-0.584056824771817,0.39655544660771547,-0.39059758624070445,0.8183949215043939,0.11658986124623458,-1.7369651210855643,-0.5321190424144459,0.6830109451698341,-1.8119319922800967,0.1404044687190808,-1.197488664200343,0.6579197343407762,-1.1524267705721063
"""GSM1539119""",-1.5572975754459963,-0.605569651012083,1.298511429582804,-0.947767375385631,1.0773829555119783,-1.712235559651655,1.7178000995791272,-1.0653856173684302,0.41008352100192774,1.3992156888808238,-0.3721112218774344,1.4284915543808683,1.8495602354161644,1.3631989203857229,1.8647248557893557,1.80859383855055,1.801858821872932,1.3739833922659843,2.040970318992191,1.5624852887731526,-0.5776869209827807,1.626395596436014,1.6436734785294715,2.089182223436091,2.0631331076980195,1.6277065928756635,2.725346475885896,0.41884110602873187,0.06291186103983977,1.8422346624806873,1.8721661266291283,1.8587156343306162,-1.5012518253908909,1.6022599275768243,1.787218960761795,-0.5021851025050771,1.3474925933076853,1.5192429367935112,1.5927002653585793,1.7806954759023508,0.6397194417254809,1.5974852960548944,1.364022425902149,1.0823830040121203,1.9142033366984534,1.3540454882583066,1.4748057103990553,1.8847047019194187,1.7701642179423178,1.9689576875076307,0.9432813345449568,-0.1621800161768494,1.8511623262494417,0.5688006230143827,1.815095210135611,1.742253228610515,1.298665953591151,1.1039949052467577,0.40760849215858713,2.1351333371789147,2.3019218175737017,1.3746305216314,0.06450719579391236,-0.5640537440594522,2.091958671573899,-0.9360944157478417,0.5851159134906294,2.387996151848256,1.5929878975747573,1.0538222647219107,2.1336072076696793,2.348181138818577,2.0989082595603072,1.5419114986969997,0.7124163494124903,0.9013870598535695,-0.18323985231314463,1.0217133278575636,1.9802495075150883,1.7717355123445317,1.9750195650181832,-1.6655957202578022,2.3096882389009865,-0.37808627177646853,1.490441384351461,2.4107140197689083,1.0982456216423875,1.9703988246184845,2.386433106637567,2.2123912588610026,1.7294067019357495,1.8605947825692046,2.588733548459293,0.430112470717186,0.33223826363683573,-0.30272995315465434,-0.7878805737550026,0.8054901680230101,-0.9613042030115511,-0.9024272947214257,-0.3566303704875414,1.4251062935742573,1.3406274165971466,-0.6222217591872881,-0.09975341206832465,0.749885507058755,-0.7484098174482503,-0.08185863116125447,-0.13054336204528622,-0.39508983200147374,-0.016174489765115593,-0.2864129869294912,1.5759733489592285,2.324490039641752,0.016230484667165233,-0.5311875683850532,-0.659192740724878,0.49117000423591844,2.2739554745735884,-0.754388873784452,1.4821316270150393,0.32726053729110255,0.20164604441756726,1.3846968769670744,1.6919195661479316,0.13870277981345772,1.8324315866835805,1.2839008148746718,2.012195278990418,1.057456355540048,-1.034062493496118,1.1514081776103262,1.5801922557381463,0.9442882962955437,1.0625604674200517,-0.23502975866730783
"""GSM1539120""",-1.6727346481122878,-0.6204180430312918,-0.7818294353544831,0.9988370966953449,0.9989619804710747,-1.889654519929635,-1.4483470437229908,-0.3090800105196432,0.21271646701045696,-2.3613962668059254,0.11612194438489089,-2.421917670876424,2.026959051770742,-2.3802037355721315,2.030910558149978,1.9151150924422027,-0.08164827848244512,-2.719253796202413,2.2083831893535315,1.7530361247357251,0.6877982889526523,1.336135918732842,1.7899100699538955,1.9344073224157001,1.960107845729692,1.665301410976372,-0.7019115365387552,-2.0407594589064555,-1.262411066066711,2.024937080962813,1.8996080337600008,1.9012163765120917,-1.3802261992516183,1.759604469766646,1.1872958369435236,-1.0068435228962378,-2.7884232191269205,1.9300451248889516,1.7756078060299652,1.8497629828292208,0.2573023338199001,-1.4075842459287091,1.092383216864463,-0.8017983758468308,2.09725052405741,1.0509452469228278,1.2987171235182278,2.4456412743955935,1.7439525664538738,2.111500610083854,-0.33570740303610785,-1.67686705826533,2.0217607255695307,0.4745939579233194,2.1256283123158743,0.8365510825545951,0.8898796787088038,1.5699842786460874,-1.0171365952507008,2.0553042658634038,2.5237914954941547,1.1850939482541054,-1.3127620574592045,-0.9074176067367232,2.0600794858324543,-1.7728403484072186,-1.868450463465198,2.412728741706995,1.9293026969505147,-0.1522098945996747,2.127086895591797,3.2598896693253305,2.294815834674641,1.7386857621478977,0.9626884029143119,1.5470159277671502,-0.25261092816328673,-0.6809401480705997,2.446431059105438,0.7048208926937383,2.052288494699366,1.2855092647046205,2.759461178687249,-1.540270562569826,2.054377753798361,-0.7209434086368254,2.6266692596816847,2.1090571231716786,3.0101605670657317,2.298432519727711,2.0236529163266654,2.3839942757493895,2.9888475271952077,-1.445374905483,-1.2141868769854094,-1.0097437723351346,-1.1998448194534468,-0.4523498761842127,-1.5762537563786696,-0.7633420389127299,-1.4345323264299132,1.025726295626473,1.6083664610815789,-1.8979179931107133,-0.2680039676246511,2.9113199761612925,-1.3499598295698843,-1.279685355175824,-0.8963166873182264,-1.9089496390266567,-1.4525639773861339,-0.9780638799757092,1.9878436791655685,2.6333998014678017,-1.6720574100067718,-1.6625366346764767,-1.3398066604163292,-0.6765761449071497,2.2949864617578872,-1.2878617278278461,1.7712294937448576,-1.1607856600126114,-0.5077482588946717,1.3285498928315838,1.9729986386119085,-1.5306082659231053,1.94562301637555,-1.143849508430356,1.7722907807071735,-0.1375723108394899,0.7229259226602979,1.37070857317178,2.4298651100390765,1.6077723706527596,1.6578145215522766,-0.9739495485606973
"""GSM1539121""",-1.6964530942269125,-0.6608406449557533,-0.8909595774257646,0.9414594117126958,-1.6115734228009764,-1.416977288092416,-0.9704693324238545,1.5148898773558024,-0.041450781978636976,-1.13888677705801,1.361959160481244,-1.007813167280569,1.8026533879371802,-1.0617048805614149,2.0088159219477046,1.4905040324163588,3.6279211267401044,-1.1234496841374806,2.1486066257467793,1.8034911196436088,-1.117552652396204,0.8947600873013866,1.0390028544551615,1.8383364878915036,1.6113583808281442,1.9037701667651974,-1.625002190187838,1.013821359429686,1.5044329379378651,1.8013856336459633,1.799666145763186,1.8353994120244173,1.2781103388923476,1.6065792635646425,1.0764112895331261,-0.07547584119888173,-0.9775593857160393,0.9608466455070768,0.9698244953584005,0.8976217337795437,0.9997985217280759,-1.1161559806212953,0.8906876276083597,0.7636317644501414,1.5431562215195378,0.9913908705796541,2.094080423265768,1.4909746152872048,1.7533899525192762,2.1186892771151946,0.42136721489859896,0.7927262391347368,1.7406915310813322,-1.4523536145316103,1.533016324896539,1.0164913563253544,1.0673644697565505,0.8355439298560151,-2.8001168551697915,1.2521648333117041,2.2105861764222468,1.0080144982763124,-0.6386558749048408,-0.065168584746041,2.2364710183200716,0.5300959175199326,-0.790224700884468,2.2633831205223363,1.975402233892549,0.5886100708520603,1.9169429016034112,1.1566896942306482,2.1761202988934047,1.6356302672981176,-0.13273141204650593,0.6826562256526753,-2.0972599140839225,-0.5707588233307838,1.9458772104968958,0.7432494835506281,1.9780160424818747,1.161831781420067,1.91646874898299,1.2088890831304353,1.9966324344908595,-0.6146317679061948,0.6975872476677155,1.6667287308741285,1.2919380367902578,2.3254374082473035,2.2494475314115907,1.556188328447146,2.6008845729624213,0.6357177822736305,-0.5937598016652825,1.416719227568419,0.6471383493256659,0.04130079767991173,0.5811922306074823,1.595216611300691,0.802776326739027,0.7042824386159011,1.0180385725863732,-0.043003307238702625,0.9154484857138329,0.17726372401761348,0.26117810405691644,0.972163675006942,1.0607178697569302,-0.3039153352464486,0.6505115384407039,0.3708860825971921,1.4334423910250624,2.306565730648205,0.07703690068828427,0.5769904853474163,0.9642774116906633,0.813020671368813,2.2570237214204165,0.9006603731374403,1.740386260907058,1.0048827566624323,0.9906780387165749,1.601294333816279,1.66091788310815,0.5703073171438283,1.8501240729628476,-0.42087194733010086,1.5141837928816388,1.8838428522095072,-0.7093266946387782,-0.4489813789239845,0.716546150621373,1.4049719487885455,1.3572819552400373,0.8839642617945204
"""GSM1539122""",0.703049526619978,1.4399380478419566,-0.745930006729247,0.9934169084992839,-0.42183742398933294,-1.413255359587134,0.10885678038533339,-0.7058838011233347,0.723502639799611,0.12291407333004532,0.3621330726003236,0.31053361288201226,1.8026533879371802,0.17572852937810898,1.6946829009161248,1.7581776908500815,-0.7985446780683929,0.09994748905688,1.8115414253779518,1.4381477346606812,-0.9627304072986271,1.162870908063628,1.0895006726302972,1.70748862730305,1.8501357376317364,1.4335245101884442,-0.6982737440011243,-1.8553314786727464,-0.5879003574991006,1.8013856336459633,1.922942536893107,1.6134783833459043,-1.3819332749077855,1.525616151081171,0.7219115623560913,-1.0630490924100946,0.07146688726358327,1.3994281389097443,1.2248526263238304,1.513398284769577,-0.5916077117930377,0.0732482649416282,0.8823148105582532,1.5986808671875385,1.948526577248048,0.845425925805441,0.6748253662456578,1.7269207175886017,1.370380787236483,2.083670133496837,-0.7075093781672817,-0.36386796037689306,1.6024132633583894,0.3493070863966242,1.6035877942424643,0.7154008443412729,0.5810466168981391,0.34247629522472434,0.388276972508945,1.747939867198363,2.1055778134161893,0.8782381025999354,-1.2300269456830968,-0.27793948486088194,2.11726035332269,-1.192924548799144,-0.6310829044049767,1.7951264907901834,1.3427766764734488,-0.8824636395528077,1.673697385345043,1.9935161163835304,1.8967915423118191,1.1081394335201344,1.9631616882622505,0.3485067747999856,1.1037787371026475,-1.0691049985061665,1.693956407143248,1.9130390632250784,1.152642126858009,1.8041025732665796,1.5524394390848915,-1.130634298529348,1.6473589537511661,-0.5801655035219744,-0.014265902266781465,1.719935850209561,2.6302227638014206,1.8773398875709164,1.6103163040210176,1.6294285387632543,2.631665768290129,-1.6006581898945578,-0.4552654830274262,0.01773732174164776,-0.8763438381558809,-1.0156656004275322,-0.9177902660927835,-0.8202812798292349,-0.19456765790357272,0.8509589388913633,0.9667523717351536,-1.6361223536936114,1.2488820393307911,0.6045088857886941,0.40670496107991455,-0.6653360565340573,-1.1096512061396804,-1.4178486686417542,-0.825183826656039,0.7463619794155347,0.8967380531036316,2.0815795114982025,0.14438909927105845,-1.1849737554839948,-1.065651574476325,-0.33231993702127705,1.5728281361631886,0.19622440703422095,1.1393864359280652,-0.9994680398555947,-0.3116698649067628,0.247705758106951,1.450159269856901,-1.8785173003448439,1.8458240411458877,-0.5537556329800823,1.4432820404773943,1.6441068192026707,-0.527897503141186,0.3901335311784738,0.9289744246254099,-0.30821039780733284,1.1801456155304275,-0.8737617395096586
"""GSM1539123""",-1.6640035939477371,-0.6480178268824422,-0.7635399113402124,1.1606209163853594,1.272816950678555,-1.7499743776184908,-0.17636888564967276,-0.35089822246299324,0.22627847677595753,-0.3470158310682823,0.7581139370402628,-0.15188337566143112,1.7992201057183246,-0.15121687107660042,1.8553472488888538,1.7394938996616147,0.05085767377846837,-0.1730495550329471,1.9085383089449621,1.807921740669993,-0.22873720267630357,0.6817159530815499,1.171434400874973,1.8383364878915036,1.4960903474271976,1.9037701667651974,-1.5343726806667315,0.12665879614244357,0.9617576048264492,1.5873626858536762,1.432383816735158,1.9038345951306888,0.4768235486728428,1.4870699708485469,0.9405205964394712,-1.161182172316341,-0.2555312261457596,1.116017081526316,1.2032725287105155,0.5420624459691429,1.4006638933235154,-0.1911656380992131,0.8098271575264848,-0.8262083396849065,1.2021441022575563,0.9067462806738863,1.6631325889794406,1.3569608707496073,1.5273995664024629,1.956468821221224,0.6682276765254849,0.37193739796003217,1.151450133381318,1.1002920243128618,1.6195646191095934,0.4780717294179309,0.6622540245411528,1.275801293581174,-0.7004249551995618,1.1013838932339743,2.1380627269686143,0.5677518551427483,-0.40687596315609365,-1.3556928615404833,1.9382857830442266,0.4332497994044172,-0.8987564550389276,2.1538028865703445,1.8590562059542453,0.7573781386988158,1.8917073376878981,1.7215720001691872,2.144356831800066,1.5997734695442154,0.9790430173080673,1.249131502042496,-1.8098988656806896,-0.42563193149703554,1.4452915540345117,0.3735161656077802,1.6909833891117472,0.06566523929129998,2.0960905568361334,0.4149613244336827,1.078264758266996,-0.6630786209384082,0.7435560781319678,1.6734115886474843,1.5651577813395816,2.3745555035046486,1.852591189515625,1.302349825312222,2.270139451899274,-0.7857973656504801,1.2686175240400037,0.6859569965876501,0.19527539458637563,-0.2324091883613887,0.378565271787129,0.16968210113689394,-0.11645896365133984,0.6019871634719981,0.4184082136580526,-0.3868393749596895,2.1655054952016566,1.4380969726872905,1.4048349928343895,0.35303469692090683,0.3149234926912918,0.49368351066168475,0.40970496057305633,1.3738692770754393,1.4562063526419569,2.0870188389100677,0.9050554413991895,0.8144085782074342,0.40197796447804196,0.5993880828300476,1.9525432603543131,0.5384850272695584,1.6377386464203503,0.07824761388274709,0.5709649731701816,1.9191759149927028,1.8422714361774861,-0.9270098583437206,1.9219942438854734,-0.5783948812706664,1.1885545730782474,-1.101743793619197,0.3049212772702881,0.8485957141306989,2.340408482217354,2.4461830291298554,1.4999947922233732,0.7242773021738398
"""GSM1539124""",0.6716449723508071,1.3705964287806474,1.1263965261607285,0.9947208469807706,-0.623671117943614,-0.9301476551335501,2.1621556170011598,1.1598377268181819,0.4409944526332111,1.9174396999688954,-0.5766790038371101,1.907003853037473,1.3859887547599588,1.8533578792023404,1.3063355893070958,1.7720285010465702,-0.162861410902124,1.9296529402443474,1.6800588656722428,1.2692692345894159,-1.025674927938131,-0.8230684872839211,0.9947338246151909,1.7019996270779663,1.6450021331366123,1.11825098071677,1.8701449397160448,-0.1619414934495804,-0.07008425820069235,1.3965598981671417,1.337276377717696,1.2907667548480117,-0.34912401957236694,1.4955397395503847,-0.8250576153705991,1.0319267061612212,1.794882927051727,1.0612600983331562,1.2462692246744742,-0.3106376747842028,0.5378759604133705,2.552430256643233,-0.9714531142758661,1.5027472746349582,1.754116942299619,-1.0663772859897804,1.6311903626906086,1.6421264905515018,1.126237118778093,2.155657780023734,-1.3569202475324056,0.004195683196855088,1.339234060484111,0.20730515203138053,1.542317620125618,-0.47832653419448495,-0.8784150381745816,0.07582027732741585,-0.3371413006885945,1.845623784885361,1.8145887051880216,-0.6409742398382599,-0.2451251960482404,0.47507096463799914,2.2938489596743246,-0.15738439596583226,2.917254606412823,1.744958758570521,1.4845379541047792,-1.4291082199115643,1.4504378986594655,2.0038656620126014,1.5765349949311431,0.9138121729351638,1.1144540624940582,0.15887951385622662,1.0291166465787571,0.08507083895572519,1.7047450635187755,2.481554285227553,1.4666285520578928,2.253034267610735,0.8092264582288777,0.1953380666787471,0.7751421204724971,3.3198587969377167,0.39019433424155286,1.8690276208168342,2.4867384070602787,1.5268297690691957,0.9842520086986524,1.4725037470415223,2.551559584612775,-1.4710667946464713,0.013345247600850147,0.013240765768459768,-0.7502627547408264,-0.2273853959501101,-0.2540667142890284,-0.5778466015708933,0.3793137732952777,0.7884098692160137,0.7898306493447782,0.43233135137329204,1.714835396743445,-0.3499956827141143,-0.3426610645357483,0.3893639722096108,-0.6279509989612614,0.18514550044294656,-0.19722086148812623,1.3261616973374761,0.5810493781411429,1.9397613078619826,0.5414352163821282,0.20606963516083376,-0.16358720139445843,0.18529339261235128,1.583746240393957,-0.4169126760862416,1.2911975999607943,-0.20928961795197376,0.6863334760061546,1.3787385962886205,0.898072531916335,-1.4334665303206366,1.6284271593967115,3.308592418053386,1.5032703255124427,0.06904710847485392,-0.8381360624083973,-0.3452057917100457,0.848065871830267,0.4334426375535565,0.5864034261999876,0.06650995356079352
"""GSM1539125""",0.707746218099809,1.8593670114595648,1.0974283821899011,1.1111324991876046,-0.677492674614015,-0.7941888110499511,0.8937663185586768,-0.6020454102659011,-2.6048856062694012,0.906404867978757,0.903417026816258,0.9744839723926719,0.9965709881406654,0.9938778761660436,1.2585781687952733,1.4472499628871223,0.7139121125679255,0.9154953578476512,1.5759551115077597,1.3761066257597654,1.4670516106467293,-1.692655917347927,0.16538575005555234,1.5346192182600897,0.7460728560229289,1.4422297232575916,-0.4161363932050219,1.5559504738211791,0.7008633282249522,0.7971658851839462,0.30705957256266814,1.6652933493226176,1.5379687123854617,1.5663067903569519,-1.5326790210765642,0.49127537821064987,1.0631800985717323,0.21974908726517953,-0.12417602525607235,-1.5022749473915817,-0.898294497374056,1.0148945590943272,-1.8941627614756489,-0.7649130421093445,0.5661194000869335,-1.286629643595632,0.22902490394809494,0.3267032401346936,1.2097141553487007,1.882710192009705,0.10462997691159125,0.7415871001968738,0.5515735869313102,-1.2244030036686733,1.3264519761649465,-1.3197421401056733,-0.7750902366135841,-0.20798281822818546,0.3193156195515508,0.5924463587992542,1.7329803464337943,-1.4420095854323662,-0.3605988210110642,0.782315871537566,1.689786967145028,0.7624156956836631,0.6682719913471893,1.6698672668008816,1.6418321027432417,0.2127431642977802,1.6044230232271661,0.2710633843203063,1.642225193033823,1.1097495211850772,-0.014152220763067375,-0.04235911235588526,0.12229063102950977,-0.927000598407013,0.9317394686146759,-0.22183411722434013,1.786544571730902,1.587956926056369,0.8456139580170613,0.48592687212148267,1.0134179186818606,1.5390297554465562,0.8732509744841118,1.209704694879769,0.2790703518905205,1.6051544099017885,1.1079083601684316,0.6814001515607361,1.2627734148629481,-1.2113367947222606,0.5660319441667856,1.2276000402236797,0.12609741374712155,-0.6778585717347173,1.1899963393770927,1.4901678481078242,1.5278928938304421,-0.7216574242856816,-0.45472931187632853,1.3783799279965856,1.746887596029411,2.170291260403793,-1.5873741815154436,0.6155773478976191,1.5032289131997185,1.111356695009038,0.7389110309144454,1.0965389592485175,0.07695498254760354,1.9054219725885213,-1.0437921852118164,0.8456961799644828,1.1320136503444884,-0.09505428206409104,1.839358574271864,0.9475886481941019,1.4369881177530197,1.486331047503535,-0.35829419962729114,0.1629111734873718,1.3377583348049018,-1.237514722277744,1.6243015508500744,1.0576912945547525,1.0977207433612868,1.2356982419447984,-0.9700173751753551,-0.1865962597122086,-0.28129353152665165,-0.49566417054582007,0.8860006038403243,0.9283880239955219
"""GSM1539126""",0.4998430115719665,-0.585586965206235,1.3593460817252974,1.3946788204691374,-1.340930015182511,-0.8105228601226357,0.20642421259346355,-1.0005652749982146,-2.555631433122545,0.7596168232352806,-0.395200431677807,0.9405511314743217,0.8395532355792101,0.8970570114196543,1.2546813047845753,0.7481526848131986,-0.04135357251764635,0.8707017442281045,0.9196928438148583,1.2533595962094368,-1.0160929199272726,-1.5338742632566993,1.225084111164357,0.8014821426928385,1.5397579966576922,1.3165749086215184,1.0264463960405559,-0.10638198414389756,0.053643222624530904,0.8409613417916253,0.2842790220266341,1.2486676106110464,-0.1789288233070292,0.9023651995718103,-0.9685337560544502,-1.0045247575662273,0.8274080954484135,0.5674306163986798,0.8918518484713719,-1.366856473108872,1.1108800529124374,0.9893273058629295,-1.3719724137614824,-0.6366101207366532,-0.7138648782163185,-1.1871842348448374,1.848611226158568,0.2053080975455139,1.2114377706526482,0.801941145054403,-0.08968134885447675,-0.7445952582849586,0.7010526738052268,0.35078999254985543,0.8825081479777598,-1.262170185467183,-1.2165919833551742,1.7900867080880105,-2.5672174931566505,0.5162096832659017,0.8811875511600963,-1.1794218238248937,1.4212619287097377,0.30452879163851493,0.7837801048026384,-0.04383814775848372,0.4067336726663895,1.1421134988537236,0.8923235520245005,-0.04009147153712917,1.1291712010656987,0.3944532715427026,0.9983511321362663,1.3453675798424385,-1.747928677532162,1.508642469302425,0.007300798467235743,-0.6368847147419031,0.5313540230703361,-0.038952365824685344,0.7875157354182526,2.0315623903069207,1.1684114980303966,-0.5259535172428391,0.73897451283902,1.5319265738460954,0.8583862551833961,0.8799781210314517,0.6640309698912342,0.21722269029194854,0.6583327119537965,0.22063006792342954,-0.4473360958056725,-1.6971674614934016,-0.932250804688632,-0.12196615555539543,-0.9031641339422518,-0.7969310961527754,0.02299717747346456,-0.03472842073295032,-0.19181572226375565,0.3751339701895843,0.16849072321577188,-0.07475137980302446,1.6100656420101929,0.1646670513430966,1.4556231202946779,-0.6948857169511196,-0.6584666400412189,0.0636159894254213,-0.34600196268402533,1.8417604128502323,1.584893251868826,0.5346418656020835,0.9127078637730979,-1.1225853407794695,0.060025389908189904,-1.1244546885316895,0.8839470715327795,0.0630531306522972,1.1238588429399814,-0.03985983190808164,-0.8888235154485583,1.1151862379968258,1.4146720474424974,-1.981370487272081,0.8562376261877586,0.8730327567403513,0.5691233256071395,0.8621473147983707,-2.3021530432013204,-1.1978848999844827,1.6050393099213565,1.6796189580888208,1.335232901999726,-0.6381839967596361
"""GSM1539127""",0.6098708343696496,-0.6470579181291289,-0.7993435537058604,-0.893780074662352,-1.502984194608841,-1.6192941407920756,-0.512534244574128,-0.8928039650998835,1.1466254558198383,-0.3042683554696127,1.3270735167133776,-0.368317938501987,1.7760760657085213,-0.16490830012983035,1.6300917606211982,1.8242115718371044,3.4497179547532064,-0.36361129792091035,1.7888204676076784,1.6155169705680819,-0.8801518874333502,0.9733686302985411,1.2729844815786577,1.7681046428100844,1.8305057070759492,1.4589681887453947,-0.7103822554021737,-0.2100363974382422,1.3243379618312818,1.6457020741103974,1.9270601043367916,1.6652933493226176,1.0236101187986808,1.4320516405326864,0.9275126440834596,1.9341091990251091,-0.19040156250558835,1.3805574865456285,1.192213544051803,0.9530362447724006,-0.024686253640987175,-0.3404063955074965,0.7859361588350516,1.8659233535243922,1.735697568678689,0.6213986272329485,1.2691526548839744,1.9739393075618008,1.6476329608705051,2.02177762515038,1.192928430309603,1.081411633842462,1.8611543002020559,0.37516636762239863,1.6750307210283057,1.0088287298012932,0.724724649722034,0.7863938723171356,0.09120129642866139,2.0251933521162804,1.9075171443875116,0.8127902077687251,0.7031495734947413,-0.09314746538854313,2.106551566297425,0.6971128284376444,-0.4408689852067269,1.9270095427719405,1.434347779241205,0.9163802373725244,1.7985395790786811,2.1383138429109665,1.8059133185312757,1.284456983576377,1.6487071633091992,0.6004402783904267,0.7182908894560018,1.3683701831933264,1.9335745471417396,2.228598884455718,1.7836052382926342,1.409447200960453,1.7675767251878867,0.6482655858762574,1.348891613278767,-0.6569420041859474,1.967609772035203,1.6820750052422917,2.0886343918989563,1.8595518185972268,1.2493343195744138,1.5863966813993169,2.492502260379357,-1.2020312976618752,0.4757216944892365,1.014574307645943,0.15641524201967075,1.0737558733651882,0.8807284194590016,1.2337416827914607,1.337498230010175,1.2702235750079398,0.9518927563194113,0.2746092432299195,1.4730757328231687,1.077867800702611,0.46350422876898795,1.35492016722428,1.2647860627787306,0.5274086651340836,0.6555754869122781,0.9048215991814489,1.2703368514215885,2.004613319891724,1.4194104780785994,0.9311569593105576,0.5744436802482105,1.261194020242782,1.9348895889422708,1.0103370408080714,1.4480962545075615,0.6742916517811114,1.6458455657092386,0.648115233978208,1.2539673254105554,-1.5262882089915992,1.5511404954121175,-0.04322465286010343,1.6690807854368066,0.11688559228852458,-0.4615282744997341,1.194271331709114,1.1446123164159758,0.30243165999066035,0.9550706158087723,1.289240229856928
"""GSM1539128""",-1.602544901686173,-0.6018681050743336,-0.7796174691237484,1.145938198703397,-0.43455032536516164,-1.3564174618234017,-0.9665272321209932,0.7220870028135815,-0.10037581860717291,-0.8857386514266931,0.5188202544226872,-0.9196624621427637,1.549653470152565,-0.7656429606762253,1.5838631645759715,1.8138003290243156,-0.29631716752721393,-0.8569717318495075,1.731385717445559,1.2989307371068717,0.17833881890464184,0.606373239159679,1.221196886663467,1.997496736050883,1.5557186136032852,1.2388794168333495,1.563883475769258,1.0254407486058112,0.8027783524386648,1.4113953190861723,1.5304728235707858,1.2297026545714307,0.49680848502157293,1.561625522419634,0.6910836194473485,0.4186995719959393,-0.9453707743923697,1.2743997131125313,1.0258601028410008,0.8347760790362264,-0.4830884657488043,-0.574406912313052,0.48197154776904744,-0.9106694207812837,1.4224871610492673,0.29289123778478976,1.0325278094885264,1.5030693955447698,0.9661316739303865,2.2452218860407895,0.8449166323305374,0.29864788132474174,1.5456699098305562,0.16986023916051177,1.5650673628681058,0.6398493469996774,0.2670961492010377,-0.06687751826714722,0.04757089458525318,1.9018474376833567,1.856648462176147,0.5362113831127387,0.4522115885632463,0.9052003920682281,2.262086634062024,0.4112178031607234,-0.8287783236327246,1.8991213231429873,1.1108049124591177,0.8570103344345823,1.5634881716437743,1.7579567221815964,1.7734492846934327,0.8385166166685477,1.5430721466529136,0.18233462197062408,-1.6973489921112668,0.5559679381159449,1.375185602210645,2.446166881956205,1.2671740112426741,1.2511967750732822,1.6434865593169246,0.35275314368852656,1.755014792068144,-0.6721773428281452,0.04559547340636707,1.4763517659245844,1.9262515513273388,1.83016320261182,1.2073897699591327,1.331807929448211,2.332899440045614,0.042066870600193505,-0.34819433412510775,1.1491768753758775,-0.2603379960512441,0.15594115872986877,-0.1277309912652304,-0.14926068343495696,0.3793137732952777,0.8851457066013761,0.8095386940279268,-0.20982868641272848,1.948169755730063,0.9562137318064259,-0.6341566102003595,0.4137482980113926,0.6403527633810706,-0.12122553062994157,0.6797762138911759,1.8201196037999976,1.1493531616921213,2.221315010338206,1.5044096349117237,0.014857916311006178,0.370130228784596,1.4812671139348683,1.6111477293484342,0.9510609677067915,1.079915628328632,-0.12446122215709278,0.9862670876954314,0.6931525689112671,1.3572452861344912,0.002023776185297708,1.5943458615231958,0.2723983224574655,1.619897908508457,0.6039614814395818,-0.3012153525553931,1.1320948898076093,1.9234227545968072,-0.17479004914821322,0.5463879388641714,0.3090806959549223
"""GSM1539129""",-1.705191447146204,1.6487233545758064,1.2745258560920292,1.3431844968265412,-0.5850426047086917,-1.7767589515926363,-1.565210824879243,-0.49320097965684595,-1.1540679321090184,-1.882887305506318,-1.2859184937256565,-1.984390412442031,1.4771529415527875,-1.8696035184033561,1.6841279872275106,1.5552590596245477,-1.1033482576519513,-1.9219143643869938,1.6360560420093495,1.847140111109793,0.8258334759158473,-0.8056802677407702,0.2711083480439042,1.285677445324694,1.2679358077790617,1.7040153759342582,-1.494773906480941,-1.3768162718700483,-1.1160721153653173,1.5112339478436265,1.4283087582614749,1.8440983861430775,-1.3860873144864312,1.5393718640989578,-0.8592651511342887,-1.0702717743059014,-1.8860177632894288,0.7457923784076265,0.43821309402127495,-0.9554740827578357,-0.5503883450885375,-1.1924011510177115,-0.8605570845516991,-0.6660969156893993,0.8584798099218267,-0.541627159940035,0.5183279684537295,0.6393392231526911,1.7062206113957399,1.7493815942424882,0.29263521390055897,-1.0816594652431661,1.2862205099583137,0.8957153541243399,1.6614553121180915,-1.4287102249938393,-0.8032340682762471,0.08709358826790477,-0.10134762000483488,0.7213552434323889,2.3614843847366886,-0.9835270111847539,-1.0350657753632835,-0.37378381046338816,1.920788387464399,-1.1688071857287154,-1.8290283024139569,1.711195454563067,1.6284745531566358,0.6317688832270504,1.7304810579094312,1.131951633966539,2.1822119193953307,1.5199146446558223,0.8241158871375369,0.15563291050673134,-2.004640052339455,-1.8031907790810928,1.3741336824287356,1.0404428932181022,0.9736510134337218,0.3479741595919793,1.1467112319125417,-1.6114300992906467,1.6804296618731582,2.1916973350240876,1.8023685874941,1.4034785853512302,1.3814995757290578,2.376055248263794,1.7825963377150487,0.9431654699948584,1.4756527651476512,-1.4403363178608184,-1.5436182772609357,-0.5928090794269275,-1.5710377420569202,-1.7073479158001776,-1.2039694633701308,-1.6341750024567911,-1.5143002075333227,-0.3309004420747562,0.33949080989357205,-1.2967642450074712,-0.06244162087632523,1.5902166452424562,-1.8217048820715003,-0.9930009344268921,-1.0120002447378416,-1.824611067254827,-1.8423721440191174,-0.7983313134240764,0.9911693763292021,1.9701932327105678,-0.5503690814780463,-1.2614019504498244,-1.260566785876139,-1.2762336186418164,1.6604272860998552,-0.3340297508431896,1.4316087363615622,-1.1193204918802788,-1.294104193913177,0.21047486834095375,1.7146750372651085,-1.3554348832830525,1.989374216166112,-0.5411035131139597,0.7144660192010834,1.2728135788204193,-0.45621615562998735,-1.151823753018515,0.4453886210147686,-0.021746034856044146,1.3185957474942633,-1.5687656307928608
"""GSM1539130""",-1.6263934234304591,-0.6478409733282129,-0.7719231183919932,-1.0618103794332971,-0.3249329496499071,-1.9011508656035492,0.10472810784176512,-0.8501836343634157,0.33217878358842035,0.1860137696211715,0.49292041554419197,0.17092738580301337,1.682001101531442,0.17024461547970873,1.578984023324595,1.5893504311644677,-0.5523918043585121,0.22500878725880208,1.478319958469721,1.4244543699720835,-0.8750121225940671,0.805442083833088,1.1491258216019329,1.7491082359803993,1.5492396397253267,1.5502442235622116,-0.7749265826353179,-0.7236715508193042,-0.621538587630614,1.450527250825526,1.472680286747699,1.3641118326429396,-0.5223783797501147,1.4782758609309714,0.5274633206094015,-1.0759436125240625,0.386841403438666,0.9157615018423871,0.9869860332102689,0.861912106847051,-0.012350821194696784,0.052542755650103815,0.6941698893131385,-0.808775248715404,1.5168767822659759,0.7050499494729032,1.3830953431042385,1.5475337154431565,0.9297387305125552,1.9662733415513831,0.2280155727393249,-0.963781219762675,1.3829563731134922,0.25443734330118395,1.8075948164167943,0.6118018493134778,0.3293069906265331,0.49350729879217203,1.0922961471739434,1.4144116618600953,2.1518466800786418,0.5240633613716345,0.3731875563567413,-1.0705140362398715,1.9037882507983943,-0.6020584234989317,-0.5302354255794476,2.063660251529473,1.3578317373130793,0.29106803510582735,1.4232347897456346,1.809359202939439,2.0747731086466192,0.879828568572798,1.915569635932397,0.546678270843994,0.008148747151356625,0.07197497577822001,1.2855020638091628,2.281256656979389,1.3994911352160655,2.4101488161725237,1.522396203189079,-1.1292465387502204,1.5712764208132637,-0.5961660700921786,0.13103817619526928,1.5158843014812142,2.342543179700446,1.645105823876083,0.9931695147883883,0.9389616127610999,2.162188885728533,1.146563075156974,0.07732757871600401,-1.0860347106532509,-0.5865957448269955,-0.3566602358206512,-1.0162031125825846,-1.1506019302832402,-0.8784350224134038,1.0970177253662825,0.74062096823328,-1.2192446384359488,1.45757011893999,1.0455983345688524,0.8145323043162198,-0.7514911115023077,-0.6235493106829622,-0.6886271859582809,-1.3650783167794924,1.0723025614856685,1.2471821324085122,2.1168971051528156,1.489506132853215,-0.47459314783776396,-0.955807833728392,-0.35871103092418816,1.530836234158338,-1.133618885188564,1.1289622148183247,0.17364027430213663,-0.08436027017536236,1.277701267110112,1.4296687114279216,1.0039309266380578,1.6284271593967115,0.7507928985080997,1.1628072308901196,0.20239311256819456,-0.5533769933163551,-0.38781962900402783,2.256834651099073,0.19585424939706808,0.8414072595911027,-0.6098955463682237
"""GSM1539131""",0.5948168262619631,-0.5547812730568417,1.3973679420591973,-0.9958841154632787,1.1480163281740874,-0.2637996025744836,1.1663544679525621,-0.07828699319037231,1.4692219145154033,1.356461769569238,-0.6069449093647653,1.4854150909597381,-0.4802991806985907,1.4278722730053282,-0.2710362069300648,-0.619344441239975,0.14622477704184403,1.388749517912854,-0.19277485456857854,0.054422096912858334,-1.0254711739896292,-1.5523565683423657,-0.7625813246680863,-0.25433199910848087,-0.483072787319926,0.16600791974428702,-0.5944983188518876,-0.3471839794606893,-0.46481814357686957,-0.5897427737607879,-0.6088238036077597,0.049225392963044325,-0.12861145023050924,0.05337109249587051,-1.4490407700568715,-0.9142750238938347,1.249003969304555,-0.8367228045577029,-0.9837214734867589,-1.4384951584164394,-0.6508095970028244,1.396942246770138,-1.3709517585578614,0.7123069623503105,-0.7806690406431583,-1.2612825510556465,-0.7576808053934185,-0.8461231509074929,0.022056326479464528,-0.11041450035874197,0.5170310857402903,-0.24226762426067897,-0.4795071327342762,0.588519322405468,-0.4271426370190209,-1.4957993528232874,-1.1024355130050176,-0.03202180916038839,-0.5865930647292538,-0.7712617641427633,-0.28354498661944777,-1.5848372570302467,1.0019159762796261,0.3521393932370921,-0.11091734145526548,0.3880417193373637,2.000982349595645,-0.38069087055512135,-0.038545439846117385,0.5485790284093507,-0.25016158043592357,-0.8401942728888618,0.08563459104083655,0.1805769096264434,-1.1804315470047035,0.006521685350343392,0.03805298490900788,-0.45716831566005545,-0.5783453054523502,-0.8059947938652935,-0.5636121634094847,0.17423130481383386,-0.39521043970967595,-0.1863537960194362,-0.6871441027559841,1.053362461764789,0.7386165751240681,-0.9850840833117162,-0.7602467368914642,0.2943048181932286,-0.5115476887314487,-1.3753033339816272,-0.5012163770907464,-0.9293110753068912,0.37234616424465766,0.07898862535166096,-1.0707569166798032,-0.7325681033963314,0.02466407599639966,-0.4129766268330714,-0.1543129958112324,-1.041670359897169,-1.29674328504588,0.10169749031486194,-0.4309857110708421,-0.059437310977918205,1.2264298741650304,-0.7313736396497924,-0.07480314025267072,-0.32511314862898555,-0.035004833714599566,-0.5319589439376485,-0.2666804758109739,-0.38654259128918833,0.3407986205697659,-0.26112550883615837,0.17460996188245526,-0.33231993702127705,-0.31350665252474913,-0.23383892037531773,0.3337858637838201,-0.17155480718252755,-0.911625368754877,-0.5325936885657395,0.16598776114462477,-0.9542234786877355,0.5153511756337904,2.304598486627434,-1.0770438221575345,0.4282785672501389,-0.4734867215770929,-1.635015890875789,-1.0264780729230716,-0.5775413545485211,0.3314454119616931,-0.29867867621915695
"""GSM1539132""",0.5601034378007144,-0.6861174621015901,-0.7616789142293171,-0.9830165966359447,0.8225742171421689,-1.8649150237972154,-0.48638065378997347,-0.47125000810334855,-0.5936481501456522,0.09659208354999063,-0.11766427742256401,0.2326247517255304,1.6090163845566974,0.2547380211827349,2.157740565623253,1.3192632220156053,-0.6569714510701982,0.2738178963244449,2.410398318470712,2.0827725672281696,0.6015096531295355,0.7491745041178866,1.0547996005906588,1.5683693420651563,1.7616308721288605,2.1397730703715707,-0.3453325877369111,-0.9147178536407548,-0.8897462703898417,1.6794283704882076,1.3306196698323318,2.1352155559093875,-1.452779967667562,1.5528176865033438,0.7082536396138638,-0.6754596488012141,0.2580474483146532,0.9520542537629343,0.8436694701379747,0.37978556027689886,-0.40443558042817906,0.37153763167356824,0.874274808808781,0.35148671903384743,0.6343016619950413,1.0138648270479693,-0.14865959214567445,0.9517534399401131,2.148035673036996,1.7356678766124838,-0.20894529759695155,-0.9617182102593403,0.6688436571191162,-0.9848009350360549,1.8726194664200841,0.8501350310821681,1.1719519632361497,0.9295001167006136,-0.27640736814520106,0.9613143068464541,2.162420078647206,0.986185386257667,-0.04374247428894687,0.5191710692579966,1.8039402753996954,-1.4013609400614038,0.3127482185357924,1.8824349148377069,1.8350710475791312,-0.0782374308926821,2.292995509912787,1.2119143376954997,2.2868938867674666,2.042274322677832,-0.4266300674338852,1.1082530510916277,-0.35363689005794374,-1.7573782173739605,1.4400788890245766,0.09765476000281145,1.8661021228961971,0.8351441416833478,1.8738939620001343,-1.17039284526459,1.8700704443448897,-0.7607864872581641,0.47480424993355075,1.1813661794365693,1.176117635699903,2.552035613956334,2.3169914257860387,0.9281654527663885,1.5803014209863953,0.9038310530600117,-1.451053202362595,-0.6296321555159026,-1.5935729848192015,-2.4232855958884763,-1.7302262934570563,-1.737569095495304,-1.229820660643121,0.5229589836959269,0.538814735408239,-0.4635253971491901,1.489770009149957,1.4948648885008584,-1.1885438834393351,-0.6821931694371273,-1.0726771644201192,-1.6588223328679346,-0.8381304446965834,0.6752640327847415,1.2388963315239032,2.1442405443416432,1.7253175563533025,-0.8081846051398676,-1.5801945254705727,-2.1109836296867273,2.285599425910398,-0.7886946987558315,1.734185498627505,-1.5652516549005162,-2.3402192389689063,0.17144648064985138,1.9107547386230277,0.7807475319301078,1.974962518365118,1.4223066566332365,0.6488405670742701,1.0144147662417036,-0.10620699692808427,1.0172441407945694,0.6514644496820522,-0.2205288273617866,1.7917907822301489,-1.5126884213188438
"""GSM1539133""",0.6919786801982011,1.4848204169238486,-0.8319815552308594,0.8413250230207415,0.4096750676972817,-1.4869228307593536,-0.6286025158008568,-1.020393363547686,-0.6342433526959773,-0.04245989474580921,-1.0613903232261281,-0.2689030034067122,1.6853603955979641,-0.16615950984712685,1.646626871764003,1.559255552053097,-0.2570910450968463,-0.03611248922671828,2.0001775351065234,1.8208603945300048,-0.6248845611912339,0.2775786821686733,0.7409655916510874,1.547429290779205,1.3236042058768447,1.8391667882794263,-0.6670567699569633,-0.5637610167680402,-0.2389007291820966,1.3598076042345166,1.0482234129902364,1.8531507482962613,-0.1445096629936404,1.3091511577234418,0.5443445014619952,0.30805209698636715,0.034530761409809964,0.5721415168270679,0.6591548390197388,0.09987211121281804,-0.39781981295984514,-0.28577596795643356,0.5755664476862627,-0.9365156278914724,1.0378560404969706,0.7495618189163111,0.92380725753946,0.7303062030999459,1.7418538037969935,1.938997757327612,0.11690069707063178,-0.5868983814269925,1.1356825141227003,-1.120865411893623,1.6067505502160893,0.618878254140819,1.0113117248131347,0.35079790829974017,-2.589812626030933,0.744313396516925,1.8771716165622867,0.5975906907477161,0.8033988369131878,0.33595249764035795,1.9197437610508183,0.09315195700161584,-0.28722173064234435,1.8073646934112613,1.7864614618483068,0.30868726535448165,1.9600226732224102,0.8991029267303299,1.902093750892913,1.4646979779271,0.23154971034600352,0.4169629537231148,0.37188183441000455,-0.37168142338853793,0.9317394686146759,0.35513787514509987,1.5503720904755383,1.6084260595051951,1.5001863355769118,-0.4320632192498215,1.6473589537511661,-0.7189352774809226,0.3053643171548535,1.3902600816270445,0.7472466821353888,2.295299891524552,2.0865656673277937,0.7537126016571777,1.228630450840179,-1.2355962928477044,-0.1399008023335952,0.08593772980209738,-0.7347376333367526,-0.8629636673613762,0.23980551054722235,-0.2844243395346607,-0.3235052613261177,-0.22056027589516786,0.3317687146470719,-0.6483105186130423,0.022026504566104246,1.4056530635321491,0.08732672672838168,-0.47226374723671743,-0.09710692921931563,0.4351284225129716,-0.6843742606730925,-0.5956373515697887,0.8758035427579172,2.3314612756077326,-1.220308465776607,0.690423563534267,-0.30022838957190773,-0.3564028206799293,2.245692840326448,0.3278710714093679,1.6600096818227117,0.22745778244326798,-0.31639986882220517,0.5909145881599942,1.8457605261967946,-0.9738115379189317,1.7984012460129069,0.5082880992511392,1.157279718309899,0.878618551365471,-2.2267642669274963,-0.8960717257781282,1.5231207826137285,-0.14771887717386054,1.3862731687163188,-0.10693692041102754
"""GSM1539134""",0.38437521056872015,1.5171987774705173,-0.7641234348481045,1.1276554701737855,0.9774642359121856,-1.7997324742292469,-0.6845410678298322,-0.5154179972201061,0.6391093813187592,-0.7858443013376416,-1.2442106002694246,-0.8800499086854615,1.723073165936926,-1.1601002139918153,1.841194551718911,1.658933493153543,-0.6935596811910337,-0.9968371896275755,1.6360560420093495,1.6424204540230565,0.675359841427674,1.029352295237997,1.3986505997730325,1.7162956971390562,1.5956170487217958,1.399849080759029,-0.7833588327968324,-0.5674047276257115,-0.6912982887703156,1.7465455682077429,2.0907541529332114,1.5837589709824065,-0.7434568402223376,1.6629324909768595,0.8735625501383814,0.10999645450485898,-0.9907110247762995,1.116017081526316,1.1966611394745221,1.2140809797044505,-0.5614983133200498,-0.8214108263389092,0.8458867757115213,-0.6217515639419963,1.4998991272692836,0.8981163542735379,0.39966510015899803,1.9160946180995877,1.3743336119222753,1.8709901762895882,0.9965698758232214,-1.0468511538279823,1.9036597239769522,0.2859421560336073,1.8112203858638194,0.7698995572352711,0.7475607723559073,0.18728220321219582,0.5693079719972741,1.9563481503463824,2.2823055480562755,0.9443281747608954,-0.15022897201875116,0.15854090560821302,2.1590100258051503,-1.0424543422138635,-0.5725279893032974,2.0473974765045697,1.674033988147427,0.9641425486431562,1.8570705792286217,1.4437176476533913,2.0747731086466192,1.2496704855403875,2.194790670544347,0.3239092440085063,0.41369286485032036,-0.15500256830904152,1.413255981619933,0.6325368238123592,1.2044880663132254,1.041259426664102,1.5810325536837222,-1.3224238609659897,2.283367227292512,-0.724213482280566,0.24854322812953425,1.7947525269810969,2.2977682022416803,2.066531260795121,1.5767833481513631,1.2232728438295668,2.3492934836902055,-0.9574527006561333,-0.8925156104869786,-0.24835299419923307,-1.5234821081009333,-0.36336329750672663,-0.9076446273093571,0.449596814803236,-1.080734630073565,1.2257255128393463,1.165777596793037,-1.2556740517010176,0.4851933965241072,1.1840923156144816,-0.8679363246706494,-0.8765925876181933,-1.1052578969854723,-1.0985330297891667,-1.6575872372928504,0.42564468454427046,1.4486146649435048,2.1461753732788673,0.7733298196163143,-0.5785672319980923,-1.3256622881687572,0.1601925686500408,1.973502881424535,-0.8960463573694646,1.361471932829716,-0.7505460962344233,-0.30576081654211185,-0.22802283710424442,1.7164101846343764,-1.0840529084887949,1.6473146058932548,0.21479119709673852,1.329473348582821,1.5860898854042462,0.2331412256955373,0.8011217383145924,1.1253376694223363,-0.011821635271182646,0.950121405402052,-1.5296939084932781
"""GSM1539135""",-1.6655493849410539,-0.6222384584703806,-0.8270798114074772,-1.016648691568625,0.024388604452903712,-2.0304310320683205,-0.9453349208732542,0.7067007405149477,0.363697050021691,-1.2121759574552073,-0.42790080158546573,-1.3400460785461943,1.390674935495917,-1.4300472936465662,1.806508999490365,1.2290558348239757,0.14122893828787975,-1.307966442065431,1.6737604409844853,1.7232667474224512,1.5630032111962888,0.23017311115351208,1.389804419972762,2.1080759228151105,1.479045753360302,1.7095869670928758,1.1492348661396135,0.8150782028997156,0.11656604945041911,1.3372440848064584,1.198528139583303,1.6530263827377443,0.9855208525738894,1.4580183337405663,0.7456026313899567,1.081140355353267,-1.2915302085034182,1.037025676154548,1.2581182073234796,0.0814758641256258,0.05642374820500792,-1.1072400025462408,0.5000159858423908,-0.7879008609541588,0.9367385160666758,0.5315841478240935,0.8531611313443603,1.1006496729292117,1.4767733469690596,1.9441738411446976,0.7687456598669518,-0.24918390256446607,0.7113916528483452,-0.9149967637775674,1.7418923053560802,0.3980539826469806,0.7617866490401828,0.8515655700956071,-0.6692021325362232,1.1311331288090878,2.0161276404936053,0.7794415034319797,1.3636493832909016,-1.1001628670368013,1.8290432335498816,-0.4011697323401778,-0.0066027598587675715,2.1836201416890755,1.7628790227517517,0.8252267147473549,1.7290214489165248,0.8601456269293738,1.8137676723589453,1.2706352777755288,-0.7779828564550023,0.620296764946826,-2.1182922284040493,1.111621400405147,1.1691563046441367,1.0331857061117036,1.2745232458451214,1.8726217335107014,1.5354013469482377,0.37880704689348904,1.4459822147951678,-0.6575693659473445,1.3344115580552425,1.1908853465169091,1.1400838970287477,2.0847250232791215,1.6625592352521472,0.7067989274831987,1.013092293641283,-0.672630693736898,0.717204216560064,0.2908341119170372,0.12152939034548521,0.20104259185926157,-0.9320632241230753,1.3841932262601047,-0.6901593404285903,0.2620180401038245,0.3419865120430209,-0.09879781324315505,-0.43589025881413973,1.3433428898257718,0.21526207263780472,-0.6362081703078447,0.31558640760106677,0.8286809323559486,0.38840710507409953,-0.7778473841203104,0.6303913445583786,2.3689708256685598,1.7363058997494634,0.7929718619403578,0.876822916610225,0.003072482702451649,2.110099626620156,-0.18668182627924268,1.4316087363615622,1.2130312389403393,-1.1186543236315905,0.19177934796226367,1.8333158183482017,-0.6685908803418474,1.8458240411458877,-0.13896134590131876,1.4199536166033364,-1.0426019540263358,-0.5511002356870263,-0.13736551300480287,1.558560085333566,0.3177950540645591,1.1251689459870629,-0.4600886817817495
"""GSM1539136""",-1.6998791060801868,1.4468463375488696,-0.774673732363412,0.5477893634524438,0.2648245847681067,-1.9708414890602803,-0.33152629441007625,-0.8764752116378975,-0.9002329799454105,0.08149584200237715,-0.788619520224363,-0.042035411877962885,1.3174988807955141,0.22884667141247078,1.5918767765256339,1.2856796568161486,-0.4007930465525364,0.07590500471130049,1.663087447609513,1.7274083554616328,-0.8319074251886748,-0.10230762504986621,0.8956822222965034,1.8242878561878642,1.397666469808456,1.573125519288285,-0.1502770960039991,0.3455171036561522,0.049654481449391115,1.1302210742655987,0.9782815102529719,1.4846090675544057,0.24933227353998513,1.3832757831995397,0.2753465961565017,1.0647294975494204,0.16248476397864695,0.6987158737070361,0.43486922317341536,-0.3566250580600346,-0.61709353431108,-0.2973117522251294,0.3713481337395362,-0.7624763302275293,0.221417473502258,0.5456491239119593,0.48306330269535436,0.5668269263077469,1.4850247006230513,2.2088822943581587,0.7461619104287137,-0.4812197773004695,1.0689818284128676,0.27084466231837406,1.3969655541152175,0.6852131433645854,0.8040424557818191,0.8596103774796939,0.8444353351257687,0.6944653335275696,1.9615760136438518,0.4639895697948419,1.7675930566418019,0.7999840921791526,1.9910053703237829,-0.6150416823317532,-0.1954270386583197,1.8098167612120153,1.6284745531566358,0.6892896842333841,1.633610249981444,0.9961108616878864,1.7996162204272248,1.339485037293618,0.2868005757490043,0.8939098387859261,-1.7315593997790133,0.6033780724059526,1.1435129032510407,1.6203142780689133,1.1171667843179676,2.2962038558205418,1.9399559819835526,-0.0647357896870002,1.1370123948036792,-0.3338472782609638,1.555977394074274,1.0993700234238961,0.5006339604168343,2.0276350174746174,1.1564695468329143,0.6288593358934499,0.9376015001872363,-1.5688718832236221,-0.11105313829562223,0.05670227016672042,-0.6193906371128287,-0.11073352867507666,-0.029852334630979516,0.47993132928224147,0.20717020503935143,0.437545309805142,0.17856442515434026,-0.6706197400370109,-0.22755485922856866,2.759200977343295,0.6530034388887825,-0.6635875482000346,0.06873689550433934,-1.0041781492417954,0.17193231096145342,-0.6973392113093869,1.1127726439998744,2.1655277022350607,1.848659686637871,-0.36533384615774245,0.7389434686818769,-0.4281358321778898,1.732975817555385,-0.49484828003603804,1.2247824224081227,0.5566762096503801,-0.5756342808786776,-0.08006031999387776,1.4132699815978063,-1.4571100380471191,1.7567163870731886,0.8788309578043437,1.2239816300821038,0.6426471475408521,-1.0495098141523729,0.8115216979194407,1.7751135165120444,-0.9201694248916413,0.9149745867570118,-0.7254579432170459
"""GSM1539137""",-1.7058483635338102,-0.6404489864839504,-0.8728114213148431,-0.946754884927426,-1.0327252761862922,-1.9671363505330297,-0.9229149079653034,-1.0263898544683248,-0.07440022664930251,-0.6822596056609059,-0.5963618123999423,-0.7321068859699994,1.716750328942255,-0.5564308801908809,2.2635585540114564,1.4324339556018493,1.1181337607756436,-0.561465580529787,2.0584437829394715,1.9261136431771466,1.4188493018746617,-1.0937099121176537,1.2650511753233518,1.9086194606209779,1.6741666504567634,1.9492946384464567,-0.8636522494694495,0.7363359170108674,0.43874529398061474,1.4576989577454378,1.237236562767613,2.0156122206898437,0.2324271706252824,1.6114344269851275,-0.9026109868682447,-1.0572616243366644,-0.5757547058457043,0.9890906161756948,0.8874171861052913,-1.1595589349984212,0.6484741896053983,-0.8042251728925061,-0.9276431910680515,-0.17123692510868269,0.37867942108684066,-0.7990856412150877,0.9535659998623458,1.0607136731347582,1.9902046221107816,1.9997258219028455,0.7687456598669518,0.7777858606446998,1.1580882110254231,-0.9541787396228406,1.6582047138041849,-1.0778765053245534,-0.755824069132381,1.802099786016757,-0.6465926874303574,1.1526705901863616,2.321553697210434,-1.0001614135902746,1.5442920895585386,-0.8256995586856336,2.1625987325708147,0.05880657079846476,-1.3307779745374448,2.254252092797327,1.9705041038683118,0.9041533801568434,2.2627872561343425,1.3701377050025114,2.2419319291089135,1.89258641546835,-0.33062170167563154,1.5510384138236,-2.240508895136385,-0.08828257014207215,1.1700408043647461,0.5456547353397747,1.4398180098147713,0.7954748973866778,2.625145140933043,0.03861893718582182,1.9966324344908595,-0.693655130287091,1.1477514441376657,1.1073435010740764,1.133693379471538,2.7476360105325712,1.650562096312133,0.7362087312200472,1.4310974612149558,-0.47028373036859455,0.14889919433666562,0.3810099943835831,-1.1043769876287184,-0.44623954867247734,-0.45158811189034637,-0.3916486855482844,0.5377310170075509,0.7896639002802116,0.6678055447649053,-0.8058093442813288,-0.2863725819093931,0.777645829614584,0.8573028579523067,0.571624763762115,0.6031262051267312,-0.3567192839432341,0.45309854192442883,-0.5771833146305265,1.6350365952666261,2.3606147554929406,0.7863967327031204,0.40445635928223256,0.22221776880380492,-0.323916096669646,2.131520051921215,-0.8387809110172096,1.9064635641514425,0.7031485085473533,-0.2538157822051595,0.9071699952516684,2.16080503697464,-0.22542530012593637,2.179778279631255,0.06568952655676999,1.2372606076979642,1.4752086071028723,-0.7197440367330806,0.17747642971126434,2.177516658123491,0.828294489287044,1.5690919733906536,0.0896497015742863
"""GSM1539138""",0.6098708343696496,-0.6564608195737024,-0.8171983313559265,-0.8975436679940257,-1.4743792480140614,1.0535344840022816,-0.38342490679759034,-0.990613963702223,1.1024741463443481,-0.33012475543814,0.7301805075712279,-0.48629588704611343,-0.45607784697490084,-0.3814320979019132,-0.680976730957556,-0.10576199348711443,-0.6519776937994998,-0.2108122256392145,-0.46317780840698164,-0.581002478402921,-0.9875992188617635,-0.5081375787640133,-0.14743319795272875,-0.03116937539829854,-0.4993689913584019,-0.7730672226593408,-0.35188745818764317,-0.8340964978116017,0.18545021441819282,-0.006226197591157528,0.3165684694168417,-0.6005370290045969,0.6393940357035887,-0.2842599802584499,-0.692468975395525,-0.6954597092209241,-0.42901339181908493,-0.2939616855442923,-0.2392836394981532,-0.4335879278629743,-0.035673759327075484,-0.9925848416222928,-0.847502714489271,2.5813932187062383,1.0179375879001618,-0.9044471832584455,0.0781336460279836,0.3454804670897441,-0.41386338787249516,-0.4527193426128858,-1.1491428327166466,-0.2756008730697284,-0.09069345583475322,0.8041514954384655,-0.2589679150197775,-0.8828608908397887,-1.1694217603938186,-0.6775671006780583,0.9226673536078207,0.45027008933747026,-0.5739680695654192,-0.9523963325690782,0.20620244253748005,-3.4772432973743075,-0.4029939097660324,0.20697609630622948,-0.1170455652414874,-0.5283825657443584,-0.8867641316358735,-1.452042186015069,-0.7212821359467136,-0.12022179751708024,-0.16847390526117145,-0.7384521231783872,0.19432464021567056,-0.4264046275475444,1.0685787788086332,1.1718638022318628,0.061547288964778055,0.512194654829582,-0.18395286859231746,-0.4559592294893674,-0.557063063967007,0.29154724265762383,-0.4843841944898291,-0.6746481165401683,-0.22299762991961783,-0.30617983177614194,0.22922537584874497,-0.07816149796955991,-0.6654808052408119,-0.2656589625466267,-0.20551613427200394,-1.2499296664033779,-0.2583066550569447,-0.2779753380509536,0.25695555091955713,1.2606529988576796,0.21199209503508343,-0.6403558592905878,0.3847002470478525,0.4285997577870204,-0.3582211639743682,-0.40896407338946184,-1.0603231291205124,-0.22146048021551115,-0.39256467805598255,-0.46790805694085397,0.08263821670357169,-0.22541673493859538,0.11705836166085178,-0.8210061346465951,-0.5011524032403106,-0.4567039576179269,0.6521282190089496,0.6298390266124905,0.3665520535965234,0.610047927674246,0.05608016693270823,-0.39992275003473327,-0.36607349679064216,-0.10814287185031665,0.5970292024429686,-0.28157706826808526,-0.4593767925801132,-0.9423276536612674,0.0052538113537870775,-0.433912297209155,0.07832994764282727,1.0172886007495967,-1.4244821790782534,0.7294527084360884,-0.7816087999905985,1.0269004502763543,-0.6033525704979273,0.24330941311061724
"""GSM1539139""",0.5690659967311813,1.611950055199996,-0.7857639509337025,0.6192325171119133,-1.0011959150516652,-1.9956824304594434,-1.3848682563463726,-0.9181732222923906,-1.9476589152046928,-1.7702214877871159,0.6302693304566035,-1.8621710890199124,1.4699282835399101,-1.6297005331606642,2.1193814178517263,1.4177220732314488,-0.5172111526223699,-1.8334694059037553,2.151043199188821,1.7191852822856715,1.823097799033255,0.5641071633153908,1.5293671725877154,1.9909475182320227,1.631485170627213,1.783158484772539,-0.7952241073069326,-1.2464133199776306,-0.6540250639834031,1.362190906852638,0.8336366082437969,2.0156122206898437,-0.8198533879899077,1.4828441678702113,0.5748232099734901,-0.7556348929397139,-1.9706365051171213,1.0337083273539134,0.7374283760756125,-0.27091527375327323,-0.5660778311645347,-1.2073683735581944,0.822447150076413,-0.8754411300252127,0.47287615251069814,0.8981163542735379,0.110150863443416,0.9057272534355479,1.7037274426887012,2.013263790071639,0.4293748459862811,-0.3849445183452255,1.3031890797950039,0.34563706347005624,1.8259255935379488,0.7684577490867786,0.9796758597461143,1.7529168651707538,0.5693079719972741,0.9593165400816343,2.2955292139211063,0.542125489665913,-0.6488160109386953,0.3477485742357294,2.100563662027379,-1.1538945893009886,-1.1834513826014503,2.437280930206494,1.816078646953396,0.5201041789315634,2.1045674103351817,0.9890701702086275,2.4147537055005333,1.8847733509937246,0.10270274735364739,1.570257927768854,-0.21920143326309222,-1.283519594056145,1.2733270088064372,0.20724406910587906,1.8298464248170214,1.8443026072077426,2.7112748927307524,-1.2343228478004353,2.1142753642480456,-0.6965412813962929,1.3951850757556354,1.4593353894897467,0.81486367455046,2.6426942099723636,1.4631388093291564,0.5969910415589695,1.6001653071141788,0.6792123358753707,-0.48788084241842555,-0.6779290959602566,-1.3544464425040974,-0.9600253741088449,-1.29765580218024,0.23982309706539812,-1.1318002860162046,0.5239265744062481,0.44494058842508627,-1.1198734796721914,-0.4831068948539764,2.3847674695134544,-0.42213815211777816,-0.5703347568163765,-0.4839454353162764,-0.8313193924221841,-0.6538460854388538,-1.060482977494217,1.9257305082518963,2.286770708302245,0.6168041791460086,-1.0133366386691827,-0.8297291797779319,-0.9394768394640813,2.128008145210243,-1.3761777601279122,1.5540709140158293,0.3410826166931185,-1.1979915214393553,0.10365857080446593,2.189611089444453,0.6731909055396462,2.184729566786909,-0.3687300953562594,1.4053999075633268,0.7607469857206224,0.21461598162618045,1.0560576227257996,1.8622287439305718,0.030453492940334777,1.5690919733906536,-1.1469902608019629
"""GSM1539140""",0.4900761672101399,-0.6359766611325718,1.3045976669634411,1.0487545051166145,-1.51745945264915,-1.9350279459507274,0.24898011569492057,-0.22052106657202983,-2.446843586383303,0.21228445052636727,-1.5723940199024675,0.3193255059152611,1.885742263148084,0.37780963706206655,2.058509643525207,1.650166641180569,-0.7908223906300035,0.3403468774663806,2.276031162099984,1.7779877694915343,2.3153152484898794,1.9799226420170442,2.0700590949073994,1.7699288639992157,2.0241892348232806,1.8107163037870686,-0.10087003844340897,-0.42620333957378254,-0.8318593389013442,1.8422346624806873,1.9964079886707624,1.6832331697315572,-1.238080837788569,1.6159972496882837,1.63691056255777,0.278223833105074,0.27740874980827007,1.8708298334457367,1.9030214170855027,2.333517156960566,-0.41037024854213794,-0.046400343855593815,1.557111575179889,-0.8436758202017369,1.9101744486602936,1.5370917085882674,0.11377477573784651,2.450699309274252,1.8629355468074775,2.3425456793375092,-0.29817605392100655,-1.2231265943712046,2.0702570752167495,0.22738018484038414,1.8726194664200841,1.6476003839801954,1.2744053488657432,1.5400845661128648,0.4950333715171755,2.140244931667689,2.485565389059182,1.605566921071746,-0.912188445207719,0.21270348029763173,2.5116032659412535,-2.0332441330801228,-0.6589431040865333,2.507616411204481,1.7022623803053782,-0.408329002327309,2.2860432471838115,2.776642761362336,2.228083926831466,1.5908679679056252,1.1088736269203314,1.508642469302425,0.5086540581070859,-0.7837163876970277,2.227839765687208,2.8561603453443807,2.004188519288757,1.847052121775138,2.4755213876751485,-1.7776518934600989,1.9517282221866403,3.022096390387119,1.6608719054637002,2.214557645825958,2.632438776938872,2.3394011186572987,1.8606234794148608,2.0242089593554216,3.087455405439643,0.4935173583443262,-1.9964449079568187,-1.0675326977665098,-1.869609164870293,-1.0102373160203721,-1.9265165967257496,-0.6599858474551554,-1.3547875929573523,1.5438384058122196,1.798888811832149,-2.1569596872436856,0.05796995627136565,2.293196453548327,-0.59600540374741,-0.9757046511707759,-1.5170601164839939,-2.0702825218709537,-1.4138445085561147,-0.38128671042750595,2.0305992986603014,2.388442758004478,-1.2514926625374565,-1.8629655019307512,-1.543945403218599,-0.4374196354728459,2.1770419710928888,-1.2124903850058133,1.5093784116824274,-0.9063009318168455,-0.11586410295087114,0.4117477002710135,1.9586725072440871,0.311874297097673,2.0986176269900843,0.9429863115447835,1.7722907807071735,0.3985342390815522,1.1262915933923172,1.3356218582697044,2.3297616789766633,0.38707962303682375,1.4942432957876215,-1.1116922174306236
"""GSM1539141""",0.5490703006971172,-0.6500813106726607,1.3894394926979414,-0.8509883348469176,-1.6262442270790638,-0.47619217419968785,0.4416259557281611,-0.00395805014619144,0.7650307663885926,0.4391903196254628,-2.162567457747416,0.5111496138281544,0.9449734493888894,0.6029174143855107,0.46885848474297415,1.1103810983420064,-0.9416972058761495,0.5856473750967073,0.5818584804140529,0.7244262455818007,-0.36391692764336714,1.4993660186163202,1.4810912831503669,0.7897131338618878,0.9161532001460402,0.698393991693631,-0.975966232759722,-0.6948670894235282,-0.9983929523609081,1.0979643906593863,1.2222372978102325,0.31558552634237086,-1.757567204826286,0.9239425705967552,1.190778909828859,-1.054152405099636,0.5627999938512972,1.3755501007406756,1.6129018523741288,1.5829119245306633,0.28502436092063876,0.5073355014123168,1.0651529403974385,1.442098853678508,1.109436731656021,0.9782770448406355,0.4594887096049523,0.8177597417266168,0.7136187299919674,0.005910256117025141,-0.5487639886886507,-1.4592772088187407,1.2484085280520916,0.4954808640009145,0.7998356804166109,0.9778360272242693,0.6212270867077241,1.11505292374139,-0.06445557909072726,1.0562050745341356,0.07145441083671605,1.0984088427275072,-1.296337086256573,0.2167919103260174,0.10342635170939939,-1.366994708749162,0.16705629215185624,0.08290861870328828,0.7502165799280514,-0.60505259985596,0.4647012158106515,1.2355394937162043,0.5189279794472108,0.9760272158157445,0.9892645745042772,0.9037296576049877,0.8892728459646427,-1.9587809176364848,0.6391458217044937,0.9183185280138809,0.3603524172373105,-0.3099104098269836,0.6209927142031709,-1.7524885008409423,1.0840143958414588,1.2167768554479506,-0.21760845065272486,1.1235166131859755,1.053142265754567,0.03580264338666888,0.8717295593666452,1.2388484362866616,0.160258622886866,-1.2396199450218814,-1.859622649292136,-1.0725099940539846,-1.6278026815258189,-2.0379566957729986,-2.0992228909983175,-1.7150422591481456,-2.1813543302143525,1.1126942673806064,1.435390120799356,-1.598287973042856,0.9035758322176817,1.07692018833305,-0.9809845846034395,-1.294894959496441,-1.7405727450600381,-2.0596139415680774,-1.8978414033779747,1.398027755655806,1.3105584774333388,0.10966688455030241,-0.9239087202190458,-2.1297603209635456,-2.169935894860778,-0.6520211335778152,0.3257849730614206,-0.6264171654801459,0.8996926926109748,-3.04626669628567,-0.36740506193217565,0.3059281275828316,0.593331441383912,-1.0258017968038793,0.4139903822949468,0.1906083069590567,0.5994819597399912,1.1953660294766293,-1.0844876015703997,-0.1668862659173574,0.7635563479914736,0.5606716541419727,0.9198912592980297,-1.7732948251555407
"""GSM1539142""",0.5082236057908751,-0.6152148109436771,-0.791013006597806,-0.9103325972588812,0.7616094930412779,0.5261101392492281,0.9267060386111641,-0.9788107056065559,0.7921528393223991,0.9479332010179411,-0.509798301312076,0.8913247786842742,1.1457444013546016,1.0106352529848592,0.6744523684810968,0.9311518069980798,-0.23847915013260604,0.984527338532553,0.16384926202655917,0.7678537184401518,0.5779003230840898,0.5983820245375087,0.6467229388562145,0.4589336362264715,1.1494217841335486,0.8100543514070271,-0.023874681853421145,0.667398737805296,1.3472050541651865,0.9826537554672741,0.6348341358862981,1.0714386571785621,0.22771050390414901,0.7611555279139632,1.0240454871493323,-1.173461499827507,0.8329471539904623,0.9667994737808431,0.7580570346211463,0.6523325176608401,-0.14681201587290243,0.5135894172610432,0.7666774871972727,0.8819543023831254,0.10158798787311281,0.8275957189509658,-0.16910417871071967,0.7166540521285956,0.9088843322803164,0.5273399116841839,1.0412238113758097,1.3698091138164779,1.049826811108131,-1.0404778924324798,1.0256790749651286,0.6020181157820087,0.724724649722034,1.3496750324607516,-2.892166310994349,0.58361886280379,0.0705442567481263,0.8127902077687251,-0.33064809601565087,-2.8938749174579543,0.6212456081767169,0.5013825941008956,0.8018978069976865,0.5205518820672886,0.6317365206903295,0.9936946892261802,0.9039944458086814,0.48698590964627303,0.4622507864741217,1.2100644568961048,0.46752436207140463,1.3810679461600024,0.7479856727143981,-0.174135229451304,0.7343213077957105,1.109123113334414,0.5740058433671716,0.6036887615829406,0.9116412061332292,0.5621688839886111,0.5200619254866945,-0.734488084271612,0.46435774368623833,1.3028987641878804,0.3056937434171384,-0.36260168832248707,0.9701730467787996,0.9119601206883847,-0.40897886185086424,-1.1072698503893716,-0.4840104553671887,0.7448775284138631,-0.562860128010543,-0.3195304814287482,-0.16388146917973254,0.9515688503930883,0.5796342568631848,1.2853491632935934,1.20567944243767,-0.8171590860535083,-0.42449174389863736,-0.6574685514697101,0.5979711038848747,1.3498526096678036,0.8255474846916869,0.09825590465022153,0.6949918055588009,-0.5793119186836848,1.1605491205149927,0.27564896776568476,1.1480360785411556,0.40331838688063887,0.2760667236791653,0.8237037646809233,-0.31056102935047236,1.035017163136186,1.2551245563224689,0.6249779074633817,0.8678361868038532,-0.28914811561255765,1.0445982310837756,-0.9789817318167792,-0.26760316245649424,1.5810780234550827,0.7427257273644545,0.9065297917321662,-0.14840373594175454,0.3925323976854393,1.1853015685237724,1.0089931226735893,1.0164260203100475,0.4240272523509275
"""GSM1539143""",0.3314604612533436,-0.6544899457082916,1.1059245689719768,-0.9188554205495268,-0.31658812676648096,2.0184405919455335,2.2462632586719846,-0.5970033460083566,0.6897940189857342,1.8369832107248552,1.796517671064701,1.692933758419554,-0.25192832605226956,1.6990971012368372,-0.2802413666632375,0.1473878227706339,0.3529416760956219,1.64788643642242,-0.24175363562116628,-0.3383819767773707,-0.2939789261765388,-0.5412715159158242,0.27702337244907727,0.26479537102100714,-0.03238149104991519,-0.5110648784857269,0.4191206643107209,1.4251540118209225,2.099450905886839,0.5482362936610577,0.6962154980043322,-0.04942192808442455,1.3560717236733426,0.04356616711801842,-0.9578302096391452,-0.8547006814296417,1.5635270484262236,0.42596935222751503,0.35823036371670014,-0.25112997144336296,-0.7333334487001185,2.072233737981826,-0.8916714901427907,1.4307842635148398,0.9075049493909103,-0.9732949403870951,-0.367108155184038,0.6140306763805882,0.029230040420746957,0.1339778889289783,-1.1552403156058764,2.3018253710785412,0.0072832603632009135,0.09988451900470158,0.08617696295335782,-0.7074072914673343,-1.2900758280540805,-0.06765379240579701,-0.04168631256564803,0.5226812756972845,-0.27413328745834875,-0.8250932282153565,-0.20499243798466132,0.7289297246558629,0.061731411012314615,1.4865681762026732,2.3274599210224545,-0.1842335597336361,0.014231176161571312,-1.1409614465297018,-0.2291426662792882,0.045640385339057114,-0.06262985926161531,-0.14803820802115503,-1.81636818913074,0.11060858913988016,0.014881804740898164,0.807313157607323,0.255449609204364,1.895337057159432,-0.171779692110395,1.1734367978134552,-0.24847043500962585,1.5028026573909508,-0.38165681306189975,2.133104728616597,0.382535292651733,0.5706080621013618,0.11384640049995713,0.004116966116570915,0.11694010477551874,0.548578717901389,-0.14471327284147312,-0.14469168295337095,1.3249249473325864,1.8597435976912362,0.6819765606031359,1.0719323433353283,1.2439174819256376,0.22351158029275867,1.3990044140856603,0.8595628727945274,0.8233478424611972,1.55397784115035,0.6289270875488167,-0.9080064107984503,0.712784060846978,2.664262557665607,1.67205528539185,1.266512766641584,1.7976111012587368,1.022152912260118,-0.05005295877710123,-0.1434035731566305,1.6404170696978255,0.73891559519061,0.8490546558463024,2.022771326970778,0.0005481940458104021,2.570759464106759,-0.25461731166269913,1.5301493196438434,1.2853691933547713,-0.7877779750288528,0.22448355763816327,-0.5132171824513541,0.2773133150314479,2.1010928528369885,0.8760479436016587,-1.2038266330697605,-0.25015833896749273,1.069592339513682,0.5530232348221558,-0.41039714634860686,0.3880789645442387,1.182790645862107
"""GSM1539144""",0.4818326355386439,1.8328560138525272,-0.8102728291229165,1.237474688564951,-0.2839412790873799,0.31899157510860143,-0.8828499848511209,-0.8548687458737336,1.0671867708885316,-0.8628589917370109,0.11012867246024785,-0.6241917403539234,-0.3833533840368256,-0.855438965919802,-0.48776552951028745,-0.3585795006061565,-0.45694878931183125,-0.6662812691984109,-0.5895473055859282,-0.3602792582005947,-0.911142491001083,1.7204073771888524,-0.2861902566790099,-0.3187973052151696,-0.9735314019504896,-0.4784994063273185,2.7067691483639855,-0.5721826807734587,-1.6338716792777515,-0.35877891455740896,-0.3324792945169469,-0.9169768292901838,-1.4129643199971977,-0.4046482910168651,1.2964622883519445,-0.4274782888457978,-0.8007059621723364,-0.26352896734943226,-0.1551938547480879,1.4669505221444368,1.1768984485913243,-0.5711914429902578,1.3538979534340128,1.4198863490575353,0.12200373488878892,1.5179576064316962,0.8581961809505068,-0.7123226434003558,-0.4324585512201715,-0.7525713283562079,-1.4805232580134657,-1.347141071311312,-0.39603459410119723,-1.0101749744126225,-0.2382863651503434,1.572794680396014,1.5838213953131164,-0.3110967455826865,0.6240609355228496,-0.4661683369718858,-0.4766277771037555,1.3353288133425627,-0.9475248695241174,0.2835908096052349,-0.6786500798331738,-1.5723999626427039,-1.159878234114768,-0.6351563712967855,0.0459782335450982,-1.3802600981051543,-0.4534089206820309,-0.5072598398518194,-0.362903486398212,-0.3903499323189945,0.6478037889946814,-0.33959902310554213,-0.28292354982199347,-1.2315344680568847,-0.49858883002869026,-0.7458628481190993,-0.6640565763041969,-0.5633315515355735,-0.47406676742956755,-1.134225230550652,0.27077005251084235,-0.7464255343473204,-0.2697134299255751,-0.208466950439075,-0.6972416642199352,0.2284375529619225,-0.7182720852995625,-0.42687281538890504,-0.43248143920384197,1.5590614479232998,-0.6701194867384986,-1.0212356026512228,-1.316498537911511,-1.1036148364181708,-1.208207320935416,-1.1408547624212093,-1.23936038182008,-0.8245318418240349,-0.1626843182456854,-1.9585249866449816,-0.7126244202876078,0.09855501806050941,-0.584258581372776,-1.0425923657980842,-1.2792819733033427,-1.3948288628399368,-1.0360062368049534,-0.47123625794550655,-0.27078817156276114,-0.4561361680597359,-0.5759315281620199,-1.3542048804764844,-1.0743835971851174,-1.062231178042953,0.11274193113401562,-1.041990939314986,-0.34173775876602025,-2.480812741519932,-0.752019041839327,1.0157456938881586,-0.2922596237712003,1.3878759265585205,0.12909973537587865,-0.7558498456259168,-0.8441374786326002,0.5498017689509548,-0.08639470844695929,0.3390285788217347,-0.3837841400726547,0.8017007906153086,-0.2278563522471832,-1.0295436851808273
"""GSM1539145""",0.6080073646056049,-0.6460394153444523,1.269629671975468,-1.000429337812896,1.4622890540796816,1.355597367725525,1.044711982858079,-1.0380342572562866,1.273367015198463,0.6484081732832457,0.8296284542660023,0.5980283544024134,-0.011535094681932654,0.5259024529271044,-0.541587041394039,0.13489395678639474,-0.32969548251207265,0.5053226898873607,-0.4719285958568514,-0.5257808641377102,2.238366918981366,-0.11607434538833797,0.33621213222128266,0.02381628228267276,-0.2664439807947107,-0.4650047935752483,-0.4923220395395915,0.05884810735427894,-0.0923409437089586,0.4660681820558337,0.48098489439210057,-0.49553858519158744,0.25499259967982796,-0.17244510765656135,-0.6654351125475791,-0.6797170492264769,0.6170614705532744,0.49210699821770565,0.5666652159803571,0.2572411378190823,0.46379358620112004,0.16523065277913127,-0.6578936780100925,-0.8664409698251961,1.1821771058534243,-0.6357361420670735,0.2191330200581733,1.032679456440753,-0.24177415784474127,-0.7517281084136661,0.08681160083315653,1.011790200297704,0.505495029698732,-1.2199848001602605,-0.1111317020217263,-0.46467169457119883,-1.04994635858028,-0.07324895980322964,0.630736478288251,1.14224973844374,-0.5934500377631308,-0.6317229257329176,-0.012307540494239991,0.06758776950023533,-0.426523931702946,0.5530299001425443,-0.1668366893803371,-0.39233762382502363,-0.16830190825373023,0.09649297024643472,-0.4987304220086029,0.10747793214346764,-0.3980150755571292,-0.30688196378212,0.5840212970574087,0.07398494921539148,1.0579795572232944,1.0673275514937757,0.8275807955713314,0.524022675908472,0.013186014049779928,-0.5845727939761083,-0.5304337468675243,0.9204063946862743,0.36868144998372676,0.6501243398231968,0.8807689897377887,0.5295638018048903,0.136946955365097,-0.4870301587916651,-0.10259548718392443,0.8461584254829778,-0.23048275744948465,0.9519341941123671,1.0681543150298236,0.37364386986487186,0.3614446001610354,1.310945823369781,0.27609502051885293,-0.7849074349532645,0.5534871410405301,1.328645404734391,1.0025836385097904,0.8955876014070236,-0.8520209933715833,-0.7794789566296696,-0.7830667281499416,1.1261992174208886,0.3002953562373328,1.0058650097712054,0.6606295505119085,-0.7706535443048925,-0.20428651714319387,-0.4625693488779285,-0.608648479327474,0.9030367973443071,0.221142297386883,1.470188825526902,0.16706266813686219,0.4724929515281684,-0.018189675110120387,0.9877608057795961,1.5251686792020753,0.2582663017102631,-0.2794299751310385,0.7138538239284334,0.11673926861833377,-0.8028804179820546,0.9828402244757068,0.6184314373585509,0.9712412504372615,1.6747401988928434,-0.905891836737068,0.9285920700225587,-0.012232082505211947,0.5253956832560954
"""GSM1539146""",-1.6323600355296424,1.666132859608263,-0.8398486613787027,1.2342463675649291,-0.3778087534421929,-0.6683317099478875,-1.326746700694645,-0.8453598370202597,0.15285284584530975,-1.7880447361653056,-1.97113368691631,-1.8068525621866611,1.0235605285963596,-1.88053029104833,0.3942962978806128,1.0362542326202282,-1.1355839990726628,-1.9669580604976677,0.2412836738184771,0.9678940183055004,2.3518133900716855,1.3796238197417874,1.5259322956245072,0.6529235417601601,0.5714150719626199,0.8232232376246105,-1.0917611695899012,-1.3923125991078673,-1.5197317835603084,0.8657607712023672,0.8124110994624205,0.29687195571312114,-2.1082804130964945,1.0363041863999487,1.1567914712707041,-1.1006022363875752,-1.9806209536726573,1.4007687352481215,1.5632230188649114,1.2652394358641037,-0.7665860669020709,-1.2108344635038932,1.2893274800345615,1.3596260929503576,0.9915832739501684,1.151873081119596,-1.0180221993109715,0.47868604974399376,0.6667817654559276,0.1416593632037201,-0.46852796485149406,-1.8919508185407015,1.151450133381318,-1.2981200545028242,0.7568517360810935,1.1413013324516832,0.9730486818811332,1.269098023198687,0.3775023365391969,1.013302685346754,-0.1728052800626316,1.323381391690409,-0.5889667092177926,-0.3798004044545844,-0.120907961966597,-2.111128147579942,-1.3164341250067122,0.0559700128983775,0.6703611357621208,-0.4944768544621004,0.3275812112212733,0.7722901512938679,0.09698251319097065,0.861715602956245,1.1484455029147662,1.4866292119264175,0.9197847119658535,-1.4164932941035668,0.609849007887883,-0.1472983164335104,0.3686982949988455,-0.9277611648981986,0.3985854191879423,-2.262041311650898,0.9948202231040826,-0.7239266275268748,0.19675106376474347,1.0122157165563364,0.5680929951231092,-0.04066512745012152,0.42952582909731235,0.9777651756902622,-0.14271316840333065,0.7162330655798256,-0.9636512684282996,-1.5538250723872622,-1.5543561832306911,-1.7083160284225296,-1.606378178349979,-1.0707222887147803,-2.2075796360108817,1.6281127657266783,1.236900100373477,-1.7290373528406748,-0.5112485838980024,1.6937736233124208,-0.7795129261397802,-1.451687099941795,-1.360574390421516,-1.8283624616517458,-2.586701576468741,-0.3138133267821488,1.3007128732422184,-0.1407418491288543,-1.224767006519298,-1.4760109288953487,-2.2772462187074516,-1.1367632201044564,0.19194648748841214,-1.4544609469628735,0.9351076437841391,-2.2829392343730057,-1.818123017138949,-0.19748268991732915,0.4330152981593152,0.4628302249128866,0.33036758993391024,-2.402152200803769,0.5352163962509807,-0.3359803365449552,1.3862512793812791,1.775466152741796,-0.01737625057069353,-1.204774201506704,0.7315052226594346,-1.673986467072318
"""GSM1539147""",-1.6424546370615305,-0.6018901783815569,1.3151250882434342,-0.9209245975472882,-1.112600045611604,-0.5969497554171523,1.9189112783902196,-0.8462348262010376,1.0459812432837563,1.9473642799504278,0.4502130203673513,1.8617491323605826,-0.29948262163340456,1.8533578792023404,-0.30526475393098507,-0.7351505202141649,-0.9206382364309085,1.8229544091159815,-0.29998323282134126,-0.0016042885475267786,0.93009525674388,0.01740234918860299,-0.590966229722908,-0.7951086951865391,-0.5359820050858204,0.003254861821942238,0.11426491631342146,-0.9226351328877168,-1.2206494523652498,-0.9827193672118398,-1.1168140259821928,-0.3656617790835905,-1.0613701974274705,-0.3700322415493244,0.4953469517752496,-1.0093900523280186,1.6626752315495226,-0.7517113754605891,-0.8003291079015064,-0.4638995449578703,-0.8402748855513833,2.305552749804042,0.4244425128069652,0.7447128545082807,-1.183379295780512,0.7050499494729032,-1.0096051698422068,-1.1109392652724088,-0.0949676941937342,-0.7116291843718945,-1.1462232220998718,-0.30715757321942827,-0.7289127452678035,1.0910130688544244,-0.5563104499420164,0.4236323956141876,0.9279888233901634,-0.04899796189875678,1.170610616321447,-1.1042394362699168,-0.3620097351075155,0.5092068080826805,-1.1420889961749672,0.20975418542667795,-0.47722052961402617,-0.4911250618839596,1.4335443717505907,-0.6036939188113682,-0.451556661576558,-1.1592762096081544,-0.4797844914338859,-0.7494816800700008,-0.24846383620577406,0.2068168524055536,-1.1970648586652217,-0.3770851695759162,-2.316022231187484,-1.745948044444417,-1.0544589295736508,-1.3035503935962698,-0.4470500694987145,0.7538941050399518,-0.3612600712674899,-1.0063436144288598,-0.588374496681368,0.6275422027759884,0.06301865745348327,-0.9629201835337194,-0.9917324496549562,-0.7302317582330032,-0.21167274043017292,-1.3115245450714028,-0.5103139860788785,-0.7526422950427233,-1.0258505192656193,-0.7730354485421529,-1.527302286706554,-1.0900297641711492,-1.2091558176498365,-1.9192035080856418,-1.0695513155230976,-1.0598244375097263,-1.052456496499964,-1.3241862351072917,-0.677062212277033,0.8574226140422794,0.006741423475043858,-0.447809230236375,-1.1307129028356007,-1.1307796868177222,-1.3617386127276765,-0.432793950212827,-0.3409348715635973,-0.4158405263973956,2.2459255574930004,-1.037254876044908,-0.6919414142994945,-1.9620926735354522,-0.3443310369465201,-0.2138708425232071,-0.03722761281565824,-1.9303419139766724,-1.9445709758559946,-0.8241113769581199,-0.0049008237658624675,-0.5961616122985469,-0.11441398439280334,1.4508753853905285,-1.1314101630100246,-0.8485544905410607,-0.6865077407436396,-1.5032471488065018,-0.24166124657622798,-0.46314609449887273,-0.47915461287068406,-1.2784458991472827
"""GSM1539148""",0.3993581128632558,1.6532793823538,-0.8313584105137808,1.1276554701737855,-0.4707998720708397,0.8289807338423408,-0.5225006573321193,-0.15658769909263315,0.6857477646251615,-0.7273216435589532,1.6379521693077612,-0.6773718663801763,-0.42840599546931707,-0.7609682446600816,-0.8295646595291055,-0.07731558186154372,-0.17524494293579854,-0.8690492688874437,-0.4494514076533969,-0.6178105426578668,-0.4370301789196255,-0.6910623846612423,-0.44504593392879954,-0.3379765763908894,-0.4819924680438272,-0.7160122412650367,-0.4362187484824921,0.860861015937548,1.2355331975545063,-0.4389740579808956,-0.5305723306395974,-0.8836414927306973,1.7770279877755693,-0.23837464956294704,-1.1931402584688169,0.27482431765890103,-0.7273506682130435,-0.14048672096987422,-0.08424715234455912,-0.6403777975770238,-1.0965223868502227,-0.8130417108631313,-1.2814812230361756,1.3484541891042081,1.0340967840187187,-1.135793748667585,-1.2575291572089062,0.1707242415715537,-0.3909443781628543,-0.8083512528788054,0.5696947270790447,0.3306779136128515,-0.11769375202617573,-1.2267141358335558,-0.28672030287307304,-1.2879032206255008,-1.2996417320247076,-0.5923540350190208,0.4546316189498059,-0.04031048483046707,-0.5735007008197901,-1.3602053745672438,1.0318303153081296,-0.61264093609723,-0.8756042665459508,1.6542092223357827,-0.4116228772614648,-0.3075264243341142,-0.7428675991181,0.6096398651697804,-0.8948230786629013,0.004569477777104814,-0.7329145081712833,-0.6705702919744126,-0.21264511582569162,-0.5072069910593672,0.6982512185858543,1.1491024864377726,0.020644291065055668,-0.8624432784389453,-0.13706485442426813,-1.4131042240877554,-0.7485957902480019,1.4110029799714856,-0.8070825904874479,-0.5886068880749148,0.7183056633418701,-0.8796221488735059,-0.17828187081328312,-0.6536438304187409,-1.0100923750798756,0.024047320431034518,-0.24638899866021852,-0.8235662424885706,0.5146309285818068,1.2500545308660396,1.8559901868238942,1.2473039659352525,1.8508870092842544,0.8327261370601503,1.3461780483123298,-0.2213457177248727,-0.4390513979567206,2.08133032773735,0.17462274272173425,0.8219884064665148,0.22948640205746682,0.6161363335268651,0.7856479175907056,1.5338418183275235,0.39704494564956005,0.20466644061507752,-0.6995516434506215,-0.7029169387727375,-1.0745640528865399,1.3596181534061922,1.0804848131924691,1.8492525500335026,-0.344872501929486,0.974011157519749,-0.595913809941322,1.075638942916433,1.6083029590026032,-0.8464432254985177,-1.0879702048232698,-0.8625001179679478,-0.1583609890541367,-1.3727514691419274,0.30002336377679023,-2.545125007490644,0.5124683514619282,0.03973676088377153,-1.480388179252064,-1.0015576420969172,-0.5923751468280449,1.4697790268191961
"""GSM1539149""",0.5131990280498614,-0.6062765367691604,-0.7443689842583038,-1.0593436760557258,1.6005236678910761,-0.45625621110767756,-0.8538530091189755,-0.8071193536196858,0.4983407788245259,-0.19958561074173992,0.9481655357599726,-0.4757277551880297,-1.3102933708287614,-0.4057447030563483,-0.8622931222514404,-1.1066151538862845,2.1059465823344667,-0.22253883334376218,-0.8272446067142895,-0.8606581481401104,-0.5867855566143035,-1.750223793861074,-1.0982640090325404,-0.804176449008495,-0.9785205979358443,-1.036954820154573,-0.48981889113434707,-1.166701323670419,-0.7668353836207884,-1.2322903739066937,-1.0221763482442914,-1.1157999262407763,0.08584784803280429,-0.9787993297840343,-1.1421822556496912,1.14834318150235,-0.22317033782098725,-1.0267700713731267,-1.118815093733955,-1.470911192073978,2.3700266789556115,-0.08365789264229136,-1.7069916569608328,-0.7987218536441082,-0.5804061626148942,-1.6008431433626626,2.1112730364247074,-1.0583364066605914,-1.2795184391628713,-0.9930977915261773,0.38741112280919593,-0.896048451540265,-1.4224997088659856,1.466957000271607,-0.4163887122212664,-1.3622768758454515,-1.044096299748568,-1.381169481428247,0.3083654154150939,-0.824677673545243,-0.5829796020869341,-1.1758309418201904,-0.4037382706412749,-0.3978686757219181,-0.8682967870054872,-0.7746102696401438,0.4619942271706169,-0.6927604010405763,-0.33292942588082985,0.48253803063895423,-0.818688915419485,-0.7878353410335671,-0.7595276174013457,-0.9796765213333405,-0.862665959805322,-1.6658290183305597,-0.41561262995534226,-0.2893119106738217,-0.9940919527678118,-1.08233563159291,-0.9211002289567527,-0.3905281845615788,-0.8093420254963057,-0.01552415947634307,-1.3222462253281853,-0.6855646237891465,-0.3649060352573751,-1.0189408228939771,-0.9933691839388085,-0.4658942394973399,-0.8504415600584464,-1.453600294241496,-0.6293411482264839,0.15621590587429418,-0.3265978289523654,-0.38758457012734493,-0.172121635580647,-0.26004818691325843,-0.7267620731157661,-0.6279831528138978,-0.5025621731953578,-1.139879695990248,-1.658866562061331,-0.17826205306992482,-0.6297539809281244,-0.31570238233114545,2.026250373759743,-1.1116208303695645,0.13613517740650455,-0.2193171772459392,0.30647490501902175,0.6144553690803328,-0.9996451534448335,-0.7156275660841591,-1.1501138518510596,0.04553917759094501,0.4078040242679104,-1.2728084679740588,-0.059566369251100405,-0.7242057781478081,-1.100561225779908,-0.4661140909654179,-1.445201535717556,0.9554064194239035,-1.153709471299656,0.18439749921477377,-0.2977757298136556,0.00406468726428251,-1.1875183440751276,-1.7655275423828678,-0.13823267670114162,-1.1585587607889458,-1.278253720353128,1.0859724289271233,-1.178094651220172,-1.5182997105458842
"""GSM1539150""",0.49662853116249217,1.5904218462314619,-0.809541040246183,1.094226759580575,-0.3297386212972409,0.1272023916362322,-0.9962775852988924,0.8809596658017875,0.6636241372124432,-0.841193216947544,-1.0440651913846923,-0.6963047514578743,0.2817109691975249,-0.8045349678685138,-0.19627151218142785,0.6095474669541948,-0.5909590101813536,-0.7526267060401217,-0.3965079796352753,-0.2652309963556805,0.8563383639468997,1.2588590124374075,0.8790598925513307,-0.024083201389643746,-0.5673029372354776,-0.2537387421782272,-1.0491714934419956,0.30580339035738074,-0.07113366650045268,0.4648416767568695,0.7704790293608529,0.020829535021043056,0.2053831593320432,0.3192093647338328,1.1330346589064524,0.037901447397411844,-0.8471818811464514,0.8098199010240222,0.7435919652441899,1.7250266505167904,-0.021390917295697923,-0.720845167695289,1.1231234667003946,1.3276081834453046,1.2329164574144345,0.9330716478010653,0.23689582566689463,0.886485400831226,0.11594214356762104,-0.3758650575271149,0.019883332029679682,-0.4812197773004695,0.9085448031856076,1.7311497330878067,0.06131660349205396,1.1462228218023236,0.6290075328490657,0.22594469058579508,0.6525557215393577,0.8467862386374528,-0.3203427176956607,1.1027635772502247,-0.6467106266728825,0.09013813726969074,-0.35463324604051,-0.5742705794325373,-0.31178393701010376,-0.28964358289318126,-0.20783413604734088,-0.0782374308926821,-0.5268801197369638,0.5540982157027231,-0.35615219017375377,0.14753192113661895,1.7129311944684522,0.45840489729961814,-0.2547479676348092,0.29112240630468256,0.49360967159250263,0.4209821279779349,-0.03251508997771468,-1.0893055196172265,-0.17220115004155465,-0.0647357896870002,-0.3608388819685393,-0.7114146367438428,1.405617913329242,0.4037972177942009,0.7158849011270795,-0.162536171290433,-0.5378464571102138,1.302349825312222,-0.33243401398981326,1.1321638796017235,-0.7674491476446318,-0.07703213997696513,0.295277349291231,0.3656238414953707,0.041096137481939875,-0.09325310449713776,0.0320923186217096,0.6952645974219258,1.0355278146149782,-0.8481067174582432,0.6890432853535099,-0.22195412501501371,-0.5127753402972307,-0.5885250106781523,-0.9598476401532102,-0.2832353582505713,0.013626014305882693,0.19307220236731126,0.4397271402997589,-0.5358395879253941,-1.528474347711435,-0.4431578580258667,-0.5726723580931737,0.7637383090469038,-0.06333911163030308,-0.42201910118423897,0.1929893833770303,-0.44344056335530857,0.7683476152526171,0.00613802369806292,-0.17599478748412833,1.233158016599757,-0.15683488607651122,-1.2171594463124302,0.1971131138546849,-1.0796710653464698,0.8500186759828535,1.0194887495043148,-0.4647936835904349,0.19496326002928577,0.2234709822258113,-0.08462607998515184
"""GSM1539151""",0.7596687729630135,-0.5912156815426797,1.4705368298019021,1.3614636216692169,-0.09011172983449536,-0.9373904802656964,-1.510064942802727,-1.0730859947308207,0.2451461746072323,-2.091532919727821,-1.622068663563277,-2.073463446708944,-0.15794999435198995,-2.127756759150472,-0.7063759590893459,-0.003429302446089465,-1.0045860197793155,-2.1959745273185045,-0.4266829795976402,-0.5159763115083487,-0.979698792068999,1.6430845248162462,0.4657825042276022,-0.10251662174807293,-0.6343874994317639,-0.44131694264838445,-0.044457261536007715,-0.9467499661973079,-1.7875975198234775,0.0101050311182306,0.21636493034970447,-0.9890195477257674,-1.7661512671002106,-0.33200451130860115,1.3672354323334517,-0.7189787557252415,-2.384864024419575,0.3726789539567405,0.08265577157930161,1.708838901639517,-0.8912592900630666,-1.2328059822587227,1.2794187243687143,-0.7697618300371303,1.299886154258353,1.2123920658222964,-0.839292879483036,0.18589602773549582,-0.4958619253285344,-0.65371269998685,-1.5084342573695877,-1.348406043719336,0.1553214997613258,0.7685483545605882,0.2569035315533779,1.0894955667207435,0.9985795166659496,-0.3433990411614743,0.643484870170806,0.26476802750898043,-0.4330737687906638,1.2732440029321372,-1.2848187917257345,-0.5110289862737093,-0.5897151219608704,-2.3108577868198723,-1.589539636099249,-0.5893840172164061,-0.16252824206340988,-1.6389863116497758,-0.3020168599964977,-0.06457673420028442,-0.2999895941357644,-0.30048570731933394,0.5375251016732284,-0.3302551146729569,1.6402315984365712,-0.8180806383197997,0.3334418954849122,0.04399591181059794,-0.22904203360812034,-0.982699346194159,-0.47645915938160555,-1.778184572047283,0.0702536619991693,0.8360227305142154,0.7205983898308426,-0.44848176779587995,-0.08185677282438443,-0.21565045270165933,-0.7921643011689806,0.5381245384876967,-0.21898300911547747,-0.736472733165104,-1.8947260540349407,-2.1829701904302063,-1.5671657296501984,-1.2017721047757632,-1.7366674928829429,-1.4634921443881,-1.8569653137200168,0.18620019715929795,0.4825408821412469,-1.5999941564472349,0.20797181538670673,-0.4811627870020534,0.04906428564078166,-1.2131602009419384,-1.5688989704334102,-1.8926875781984072,-2.951585028303187,0.7503914226705433,-0.403577970925122,-0.45498784056955227,-0.6888167957148508,-2.1300459983041384,-2.2177964566089035,-0.8117881442378757,0.23558140450494394,-1.6382678981550922,-0.6849121728106761,-1.6019587629722611,-0.980580770011127,-0.7380023653146148,-0.5474781648865246,-0.38815098198806447,0.5199409806025572,-1.1359918557621946,-0.4316525292177296,-0.08763511506481203,1.5172368350850856,0.07044986839311403,-0.9513837246627953,-0.32853753617196935,-0.4625333020504783,-1.77203497819217
"""GSM1539152""",0.5930148673344579,-0.6788170724461142,1.4314106995415483,1.1757542775092558,-0.4004842651816759,0.5094491267330247,2.5842762081148023,1.2083060266594077,0.05702556948282432,2.0631282623948834,0.05218616947668494,2.0594241662406017,0.44992900184797113,1.8951624788661667,-0.2555148394088656,0.6007405083955223,-0.12797596896423719,1.8815744451408334,-0.4109268227519139,-0.0016042885475267786,1.8220000410367967,-0.6646155116017852,0.7344434703698662,-0.20176867258384162,0.2592451803011766,0.023617795194402248,0.005178495408115398,0.03823503968586694,0.5753555048899436,0.4970021276179892,0.3409525289929251,0.04310063861582279,0.45967991591746077,0.5274064420963442,-1.0908042880327824,-0.43138115992640436,1.644314309686301,0.7979400713950897,0.7302365760714803,-0.4807491351761893,-0.25882979263897465,2.6512339376922807,-0.9828754975249313,-0.8274693165011401,0.8806961358522597,-1.101788561400625,-0.10529800654420762,0.9564462365772588,0.05862265255623437,-0.20568306829172717,-0.7562659405044855,1.224984218500402,0.08820191901698722,-1.3149890438097198,-0.09958513398371603,-1.2232324267175767,-1.464403720678305,0.3637584996538794,0.13303516369060236,0.5658361721415356,-0.4069052965967697,-1.2679247621822298,-0.34181802002104655,0.13706502409102034,-0.32088456740857635,0.8671349208043729,2.388256721968058,-0.26666024419082124,-0.16389296831082312,-0.8173263666361722,-0.5484323692880828,0.3794537662546772,-0.37371733913209443,-0.11674024263263225,0.5935695844532736,0.6004402783904267,0.519754413825111,1.5184999683042353,0.7461138417215656,1.0331857061117036,0.057459446045470056,-0.42085675671492334,-0.36638823004482124,1.0783862338562256,-0.1567466276461446,1.4356747091758337,-0.4329618315738205,0.035333579083178454,0.5935504412466718,-0.24605741899767,-0.18963851938300433,1.028658982276491,-0.32044801113332655,0.4341016824270885,0.6155141791378909,0.7743615479244795,0.14585351197409818,1.2978870166263343,0.8631457222403153,0.11441605878953724,1.2266004819788794,0.5399470487937362,0.8454058575947592,0.479441948720329,-0.7685778977503284,0.9102420831597863,0.29616874850614705,1.6168168224440265,0.7585816022140007,0.8965680700252161,0.884167713431602,-1.0213312764506943,0.4664615562560328,-0.5714141266736443,-0.2487114158924633,0.8597063270187045,0.5125349454498601,1.5679169815506702,-0.24643648795654427,0.2400460181211756,0.02443314359799622,1.194903897471835,1.6942285850325076,-0.40989827966853565,-0.29038542210607715,0.08374101484361553,-0.5588553885549793,1.9236877527873937,0.4804035944714269,0.15438288806209835,1.3668205616212328,1.0455808781458218,-0.18398132401360662,-0.3486132109860304,0.08430629028949436,1.2848638250082656
"""GSM1539153""",0.7596687729630135,1.7226976354500447,-0.8433174327145337,1.3874566509195492,-0.9310170417539486,0.06081500578634574,0.25243820452548116,0.08820519019935104,-2.570504810075391,0.7765755407109589,-0.5881492710285902,0.9556218014156822,-0.48925617121821263,1.0782044312467702,-0.3950206296212225,-0.5233285166991035,-0.5097672302279045,1.0814601035390896,-0.36514261111414537,-0.21573629726333637,0.7894922558537576,-1.5889263650081538,-0.7460196614493706,-0.5348496476741612,-0.6565432122496383,-0.21567067048442254,1.685858333275728,0.28781556885829107,-0.3627962102402723,-1.3111154522874409,-1.113837204521187,-0.42714836733591355,0.20885938416836258,-0.33053989960097596,-1.5439408404605284,0.018002960353756557,1.0120309488453247,-0.500572709947043,-0.8121524786446137,-1.2723070544550055,0.05162487407747945,0.7518414564184077,-1.5432080673441648,-0.7340594639114425,-1.0593263877933135,-1.5417263461884412,0.41786511752874295,-1.1136417750988838,-0.5198973208629297,-0.16060927163753747,0.8026944992806174,-0.5834319986165301,-0.782625513278492,1.2274409088676126,-0.35148911000971983,-1.2135715609096354,-1.1876853793804496,-0.16773919819706068,-0.29360421054742286,-1.0117820505992636,-0.09147175036644897,-1.417754280692566,-0.9402721093614826,1.1083989776079846,-0.07689957834528739,0.10218326944718513,0.1254559302557621,-0.40957787379273136,-0.2664009177927553,0.8918689992886897,-0.3478714136408273,-0.638854368366807,-0.1126876094999352,-0.4632995491845985,-0.9549248069952976,-0.14485155035248234,0.41465175410642946,-0.9533409421068001,-0.9376149436511765,-0.7831373049414102,-0.44504302957816816,0.9008810807240303,-0.2786522728954041,-0.10647137940048906,-0.12089847597150502,-0.637603255299633,0.3014479821744382,-0.4947429350493998,-0.6921180270130021,0.019163317281289362,-0.5123142630495089,-1.26535954713859,-0.5679849413994101,-0.5644501622804262,1.0867953988985115,-0.11591224169094587,-0.2015578313840986,-0.760051761018276,0.4046327668902231,-0.34316601287229925,-0.025858728638917597,-1.135255846271397,-1.5096467173280959,0.06672223100712185,1.3089709795472089,-0.16059868322185164,0.8060838475113001,-0.30869185264681936,0.10278215953327687,0.20662568640447593,-0.4748334756801786,1.405247498327856,-0.17075063723221226,-0.12565527752608227,0.7490820308472402,0.24763120262302113,-0.495472039671943,-1.2053413049609056,-0.2900946430553906,-0.4496734582791224,-0.3529902861633279,-0.003574122632047254,-0.7726818288101153,-0.14050503733476133,-0.040105893524086576,-0.3793282338219394,0.2677754022401795,0.8204426029539413,-0.21326945599378067,-0.6947390541847571,-2.12451439234009,-1.668662725976607,-0.2129625367949382,-0.5176297624588507,-0.24095608901216078,-0.3974424892860578
"""GSM1539154""",0.6653993746112722,-0.6010618892059212,-0.794772182767888,-1.0717660440300925,-0.8792748465813809,1.239262486594523,1.1663544679525621,-0.9795778047106454,-0.018841063087120056,1.0966087183293542,0.4782668963920958,1.282192871454476,-0.956340517881599,1.258006951646182,-0.6842615609988539,-0.8152027403580303,-0.8139406734580799,1.3360516598255934,-0.40606978755019557,-0.8510246070412679,1.9366660147234218,0.07140474968034212,-0.8396880663699339,-0.37126654755386834,-0.4720115414497358,-1.0029698802080738,1.0018008269822092,0.42576909804230745,0.38099987246450173,-1.0931094340957677,-0.7425613905163203,-1.0890454479398586,0.8081758041198357,-0.7059372826756466,0.15945230945845637,-0.2738392096103524,1.2571348452199849,-0.831037178088606,-0.9736451332145613,-0.13277527290140287,-0.9599756053109956,1.3228222649302122,0.12772862964553608,-0.9587793522442971,-0.19959705247545473,0.08034234219868736,-0.37529170809790463,-0.5005993263598618,-0.9609956090833005,0.05422504916434994,0.6864227703341178,-0.31674088820207047,-0.7372729300389136,0.40967687083124293,-0.7008136434739385,0.2120920595355302,0.0862994170982773,-1.2424600368318848,1.3714508721599195,-0.37417560677045053,-0.6324710963638623,0.3536451116566845,0.9120383315173531,0.9696698123040597,0.08524874550052323,0.42936631789515756,1.327160934983536,-0.13012238123589248,-0.5680114246498142,0.6673604584414107,-0.9451583164488753,-0.7918140566569625,-0.6174094370354258,-1.4053922236677152,0.2401010082293473,-1.3980601577043805,0.4302529272243928,0.8911546456166962,-0.6111566771710958,1.0059022935904909,-0.11644648034193456,1.2700397008383675,-0.6675990793716908,0.4739956261142434,-1.4200866679882023,-0.6332411771291203,-1.8716857994836817,-1.022381480967558,-0.4624138847082485,-0.3154078568651328,-0.7845729932437188,-0.9010987326234927,-0.6355849161031711,0.28260617362065066,0.5433354153257861,-0.22723637044422657,0.7133485970932232,0.5347807773556155,0.5925219901862447,0.4152569356709978,-0.13590780812593817,-1.009783099705985,-1.3005854869658513,0.7280660376816784,-0.8907532037129241,-1.4453380017633728,-0.9553623346192889,-0.3953512099126493,0.3884377400882864,0.29050079904536347,-0.003302192814008549,-0.9617305577309724,-0.7943107078798805,-0.5612145561965912,1.1933786512019726,0.9997822112862254,0.7795492317596987,0.05732486752010591,-0.17227494270771163,-0.07763443233843678,-1.0027075386643527,0.3290384521923359,0.3942195878022396,-0.8268773109745794,-1.1982661209152745,-0.125285957487606,-0.07552230506268327,1.019807815718656,-0.5268004802941774,0.0930314352201746,0.3694832042285758,-1.2789413773028053,0.01172735869264654,-0.07526293031807267,-1.1022435130897599,0.7007702756091803
"""GSM1539155""",0.5166187087083368,-0.6113407152722506,-0.7963421387853119,-0.8564701336521104,1.0836156868333013,-0.38542676788247304,1.2522137747175361,-0.19895373064643587,-0.47158837542363546,0.9014192134423278,-0.2633268163184031,0.7702332170127213,-0.4302384258321226,0.7205155008471364,-0.5659217517178029,-0.30706185847968887,-0.6834927074573792,0.7078816817984024,-0.09360327104602395,-0.6201001838201292,1.0649271626115535,1.626395596436014,0.5310660908078266,0.06480727887379353,0.13935821802392298,-0.7590689206376688,-0.2318129108819984,0.07361048495697031,-1.1424206596242221,0.5253681972884245,0.8317588944221466,-0.4605721918690957,0.14547217648712563,-0.28164001129882715,1.675785256807913,0.753251181789489,0.7716238538653358,0.4736564074106754,0.44335367465234604,2.049159875347719,-0.5750756874579037,0.7084105397417021,1.30369718039647,1.6602399882926855,1.3314290873445076,0.9829085065910744,-0.5453479855728305,1.2316838322368322,-0.3735187209744003,-0.24190581805940106,0.4293748459862811,-0.9137939196604372,0.36039468456635504,-1.416852836696993,0.575107892976149,1.5113127838990208,1.164319806841814,-0.5420909583943185,0.07902469550141701,1.2552289223631479,-0.6030255782865118,1.1756691101646544,1.1488419970209434,-0.32588804688592704,-0.2184513932930936,-1.4047137296701877,0.6362246959010894,-0.2123168837951545,0.32310488625571065,0.45503484801593624,-0.009599523965686812,0.3212358280492676,-0.11671859676736974,-0.8687075591404522,-0.17973390613473228,-0.7165388481380934,1.4661828058899558,1.530515739488085,0.9449592133597841,1.0514205310231834,0.5145493943136831,0.514647940578939,-0.4956220294727142,-0.4138257634430453,0.01983848782248183,-0.6847787497657523,0.11793355695339738,-0.13640079752204506,0.4454242276632567,-0.39747185548110614,0.2202516683873379,-0.23503376305541182,0.12204620216964461,-0.5281178743345774,-0.05621449192289265,-0.9519431360261951,0.434867206349913,0.9692786047740153,-1.2626224526844279,-0.9241123497583502,-1.077177998410985,0.6185061154169162,0.4729773413359952,0.3616458138477315,-0.9630603931963189,-0.9388356196141755,-1.390246475476283,-1.2116973014087076,-0.7219236375292011,-0.0876930010750614,0.06416173975421076,-0.9951374531170306,-0.7463035472575409,-0.5199750361828261,1.0457764973035883,-0.1512300525227045,0.3541859409799523,-0.7752635605164325,0.4512777650056411,-1.2925121724785633,-0.1956565434862824,0.3682405354163926,-0.7032942531327365,-1.242828031188487,0.33989194374680326,-0.5147555537602205,0.6066159846800223,0.5720775399217475,1.0576206990370296,0.1314710648696049,-1.7396691142173668,1.1929178895097088,-0.40854847555710994,-0.9245692972207015,0.014032664050314258,-1.0627974061410645
"""GSM1539156""",0.5420459092418549,-0.6886956134073777,-0.7921963790645765,1.9767953819958646,-1.1193166675722699,-0.6326855986987957,-0.19152970123021582,0.9677680464978086,-2.4544824967417527,-0.10054813498450552,-1.3603587552039706,-0.009610106491853074,-0.4922030543696101,-0.1853529886846373,-0.740689055470838,-0.2609463588767311,-0.7342178406658852,-0.1562706466944985,-0.7774617708502695,-0.8561521747844004,0.3615011064396888,-0.8006065700623064,-0.009453050756063156,-0.5130035591956367,-0.5647560112449458,-0.8649294888144464,-0.20286674662453277,0.5690801219041687,-0.4118796652016503,0.02591103480882108,0.2265723106678356,-0.9483549544312548,0.15718340740982106,-0.5157321670519932,-0.6287098355580476,0.41153542376154023,-0.08789782164068616,-0.19116992858609394,-0.23538416666508372,-0.1429654250644092,-0.39141836038260663,0.14613895281612815,-0.9300642697442715,-0.9416361220384921,0.8291749709489523,-1.032744960165841,-0.6844285195475871,0.009667668096143674,-1.050153492396121,-0.8494283192867804,-0.20419203490403723,-0.711918013193514,-0.11107374046184834,-0.9045564328861668,-0.18780555113034808,-0.4254754201207427,-0.8728191048440126,-0.9169188938664045,-1.0823049525811481,-0.115706649422428,-0.856123958718138,-0.5133670509749668,-0.3375471518683371,-0.6389369358456428,-0.8238213701986028,-0.7329029863843721,-0.6965796402214729,-0.818290981966365,-0.3608139370619637,-0.28672072960249406,-0.6530935219077172,-0.2560125863401268,-0.7075045945080322,-0.7236567966082357,-0.3477883688079207,-0.672150547208984,0.8752211838093797,0.7055267526989321,-0.40427394323471116,0.9625428987030623,-0.8427958198107355,-1.2673069041485234,-0.8077804292501908,-0.5849297677046306,-0.28708307341931016,-0.8035684959119729,0.6059875440271404,-0.2031068743922993,-0.2516564323270468,-0.9931077537606924,-0.2563464715101556,0.08968453407220782,-0.5790520352838562,-0.0019850860848433633,-0.4688675905436205,-1.1571641499199845,0.5025267335320233,-0.10634121743702098,-1.3481032483059985,-1.1468108591457309,-0.5774244766248959,0.2611262917622602,0.4223669283941038,-0.602146851608524,-1.6189403589905609,-0.37301806901525014,0.41339704376644687,-0.7092705097304131,-0.8466962338178844,-0.4021652633302309,-0.5365621078879872,-1.5379002903454086,-0.6405964110974675,-0.7685902280672409,-0.21530407424346287,-0.44678943148586975,-0.4829066698607546,0.11655624509134563,0.003987383846760657,-0.058172005356965165,-0.8358848786521699,-0.755190290108678,-0.5143197881465936,-0.8316826645244761,-0.8187238241185087,0.021954172023012527,-1.8192901092621427,-0.9193211488549288,-0.5665519641937563,0.52906666038957,0.6344931561421194,1.2660940225529744,-1.4053774166664,-0.7193622031903483,-0.7996751721760083,-0.49888909538862636
"""GSM1539157""",-1.7031228284268212,-0.6285564412113309,1.4131489695049975,-0.8240300813330989,-0.7341792170319696,0.8682831579999639,3.3483805180894732,1.8225588207170622,0.4983407788245259,2.5235848150932707,-0.5928136015751587,2.3305344650311914,0.13906673944531714,2.1399004956705463,-0.208723652550128,0.5928625020357354,-0.20663778793767984,2.195857739749952,-0.06717533815691343,0.2542284610013654,0.4657514117562664,1.3796238197417874,0.9115888624929475,0.5244743437233935,-0.4261120649940992,0.35345258391559026,-0.1889250735916941,0.7293361137571364,1.9050168950165474,0.832743542064549,1.1830807989614276,0.10822366913193866,1.209483763241123,0.7478932932323534,1.3287912497752798,0.7563628997248002,1.9141823783185157,1.0632587112552525,1.0648022730166862,1.7238528274128624,-0.8476889839668542,3.8771564531782103,1.0002742692379378,0.7336371721172018,0.9438565072984348,1.2377041612688684,-0.9287961413220416,1.0912423397086541,0.4486180582315148,0.10995674601896774,0.27762858817967373,1.4484354264325814,0.5857624625451084,-1.3082486006172762,0.5538661094769223,1.6048797963682317,1.1131954365499588,0.6232070221131013,0.3498925955376156,0.5308711325179317,-0.40147621407767214,1.5516590982889082,1.0132087381491055,0.02910457690906174,0.3411055342361752,0.7977280908226605,3.218106288257747,0.06703148527453687,0.4504733702736892,-0.22633687656586596,0.48868852930617906,0.558999286890035,-0.031600027097862485,0.13501048700151047,0.9329647009661551,0.4484247301583829,-2.1187651086423305,1.223499613850923,0.5602462106862192,0.09485751408073022,-0.21225183932077019,0.2639894634428588,0.054043113429311423,1.2476550883513164,1.0328031829366837,1.5657369310343074,-0.24264341726035166,0.6303566441624546,0.6353633780674668,0.1053754854709622,0.21309787323230106,1.0221397147293922,-0.411631982464367,0.5553661844496338,1.5287445787347438,1.272162952836662,1.9270782892878557,1.123725482964012,1.0402802325602787,0.37609710888790737,1.8698622518239494,1.4463310712089732,0.6257591332895701,0.4769995996624255,-1.2006590312304133,-0.3615619000197141,0.5072751424997727,2.0753293357965594,1.8513891954684878,1.8077491766154719,1.175825353940718,-0.6432765953092701,0.4072664504925094,-0.011255426359164124,0.03371354503462206,1.260819708944874,1.304207314703554,2.366993270478653,0.2906044268032281,0.9921778765794492,0.6199503077860181,1.2374639111714887,1.4554650662093678,-0.7651625770999887,0.2665992356856948,0.8012789648943683,-0.47422318815381287,3.4812763289287965,1.0260730387283061,0.654976141722024,0.49618643576216503,1.7851369509436004,0.567240435941857,-0.6789486345629708,0.042536859177405684,0.7933273416137379
"""GSM1539158""",0.5253050424999195,1.647219974439522,-0.9038977930416351,1.0165457787933272,0.42664560306626603,1.8878035598360199,-0.759729085223542,-1.0699129676122712,-0.13996713629474777,-0.734895696534262,-0.5803988458677561,-0.7474428461817495,-1.187149943878569,-0.7727428851899573,-0.8461441762752895,-1.2389716282110281,-0.8064497112172301,-0.6250048219535724,-0.8654554702702304,-1.2907606444766757,-0.5843469083635942,-1.0175581527248396,-1.1604380444871998,-0.983790696927713,-1.1436206625531902,-1.3268251441107235,0.95656136640246,1.5453507348835356,0.18609881809093684,-1.4570665943934458,-1.0773874786389157,-1.2729610200936523,0.7767050230027224,-1.2502818810411511,-1.445307168845763,-0.9001648415691638,-0.7489790763164478,-0.9300737021633774,-1.0755174523758881,-0.8146476211050233,0.2705814297073185,-0.9902831118246787,-1.121357886594325,-0.7370800947824567,-0.3365211625083533,-1.4255175750715574,0.36735856146433843,-0.8002995778977104,-1.3210898564842302,-0.8954446820043895,0.4629032636379679,-0.2208194233806358,-1.015518529454046,0.5054137764835483,-1.316876422132977,-1.216283643394944,-1.4947349548151867,-1.3413547405934139,0.6925476903354396,-1.0890313957473023,-0.668316410865878,-1.4048893055773555,-0.16731962814406862,0.6089631846561697,-0.6221749078039128,0.9755207555397438,-0.5796599303672297,-0.8625671628828142,-0.8979846393472193,0.45503484801593624,-0.859342317679687,-0.7365546960432481,-1.0259751911330528,-1.7372208095310862,0.08806901708827355,-1.3931529283650628,0.552873062199953,0.8911546456166962,-1.0232098343978762,-0.5717026517990917,-1.245562864473918,-0.6680910238140861,-0.8962456357209633,0.9005906278659205,-0.7314286582733444,-0.6193487450439813,-1.1164451783318996,-0.9244008144823591,-0.5724525403050224,-0.6932136369941363,-1.3637172540855924,-0.5861999686030525,-0.5122829421119941,0.7032949424353172,-0.3565095700176255,0.9283839335551809,0.24402650216941563,1.2298201303157035,1.545628602093658,0.48930906557628856,1.3711431633670574,-1.182128562444142,-1.2856968661465757,1.5076853583196008,-0.8924579897541717,-0.7637360371280433,1.8198688730694712,-0.3022380380222085,0.5880190866868097,0.43068000045078303,0.19034361669048702,-1.082479340604585,-0.8138453799654761,-0.8891527232205843,0.0384773167191683,1.160446026979897,0.6774421829839691,0.3669776913743582,-0.6946616661651662,0.2619175650947034,-1.7168427129756754,-0.08520083589971357,0.8494102783759163,0.47309932522280423,-0.7726044944650946,0.49967362710952434,-0.4423785516625249,-0.9899476081669608,-0.7137786586366153,0.2138424317855685,-2.116930066587704,-0.026226695331436,-0.6198856729421355,1.3127374536341052,-1.5251334051670908,0.9952025067400719
"""GSM1539159""",0.6491641223163882,1.645768675774263,-0.7813065736321055,1.0537655542041164,-0.5030573228469493,1.569395973285438,-0.9460411359418336,-0.9742012373492422,0.06435830255975984,-0.6685468965810222,1.5597961731668433,-0.5305421107114088,-0.046191033644687324,-0.655698316079982,-0.5257068369599379,0.08622936470090241,-0.8375031419057204,-0.5717990733696253,0.26217129671692363,-0.10420405302147925,-0.9775758358658148,-1.2248561762688854,-0.05061389021422847,0.30180823857773226,-0.22224516219532253,-0.10210432470638228,-0.030777916384378764,1.5192010461628993,0.7008633282249522,-0.655780510607846,-0.48407843420180796,-0.20225530879791911,1.3091631258603942,0.07214631898045262,-1.389632141070315,-0.5733594375528772,-0.5276551207484,-0.10451065830796047,-0.16504136674248351,-1.2350131187560118,-1.4846381686177084,-1.0483520115736904,-1.1689221993965655,-0.8168078897600043,0.551122484694001,-1.1835625129294143,-1.3068007421500862,-0.2482652442203561,-0.009461492894728639,-0.1158788890393991,0.2559777243831746,0.6131486893309784,-0.13966992864219469,0.5141803382517462,0.3082310324453827,-1.021929103230984,-1.1103134022477867,-0.6033743384805111,-0.12577660164363913,-0.3933693610644329,-0.44752637102840226,-0.7948583788064514,0.6761684843819797,0.6625956595079416,-0.18544081808639168,1.3594208905837217,-0.1642648785760802,-0.3158755564062225,0.21802923120173423,0.15598894658946078,-0.09871423585521158,-0.49400667009853017,-0.21967943039778534,-0.5214407899898561,0.19381064025272246,-0.16086659114409832,0.17422473358429963,0.5215248662004085,-0.3348909570535367,-0.2570522095461259,0.7587257714719056,-0.7736907825116903,-0.5099070002284832,1.2625460233317447,0.26299440776636157,-0.7227485246164014,-0.9640405001842492,-0.6107862458759165,-0.31909583073569064,-0.1867636917689377,-0.42872568816344614,-0.34719607049015805,-0.5434592154944023,-0.8282841488591752,0.12533895421051428,0.8688649363268911,0.7496124512591559,0.6655957899670664,1.064884960806188,0.3399332038409089,1.7573919689211852,-0.09485215701765627,-0.18217187180755232,0.7472217093177916,-0.7220463342182839,-1.0097280371211894,-1.3889262998165668,0.47625801014111213,0.5624098527550864,0.5739915513965136,1.2975221234869665,-0.6605372884877756,-0.6519483748083063,-0.4403301082676481,0.39401998167867885,1.1374659086734964,1.2095051130146495,1.0207684742221907,0.5591614180377784,1.616475083820441,-0.14642060143669833,1.018863756446168,0.8637330840705154,-1.0506251124871029,-0.41899254465387703,-1.1087742808916161,0.5818541549083112,-1.1256397205082875,0.4293521017924484,0.7814962263722338,0.051885148546424224,0.7304085190003279,-1.0630426024501771,-0.969408294974218,0.21015136566745668,1.7068539507069154
"""GSM1539160""",-1.633420113807816,-0.64999763865064,1.2823397749761378,1.150143983934723,-1.53362628371984,-1.6694894281943093,-0.7335250665993027,-0.7325782083443895,0.7316497351923305,-0.4717671958925454,-1.0100427382972867,-0.2745447631051023,1.7826981829005741,-0.531526351243755,1.8601205950503275,1.6234883828895534,0.7360799589377104,-0.4170927417354443,1.8924680911586171,1.8208603945300048,-1.04228936806792,-0.7550562406027732,0.8602145499140273,1.826469583494794,1.410654097650147,1.7777212090979804,2.3960489356343273,-1.498560204766186,0.3388431727388432,1.6009904944023439,1.6498046700367546,1.6805646599027013,0.6189809131023534,1.6398616652263744,-1.0508449729804508,-1.112523824468973,-0.35848233390023787,1.025384017183098,1.0883164406705355,-0.7189438388269164,0.252867629044014,-0.5309266740964965,-1.0110655198671596,1.4892947636170328,1.0354271320247488,-0.9088293045198547,1.3343921912846377,1.292548397861362,1.5338995372818451,1.7072095024757008,0.6497272710474896,0.7128797168800047,1.515014280729549,0.5820559938935957,1.6548590293930845,-0.9488692284206612,-1.054936648705597,0.67077876340878,0.5586525694084773,1.4153096103532001,2.3763493750381732,-0.8366490104099296,-0.8442652038278536,-1.2154362810946686,1.728903004269499,0.5647401010143518,-0.6390579924203685,1.9906444571724404,1.678492972267643,0.7335852833319626,1.876856103514959,1.1221129908711087,2.083171028542634,1.6479245791405248,-0.0538049182907212,0.8939098387859261,-0.6808950456743244,-0.7153567474792517,1.2948977783904716,0.7777170817762863,1.5443031858761365,0.8612456322128493,1.975170619737448,0.21422163461048463,1.498120672702868,2.832728779809975,1.7412990782892184,1.5034004652667374,1.4658534269944308,2.097600793688781,1.59148673571284,1.1416753929422543,2.0799428773652635,-0.9084835957401206,-0.2758702918697204,1.3235088147385776,0.05343924035562458,-0.6499540137469476,0.8291428524590635,0.545525782566303,0.5259245164394968,0.46563320175399053,0.5189212225777559,0.6499174161032054,1.4385250404099368,0.9648739729587386,-1.3092794511917112,0.7738147305569457,0.5106637869535523,-0.48477353270307194,-0.14447383307168632,0.896102584995832,1.2373553438409142,1.9428426314355163,-0.6692294588407467,0.40445635928223256,0.3768200345617665,0.18727119781573193,1.8046366733403996,1.3526029092663292,1.5149367583265807,-0.43669362405158413,0.6044685556950944,0.905978879212663,1.596334954458497,-1.2492391943500476,1.7646539094062623,-0.46249755192183495,1.2755544165268338,1.005809391473854,0.12193735664210503,0.34709076136886924,1.0454873834807012,0.7148018785516468,1.1855008824458688,0.44765370887969136
"""GSM1539161""",0.52365035731486,-0.5966384466629332,-0.835930249725782,-0.9004666606021894,-0.39827827099750285,-1.7936843537756615,-0.5252952487285986,-1.0280076851440931,-0.21163081565092254,-0.27651367783539343,-0.8156088382522493,-0.3144626025416274,1.7760760657085213,-0.16753686693226463,1.9012299478297643,1.9287497240298785,-0.015223728782539773,-0.2783442930644739,1.932598719408711,1.6155169705680819,-0.5267639832750924,-0.606379926907578,1.4076949757800812,2.006074387263218,1.982936858077438,1.6747815615990989,0.16166627092659225,0.2976608762904607,1.4433892708845732,1.506142532779074,1.7080342950905345,1.5565112010910214,0.2766967952734905,1.759604469766646,-1.041311260139186,-1.1646024653366533,-0.2151011424769143,1.575408869983127,1.5954423182922306,-0.7138289646287819,-0.7576535772424363,-0.2931160218035494,-0.8233626289363076,-0.8690620302065696,1.5993448014033935,-0.9270836107891884,0.558912843345896,1.6247989162062075,1.5454138886653752,2.3459064612532945,1.0309788456356532,0.7002420220821477,1.5067406804495993,0.08327663637648755,1.925599403772966,-0.7228684114487819,-0.8604518526129933,1.2232696315353022,0.036392643751761634,1.6787914121639536,2.4548009500879964,-0.7233342505556655,-0.5916457459376742,-0.859308946249211,2.4385692119584044,-0.10236805077258532,-0.04371122421129228,2.283074415730807,1.707211577329324,0.9936946892261802,2.0698984782630507,2.1128264304995854,1.940929103132285,1.3096879771594165,1.887205506631615,1.0383912701203242,0.20327734496754532,-0.418583600500395,1.6548876797524181,2.0662258532006454,2.0900590538621406,2.1224007750938845,2.447253048167884,0.2587816917024716,1.1571233448851954,-0.7059743486676068,1.5261586563493705,1.8458162132447364,1.713355671705581,1.9344019835914068,1.9836834321277368,1.4579303114466753,2.6158140716560645,-1.2404905110973656,-1.2463693800510967,0.5761400161491316,0.2296303944540643,-0.45509170480911265,-0.3341948294598515,-0.21502159240384922,0.6329786213642539,0.6963636111794814,0.9256720715850864,-0.21469832524649327,-0.3376706853547232,1.9926650103643504,0.40998021533543005,0.8472807608575743,-0.005021379876103262,-1.330150082899929,0.5218931090300272,-0.9365243142039108,1.6906055693230706,2.3445815431258605,0.9937862692019674,-0.0138055104101095,-0.1995576640770459,0.8827774708164223,2.1897428212144523,-0.12944321069927334,1.5718662459769674,0.5520892331079172,0.7091459353358215,0.11553757553659467,1.5837586110834603,-0.9757404018528756,1.806329503536701,1.1934658098067101,2.039764620514733,-0.2988791434601859,-0.032063064310221635,-0.6508910132334723,2.517040977926788,-0.5222980680805399,1.32914988341711,-0.011254999909236944
"""GSM1539162""",-1.6831476142520045,1.3688033105561812,-0.7843534474901439,0.8093721796061915,-0.32138809425639636,-1.796407919600088,-0.09689705277789872,0.4047902666763198,-0.16110862284811214,-0.09401701437263238,1.5597961731668433,-0.08909615849764384,1.7395972930700803,-0.09340595107927764,2.123829054182978,1.5457526959872832,0.3434213795857504,-0.18370323726258275,2.3180590435539177,1.8561378439001945,0.6119698879883779,1.4993660186163202,1.7142948990907785,1.9185076351397736,1.9629888751811972,1.8855611571414064,-1.2535783045758677,0.3747330598433805,-0.2810732373480672,1.6914619658211527,1.622252062961063,1.8019532759086367,-0.5289133427036147,1.759604469766646,1.3095599377353488,1.4734611701857796,-0.08188986723957487,1.5026446879291158,1.202221987896508,1.3570730489747356,-0.2703375704201553,-0.5569657679138411,1.30369718039647,-0.7891215169054748,1.3682136588852711,1.3381027261654366,0.8207974607259015,1.5088926389390256,1.9184318031578411,2.351031570409059,1.1632098705118374,0.38333601302361614,1.6374131665909046,0.1953142557826219,1.949831850788926,1.519529951251939,1.319167406950807,1.634823900718193,1.1380078537743878,1.9783933524616542,2.291202190823715,1.3544526034210373,-0.7298096014013361,-0.4812199773590892,2.205633918143461,-0.20913636339050404,-0.33132390363980135,2.288843536973888,1.8781651781369106,0.9163802373725244,2.0741146051540564,1.709018389889925,2.1868288971114564,1.4669738059722761,1.2006673589729238,1.4132779479059445,-2.2933060946640005,-0.5309776631346219,1.7810217507463801,1.1534488919840373,1.7333483270084438,1.9728870043956659,2.287643792045545,-0.15232802767749656,0.820322056573143,-0.7157402480026807,1.3344115580552425,1.7012098261440898,1.6691117244974951,2.4797746353929977,1.8757398601043858,1.0513801836484282,2.021167714521406,0.4682389539639017,0.10451557838937676,-0.13382874998246197,-0.7226247397728641,0.01937107895314385,-0.6677697823052149,0.3446421838774866,0.14498102426717685,1.3903728549410177,1.0148167000376926,-0.8728606216683114,0.0731901567953429,1.5159991601295884,-1.0880325527871502,0.2061150949950731,-0.10690444541335843,-0.889298679192243,0.401172544271217,-0.6646172907749082,1.6679822247225224,2.2877988830412197,1.030879472619727,-0.2666085065281565,-0.34436571194123555,-0.8341513662396011,2.3007613672755913,-0.6038526423813327,1.7839345492193976,1.3886920638435358,-0.5929856626204695,0.5242593728242678,2.106121912062098,0.47155627387545784,1.9941786562684138,0.6179101026030693,1.835383384198514,0.0801203216019902,-0.05687574324363455,1.8030178041769707,1.9204506061956208,0.16951538331134744,1.531656350651503,0.057907314078139545
"""GSM1539163""",-1.6514640069078246,-0.5707670149982443,-0.8480912618168621,-1.0318986782905366,-0.663770151467243,-1.130623621045896,-0.9013446194341874,0.18292858629539094,-0.31218071543510806,-1.0859250296262917,0.979571640121858,-0.9639580817337423,1.012743410677173,-0.9902611945958499,1.2310780825624894,0.8869837643698505,-0.7545978897045307,-0.992691064568411,1.2539561280931961,1.127178739666422,-0.8913773137224787,-1.3578749200881444,-0.73262284088304,0.5063220073295738,0.5991644562527672,1.2932554426911456,-0.8960723852475635,-0.36932997006789825,-1.1647506122634252,0.9574314113856637,0.34025564174108797,1.8152415928454013,-1.0645932597099512,1.0159688653888044,-1.6325057896551467,-0.316225703454984,-0.7604214245641747,-0.5638580097814446,-0.9032487840900453,-0.7820448349556647,-0.7049066109345283,-0.43907526871388214,-1.499867631749461,0.2315859374768449,-0.2600392259715058,-1.3184535669169695,0.6989599051154646,0.12804078386146323,1.1973734854437124,1.9454883275229644,-0.7523570040678611,-0.4235442697297824,0.33880487812796145,0.6754559609384543,0.9962140935460319,-1.520176974665903,-0.8627801075250865,-0.7961145978696951,-1.807472077986165,-0.17321978629457468,1.5771111299857037,-1.7182265471563019,-1.186370657364123,-0.5596380771351555,1.7825740782073896,-0.8549641607498588,-1.0971399837971698,0.650841160719272,1.9962808947438289,-0.42896069061849434,2.2717102726689515,0.245472863268517,1.7659862468577106,1.3576761343963495,0.3973570880371408,-0.561061911199478,-2.059388729893977,-1.0400857094947003,0.600164949685637,-0.06296341360976107,0.7699680757290062,1.936195603617984,0.8688869309505202,-1.1038650382377322,1.1967283748238267,-0.7316238873461757,0.6567440415004179,0.9375516664648321,0.28154860358324185,2.379472156950103,0.6919616668862495,-0.15439149874801286,1.1465401241153272,-0.5993342878273893,-0.1717010118017017,0.5090496808093673,-0.9273432211199187,-0.9178900433438404,-0.01579189225172047,-0.3049547775922063,-1.2242208099359224,-1.3923270587126702,-0.18604295094596537,-0.2895751001936268,-0.36989422130555866,2.1521356978025543,-1.4353189605598078,-1.5736504450287419,-0.27402237001830543,0.08972128034781664,-0.7502576454316234,-1.8135513057684869,-0.028903621624084518,1.9783973668514656,-0.394081127164805,0.3014348603430335,-1.1595083424832693,-1.3569897711933327,1.8376641297453562,-1.4119560099402904,1.1791698208946817,0.26560146573976107,-0.9780069734900964,0.6078126320094308,1.6184600071958093,-0.8336768711201741,2.2368410206219833,-0.17161290605307467,-0.08079829254519683,0.5520869975892972,0.967240376279013,-0.8292067284919066,-0.05774615227229881,0.30431575474096845,1.3630341551346812,-1.4487383781064618
"""GSM1539164""",0.4388820728575694,-0.6317901152722191,-0.813864742139769,0.869878207276672,-1.4408023105828174,-1.249006991886944,-0.41971758771856493,-0.033001614368713336,-0.13512443207682448,0.06225790263028279,1.1452081708729063,0.17581330363274708,1.4097716151388564,0.11817184882266817,1.5629363694978105,1.0847764179736539,-0.4836704553501701,0.2696867346705743,1.6800588656722428,1.6117608767417935,1.491118033130042,-1.5211153894366756,-0.1059280457716432,0.6416555139120016,1.2203570962800045,1.6559990443979238,-1.8538976815663257,-1.3412491220377212,-0.5510207885610009,1.2105848539606885,0.5465279095064737,2.0286589658729337,-0.8703883121179102,1.4071700930784343,-1.5223215752029728,-0.15356465680032974,0.5627999938512972,-0.46109934237458394,-0.18503356791012515,-1.1579409419287672,-0.648656295087193,0.2751238365487668,-1.215331148323848,0.3871141138949925,0.2874970072522526,-0.9675814868048634,-0.2286114253512692,0.508101953971585,1.5562151746066915,1.5987755015680254,0.055723890238809935,-0.563327371798407,0.21615894287142012,0.9897934829642911,1.5748429449716799,-1.5890944822656294,-1.2551332373747641,-0.10218640662749158,-0.3530488666223038,0.33139169616774017,1.5746658874651238,-1.6245878296588399,-0.5581186023144503,0.29390053344297357,1.2833404262483925,-0.5406978524338162,-0.27084316694061583,1.009098202831256,1.7162642472796146,0.6203391453902524,2.1700649280859827,0.6807981094653737,1.566678768288985,1.513506508781939,-0.7354808191722123,0.16058108969057358,-1.534837550276344,-0.6134157524508046,0.6776809942195221,-0.6451775700233143,0.6013038036158321,0.9394403370452972,1.1910729889713647,-0.9171144382988032,1.1180728586330675,-0.7370471655288637,1.9582536474337895,1.109939119151525,0.30262093108788757,2.453884399970387,1.821378810970042,0.6136313742081335,0.976091670782025,1.0420254604272834,-0.31020289745532953,0.3530002259181401,-0.8526493453342537,-0.6444182597441088,0.22651574502101968,0.4216299181949739,-1.1710674327015655,-0.8708848971031297,-0.11632998772202915,0.6607034096978037,0.4897970640624555,2.4662182375033423,-1.3993318239769663,-1.061968923318065,0.1815934360942492,-0.19441952844934104,-0.025831963370882456,-0.5458975182069942,0.49344454546130856,1.6889052404576705,0.3007176165190569,0.5116475009482983,-0.9888879224088687,-1.693602070653154,1.9013145633349944,-0.25247751389011774,1.2652625724223063,0.1915374207714725,-0.5623658892603115,-0.42385677250653847,1.838723972611319,1.0577225193716235,2.264154679820903,0.0030906649432088902,-0.7887432533826442,-1.3330203828889913,-2.4291611507600592,-0.6795182264139049,0.2516918879541272,-0.057524239115123256,1.44636919172223,-0.8705271628495074
"""GSM1539165""",0.69864120503959,-0.609743371564657,1.2327709584175723,0.8864441076071842,-0.836534440585214,-1.5726173443277318,0.669442641533952,0.21344921571428668,-0.3816379810069291,0.9252062188204396,-0.045732848311178596,0.7606971192604938,1.4600544518058425,0.8938631067487113,1.8623644752910415,1.175225228876673,-0.9357609186260799,0.8908425954507021,1.7398756963826798,1.8878030877368128,-0.7635844381238395,0.9390242595181922,0.6264340026240265,1.448483344314363,1.5557186136032852,1.7358719906679199,-0.5631925157411855,-0.43893292332643746,-0.15838037363763305,1.3991039994171957,1.0053502078327836,1.6530263827377443,-0.22877758533100692,1.2056202311183046,1.2437972345056199,-1.0148099047346208,1.0631800985717323,0.11419658504664526,0.36185140291414775,0.019939648935638564,-0.9979431610840153,1.536972876876435,1.178401077750194,-0.8936965629337746,0.23498209950438523,1.3165338109293956,0.0328225476193292,0.3440827598036316,1.4433210545952906,1.9323250997352783,-0.7719297897110111,0.158138226117085,0.9734203292931728,-1.2333434202352391,1.524271024998828,1.162323591263288,1.3918118682192904,0.34779335330330075,0.2765763693972607,0.42326387850137154,2.292876479357172,1.420358581798515,0.920786609862937,-2.9767345755165366,1.9228734581187008,0.4566948006644956,0.07834015709392533,1.8886792876942267,1.2611518660396714,-0.8173263666361722,1.7652585833505272,0.5555084686197891,2.1063251603499897,1.4217264210148335,0.19037097296516226,0.19747895029549792,0.4105017755835965,-0.35105641020755307,0.5408451481238096,-0.6881348371035652,0.9331902036503906,1.6507786886864244,1.4033541067888122,-0.15485611137959993,1.5949876049640743,2.118949571960819,1.2011942655132404,0.9813457680155102,1.010758755331316,2.18418865809902,1.2655564683865546,0.07071983075819456,0.8224209337675603,0.6650555687100868,-0.49602933186914516,0.27836531302344414,-0.12441974074893503,-0.1688602417017651,-0.3993169407029519,-0.9698082078565441,-0.009826021927370907,-0.2816668389893496,-0.16851444069867322,-0.8103121749320982,-0.08382049288440153,2.085116986479874,-0.4329646283430504,0.06289761876964532,-0.5157541726636709,-0.33269403931088026,-0.37586871856389775,-0.5031055886532918,0.8839154134321155,2.042143326205965,0.8066965779215198,-0.4516958026279376,-0.2239003366696569,-0.756998138865578,1.6155283432560257,-0.27271344799764546,1.2809139127429796,-0.4965876960270401,-0.5164168869413216,-0.07350799653225695,1.7050956871710938,0.7258491012086147,1.7190417957793676,0.8655024639706973,0.5023284976323105,1.618847136265552,-0.5728363004059115,-0.25250705661059153,0.6112895562557463,-0.7678231503471378,1.228957025139022,0.07205820475943368
"""GSM1539166""",0.4236795156663548,-0.6116028060873819,1.3015659961525634,0.5929253457246902,0.7317136139976749,-1.8463654233788536,0.669442641533952,-0.44892740956396426,-0.8424690571492303,0.6293201778490704,-0.26258689781759015,0.5742949639489181,1.762926402237653,0.6405628901045181,1.9321771650949915,1.6033766723240916,-0.21151572977070954,0.458996003701336,1.8977794508233754,1.6587474569868272,-0.9727894433340722,-0.8381356994600702,1.0749601919279266,1.7093472195546244,1.922249102086575,1.6796649984496768,-0.31259309226004506,-0.14408109867849275,-0.9593882328493704,1.5161897197413257,1.3867458788687232,1.5474555236536036,-0.957336585206625,1.700850527767418,-0.7918022412342186,0.45704591070901157,0.5855596569613369,1.385508329178414,1.2765162769870788,-0.9328325901273113,-0.6675003968874924,0.5248075164954513,-0.7075503280353552,-0.8337828711326949,0.8994637863952396,-0.998473273602338,0.293725728850117,1.0600078521185576,1.5966328049475345,1.9141203987586486,0.19440552168663627,-0.1009345628721858,1.2624642623163282,0.4591350861081433,1.770532826496521,-0.7097409778623028,-0.8592555063040117,1.0483437742255477,0.3891932803837912,1.198547821102874,2.2014570669245317,-0.764815286423605,-0.9757547256154004,-3.3736374910776115,1.735559004280838,-0.8084907815811809,0.5787348697571514,2.1287849242027366,1.6153621028642695,-0.0015677661866903962,2.084277218172715,1.5958135775702842,2.005523711975203,1.6356302672981176,0.8741190004096714,1.084481467792057,-0.1626761038574634,-0.22822007978927458,1.370177436769954,1.0323130316222524,1.5010735958248724,0.9923824955957613,2.100376823586203,-0.5352518447064067,2.428862976209753,2.9118788508667692,1.9025555845098272,1.4593353894897467,1.2208695024329308,2.1547123429940047,2.017736923102063,1.0377702626326588,1.9244230771772193,0.8161193873324232,0.23188889389408468,-0.41594532827384817,-1.1428353109394054,-0.1626115907519012,-0.3637377069373711,0.9670369646270928,-0.7442374817617704,0.6030915425939983,0.7243984755715118,0.689859796782545,0.9996676406824418,2.010525347568882,0.6226715674762611,-0.46691170039855523,-0.4378299289109049,-0.21058406009475322,-0.5885066291433385,0.7272257645389945,1.341680544486534,2.2887493490663893,-0.9020434521701998,-0.26732824043709386,-0.4878714210446947,-0.2680403570666695,2.245692840326448,-0.5963643165585709,1.3784126284607916,0.8413114530443366,-0.5816327157183212,-0.09243412331826414,1.8648592791318228,0.8942492321181955,1.8900303629623831,1.4643391821462324,1.6084761995023127,1.1467717460393185,0.349418383984505,1.038756668849177,1.9422735974363234,-0.9190287933065079,1.1251689459870629,-0.1840486344250719
"""GSM1539167""",0.8664909104650792,-0.6554101505839758,1.262059506743514,-0.9193961274246721,1.3116667356970637,0.051000810525314834,1.1372341094952534,1.248374913365798,0.845597593052783,1.177224967066324,0.12626651920041088,1.4284915543808683,-0.26912040482775856,1.3261780813688466,-0.43006900151565736,-0.5580087868920145,-0.03288448563363985,1.2569601966742507,-0.37576913048396315,-0.558723833606366,-0.9683975455290977,-0.6868441925405623,-0.06422681856942716,-0.07052321598470543,-0.1594190302426986,-0.6034757681017701,-0.004487606239099598,-0.9407875774150481,1.022449594805331,-0.26441924864465033,-0.020065447251825692,-0.18240401701934802,0.32984355195385484,-0.5049515905172404,-0.8036450404591132,1.382061185541376,1.1409318187934951,-0.1628653663630398,-0.22089862111936445,-0.3712518371773689,0.7325218390214536,0.935812481266224,-0.7705807730965603,-0.8190375573542478,0.3020858176879199,-0.7857888766180091,0.6792037658333406,-0.2607874753651584,-0.37683400676098394,-0.007613093759872419,0.16866100099428788,0.7404818380802585,-0.02371280515931606,0.3478523183089354,-0.20020011233001178,-0.6655233743226958,-1.0088338241656583,-0.3544201423556108,0.5682807443253963,-0.10597432578018082,-0.12798076075593162,-0.9084554609816612,-0.641943234796688,-0.019218048071263046,-0.1902456542455066,0.7449174882068866,1.5267250463760185,-0.3623511141745723,-0.6369580899331333,0.23920784663296685,-0.5469579226374925,-0.37106452194242284,-0.0864558148259968,-0.2352854746476072,0.7265437476834747,-0.12493380425751749,1.3817801574308357,-0.5150906119448558,-0.5197953746404159,0.976861501090356,-0.3376123828019245,0.8343268684499984,-0.2937385944157738,0.6462969986169221,0.2570971698503636,1.5221925052209249,0.7937861159295093,0.1360755484432323,-0.33090484803255876,-0.015411799663972223,-0.5807399592930244,-0.38248803825849914,-0.35369361594723997,1.0772865516323245,-1.2738044131046493,1.040869164654485,0.8818876999365332,-0.11073352867507666,-0.055815210413230114,0.6182123484249424,0.9230586906420024,0.0034296376672910177,0.10167179881520655,-0.30384344360645543,-0.2825969087384375,-0.09542392488800552,0.08732672672838168,0.9791042596098919,0.7874391829241548,-0.14779568669420595,0.8947326665294694,-0.33849083953019465,-0.5633211680840565,-0.45235031819522176,0.46648071151976883,-0.13140510671333547,0.7557625735151612,0.39560859717242125,0.007119855017772187,0.7207627486123303,-0.41630572577445357,-0.11314132764590472,0.4905074072854944,0.45571085611501316,0.12602641018867525,1.307489071597247,0.5264223472127474,1.090609207712763,-0.032381147276172036,0.2825284015973687,0.41327696982377443,-1.3145865684178994,-0.18707876788799038,0.6623323409001891,-0.24630843129238658,0.9601586810497619
"""GSM1539168""",-1.6505419117202258,-0.6613266370377686,-0.8179160246325827,-0.9639666123787889,-0.4765090363482921,-1.5202701737319304,0.15689366235475055,-1.0529446248561094,0.9417777657431764,0.06955086374221536,-0.46459165393182417,0.11274976522371846,1.61484149566641,-0.01446768835661083,1.7974074383122447,1.8871288124601,-0.15259022841779382,-0.03931730263465377,1.7593001921671048,1.410618874630818,-0.2403241633396807,1.0029535257198117,1.509552228719356,2.146299754841207,1.8776355350542275,1.5284507102324865,-1.5845349512792093,-0.9452081540190944,-0.25611905709371297,1.7157721933856682,1.6727325471635477,1.6705388887485133,0.7518258191100992,1.6022599275768243,1.0779978776292276,-1.016341609737097,0.05451752635686249,1.5430372454726708,1.420139576077751,1.1983476517371365,-0.24642541838722287,-0.2949155530712003,0.7977898524407456,0.21163919902646458,1.6892068706747474,0.7248712908045005,0.3711536945497338,2.1087130776762204,1.4224592290447244,1.923112867584514,0.7156358178974053,0.07341931127947626,1.5597288804586238,1.32428562792979,1.789276418991396,1.050768929085249,0.6622540245411528,0.6859735209061157,0.7838335101704893,2.153835493688655,1.942749665835233,0.8703952086367096,0.06979322167540543,1.207213054835842,2.066959647759053,0.3027193017285842,-0.11429574608846448,2.133083623421227,1.707211577329324,0.8142711832097433,1.6957599016616922,2.2251312837906765,2.0362612227718992,1.1132548942289635,1.3848265926796637,0.48878661909462146,-1.6704459842252775,0.6230201528204343,2.004003837509221,1.6923555994963146,1.7701020438766946,1.26794938773488,1.2957052382795988,0.5375448744311316,1.8865873622887936,-0.6678569572450165,1.109134470550824,1.6942380296608244,2.3612767875303704,1.974597278956845,1.220379275314412,1.559247162363834,2.6008845729624213,0.5747940215669524,0.6184541357937937,0.3530002259181401,0.6202837635410553,0.9530403270581502,-0.09945372844833963,0.5629590051414806,0.7465582958719723,1.6915720374224172,1.079192186701045,0.3382980706097198,1.1496452336219152,1.4415034542169285,1.11489249124551,-0.010345807215274554,0.10409825261848502,0.5027921551318071,0.08135372807265623,1.0644397948582842,1.1993492996904427,1.9979237007333348,-0.6415337371657505,0.4931582723083509,0.46407220849331776,0.7353337953463035,1.396866033220208,0.3461250746780408,1.3784126284607916,1.0494475996727501,0.6978709794689322,0.4304660768108455,1.3516540096461005,0.5480137473947865,1.526108820181284,0.2550068571919437,1.7771375371776885,1.4632478670730467,0.37756044783890746,1.3504906058330133,1.2833282457523967,-0.5176297624588507,0.9004694597652568,0.4939978616558906
"""GSM1539169""",0.6350939539122211,-0.6790750990118195,-0.8001607566536288,-0.9276307050788207,-1.0459502398390719,-1.0072181357465464,-1.0421081654226168,0.5622217285044764,0.30140463509210214,-1.0771242466369253,0.958899023443123,-1.018328452993487,1.555132042638705,-0.9478968043030421,1.6790213612250449,1.4453765125701588,0.12354775882667593,-1.134808200228241,1.8054344325423968,1.736111505463757,0.675359841427674,0.9906647148105757,1.0691131509231189,2.0103226376413477,1.465513289443818,1.6841986321019273,-0.2676224502338652,1.8461460249597397,0.9562794363729235,1.1060405372843778,0.9572883078290235,1.5565112010910214,0.6274804593791053,1.6447053050735516,1.470120497460989,-0.7733027636314735,-0.8848738035070436,0.8736324952442214,0.9050681884941367,0.41526587516468744,-0.34234619463090155,-0.9367152624457848,1.0880568990415023,0.3188392719258225,0.43511228322599377,1.3165338109293956,0.5399616521117081,1.1195505961244714,1.4244319261733331,2.0362782040744904,0.26292991851448316,0.9250763887171235,0.7991603932965737,0.5181208748941792,1.5650673628681058,0.9264290937289413,1.2573308726836878,0.9627949736980845,-0.3947319380008521,1.4960759584600065,1.7538828144750152,1.2588614082440988,1.9135629505674843,0.6160749663567466,1.9752400588855452,0.6083999098898548,-1.0716641722431366,1.8516127424551474,1.7022623803053782,0.36338733513546473,1.7485896603114433,0.7614193708202511,1.7859617074317578,1.2726840126594414,0.2212850506895224,0.9852417377822235,0.32426653635005775,0.7147697808776186,1.2722504102607946,1.2062370252548706,1.8116987721562439,0.10805746372114915,1.0476508484947258,0.6218428301628532,1.7792182666729193,-0.5866749561189678,0.18986267973574195,1.2292176337039062,0.9918579522491754,2.023552950440844,1.8757398601043858,0.7077103582853334,2.0639263319073735,1.248022819841198,1.2657868757844308,0.6950050113092937,0.2821930287647386,0.37121180814996835,0.5680911759421338,-0.19839735940788228,0.7091416734845025,0.5919952805326786,0.3990339022070594,0.4167180519403187,1.355588987736715,-0.0313564978674163,0.5872702222970156,0.7545587889521808,0.4642016074788003,0.4492382998137338,0.8114628693562178,1.2053045675593355,1.0620915501468455,1.6327052200063867,-1.5798260076530186,0.7929718619403578,0.6656183305182102,0.24394781610038407,1.4381404420077621,0.5169596771811387,1.2353504329515976,0.347401048547482,-0.44385018523901243,0.2177431962522649,1.50103935633974,1.0996754825634312,1.7528109788542194,0.37301711831132117,0.9912352836441973,0.10965722002400852,-0.1221704052460233,0.780217693708312,0.5612515778141565,-0.06959197358173426,1.136129296627249,0.7462916544581221
"""GSM1539170""",-1.6356587737549406,1.4040608446918472,-0.8155165060579466,0.6820555120199255,-1.074170172560067,-1.9817355129979273,-0.6773514967724804,0.8412104834414758,0.41431157739311697,-0.37928771153141294,1.4006010368563289,-0.5685143800534717,1.6567380151847773,-0.1908897740931684,2.070986611829884,1.322586979333317,1.2761131239200907,-0.25269118603152574,2.012920634391981,1.8034911196436088,1.6639637711062394,-1.2628180547198222,1.1408088682098825,1.886068679994898,1.948304812604461,1.8505445878844766,-1.443504447317413,0.9889091979681716,0.6999957933052908,1.529319134713054,1.1460371189041025,2.099424932081173,0.9926772439647596,1.6065792635646425,-1.037860512787999,1.4250813479280693,-0.29713934123229807,1.0443164536524894,0.719841585164662,-0.9586161851232726,-0.3101689989222462,-0.8045657618086336,-1.1224210315384384,-0.16141362667938486,0.608580780636497,-0.8360219118336283,0.5936470924950532,1.0756304119608942,2.0720465901500362,2.0794249515568115,1.1632098705118374,0.3541910612173641,1.1830798386338846,0.6917324106075781,1.8259255935379488,-1.1036065721719528,-0.714781313604143,1.3552748392323901,0.544483129496964,1.4178106458806894,2.5410595475610362,-0.5801348898036341,2.5230970803401793,-0.04319839892720094,1.8362527761726166,0.9680429583829077,-0.5101468303151893,2.3610361756248186,1.678492972267643,0.9388039519099384,2.0159806134329505,0.7318218374183395,1.8112141115417577,1.6140168091624865,-0.9996799596514144,1.2245007201150273,-2.234570248596843,1.552554654740971,1.3566341197275014,-0.9292745027289755,1.5296770246195204,0.8489052588375615,1.9145244044431808,0.8341253143570656,1.861313581882805,-0.6173389414520836,1.723506583390839,0.9499715931538504,0.8844129117813008,2.2330927896800397,1.0341059429179187,0.819220712885356,1.0826925599735242,1.366156318628616,1.2783274198567547,0.4450848813455628,-0.06662633411237122,0.8429160968513876,0.6801949130561101,0.30388117339068876,0.818542038605826,0.5518114973021373,0.2328295904504707,0.952528589833974,1.7090360873994883,0.9903979706854237,0.9159399708741515,-0.10604002235040279,0.5006780236778513,0.4362078248206401,0.49367417731229774,1.1548195214428476,0.7924538576712108,2.394379776659256,-0.6340296066009202,0.8887402953557938,1.0338215314590757,0.12984754345458227,1.9786263457815685,-0.21427961407358675,1.5260773417096618,0.8466323825620463,0.14480989745655848,0.048771831031435814,1.7470442808447646,1.3499227386758572,1.9267970294486967,-0.503982052324894,1.4880704394945268,1.3530350586242392,-0.8378100798199523,0.6937559320212451,0.5150656135095375,-0.5590071631353349,1.4821290739937008,0.15402127651853317
"""GSM1539171""",0.5473183160033335,1.5972001468442845,-0.7308192568202345,0.8514180783346519,-0.5345905949142085,1.3647201275029381,-0.7587471856601378,-0.9568004033735268,0.901358553517369,-0.7120803310179842,0.10900171965623835,-0.7272954694851024,-1.3867395097655688,-0.8804470575138349,-1.028194048864211,-1.4609501994570189,-0.3923056477770829,-0.7848576450346818,-1.0576430027290058,-1.3428319458537805,-0.8912773887264216,0.6763630110037162,-1.2392051467036276,-1.1390398870912781,-1.0048639278940654,-1.077696678327658,-0.7947911503048252,0.18363864847641426,-0.579154877040888,-1.6139173324206193,-1.4384567148729759,-1.5015945790919478,0.7975164916604179,-1.6209257532218793,0.48538096284914667,1.7385358719190893,-0.6294979532221762,-1.2859361244165233,-1.5845441586046767,0.5154849987370744,-0.8837873952859884,-0.45615434419864453,0.7126976820081264,1.2997052301338932,-1.481816054832095,0.8589283568390884,-1.3256191560230353,-0.9439028583137552,-1.3443344368944552,-0.8826670982042115,-3.1127851664631603,0.1308117608888977,-1.470945058093825,0.6268481935787105,-1.5196224335928221,0.8698350248815416,0.7872206161141262,-1.6804812209285678,0.46810399531469793,-1.4111435729897537,-0.7937877880914661,0.6723316382638885,-0.4459074212622933,0.13706502409102034,-1.421240792752784,1.4376508253337132,0.3267730378461703,-0.6502185201227328,-1.3897536322165631,-3.277807965817113,-1.1637753049880204,-0.7232390526196716,-1.573217510663308,-1.8455871020477528,-0.6283980822827226,-1.6964394007631234,0.5470607599006805,0.47560202017688574,-1.2421497803225277,-1.8544865758304119,-1.5400326416389312,-1.6914615017319825,-1.104420584825942,0.7636906865914186,-2.1333679502352267,-0.6659568576976264,-2.495957377944004,-2.106141989017563,-1.0517984228521227,-0.7754671214555487,-1.1995117977612602,-0.923193357075169,-0.5638732753112174,-0.42987181547544917,1.2549433866375357,-0.578329244486214,0.008438947365306454,0.6398350761419229,0.785275842584278,0.5191407015456515,0.03673636201486546,-2.138283523981164,-1.8342408325107509,0.5094004275116775,-0.3315123124656487,-1.6665274358776436,1.2112095447010176,-0.13554242320569185,-0.39610580465129525,1.1415246229982468,-0.46957623856108993,-0.2145484211046639,-1.5187787678152864,-0.4529363911622677,2.132465625519905,0.7480214733064924,0.6030844514811681,-0.32793922347324717,-0.5716353449537421,-0.05864691177158034,-1.399578021258774,-0.11958385139910872,-0.010452265375315207,-1.3459788003688435,-2.0222448657575978,-0.21999461841241114,-1.3754407467645196,-0.1915483057816254,-1.2205204324937364,0.2992676039992412,0.73615491725106,-1.308761642038249,-1.3382891919114517,-0.9162659073820232,-2.120015978527376,-0.2064783490437264
"""GSM1539172""",-1.7004971049819002,-0.6443151724935737,-0.6792257765414212,-0.9732592344976267,1.393602274232389,-0.6298311157390982,-1.5676983231480743,-0.9844910621221984,1.091473309521347,-1.9176823477015106,-1.6343353015725928,-2.016215246586428,-0.6637055708729238,-1.9024840563853402,-0.9450305458455941,-0.6146446643439801,-0.3160185443549372,-2.021586337903825,-0.5043988602892291,-1.012395092402892,-1.0666780268200526,1.4642843065686406,-0.38226676370065654,-0.6969357789589204,-0.4386806327966752,-1.2262597435480556,-0.7640606525302189,-0.4255792409066857,-1.3944442937081287,-0.64237751654534,-0.5377463467523923,-1.3400581875879534,-0.6323343883984099,-0.7371118312727394,1.5688448584336974,0.22622977779376677,-2.3806650566086187,-0.8163032519107298,-0.9207516272219182,1.5039302906146481,0.9190608395472031,-1.2684251033087666,1.3086156055730103,1.4264096751299526,0.4831638808407768,1.343214870289756,0.917986979528928,0.11820223947204185,-0.9757743911232489,-0.7819523169991406,0.5871249907922037,-0.8521571641101893,-0.6811498982459124,-1.3670977260106931,-0.5127220262067063,1.133239621902768,1.1418979215924074,-1.427675939183449,0.9428587436034719,0.014045554227491644,-0.6620589932716154,1.2976091586115859,-0.2886415328436014,0.807656994350667,-1.0020668933394845,-0.15871117569875928,-1.0034077559624177,-0.7723639284740242,-0.8353077480629626,0.6673604584414107,-0.9120131748397071,-0.30654927485075356,-0.7640096715316378,-1.5244065295171114,0.682615502232696,-1.4426961558318057,-0.9321138467987561,0.7032537746384235,0.08548713240054887,-0.05788139134997064,-0.04806518564060269,-1.0464718094088905,-1.149518955301443,-0.46915254484831503,-1.105891883662944,-0.6454159453357445,-1.541239005707104,-1.2072460489920132,-0.21682890673676042,-0.7349357665444765,-1.1920314701989916,-0.23623119229285144,-0.2837401959939697,0.8113351131974595,-0.41088267882635904,-1.2908872860726273,0.1749544662341843,0.39205802620292574,-0.5786908137889184,-0.8477472658300904,-0.3273404642164485,-1.0155756180256628,-1.0963650899494515,0.15442965614041856,1.0015941582633403,-0.7110658629662399,0.15286066640808485,-0.7780320341311612,-1.2536919179889476,-0.7180010760276394,-1.3569568282481737,1.52439116183377,-1.2456998546441482,-0.8007162378708342,0.07703690068828427,-0.8150071728540391,-0.6898412468801858,0.06374642664893268,-0.2258594384261488,-1.1955854865090156,-1.5420698178035548,-2.0764265974181764,-0.2596700462818175,0.7759672110041257,-1.363907465422258,0.9787991475914534,-0.062164055682429574,-1.462465603398498,-0.8165952637964129,-2.6741814410866533,0.5758031203082526,1.7060401294540202,-1.353329239248276,0.22343382877970816,-1.5792819092950183,-0.2553987673207977
"""GSM1539173""",0.48519265058035566,-0.6446910319841399,-0.7724971688059317,-1.0306925614110158,1.5579763713092973,-0.7151045385934394,-1.0257550900113548,-0.6107773929935127,0.5477631991366332,-0.9541669235763891,-0.8330098447686156,-0.8219555348982437,-0.2677933324381628,-0.8812519430375279,-0.5021853958204975,-0.03894099479367837,-0.7268929550155236,-0.8672368955821558,-0.4419262497089989,0.0795266815581577,0.18390545300892605,0.9324584355248621,-0.2819559601799428,-0.07342220660934219,-0.6277359105092987,-0.09293235989082295,0.15780967848481361,-0.6130763246358905,-1.5646276258065186,-0.2747632648438029,-0.2650281609578862,-0.6603116452823803,-1.6710884378851052,-0.08313675739445266,1.004954593157892,-1.0890065899626626,-0.9742528329158628,0.005308899450633227,-0.05446811651044918,0.7159213784900459,1.282526027991494,-0.912631630847225,1.0002742692379378,-0.6690003885272523,0.4936705848958879,0.9373629843558958,1.1071356468951339,-0.5713718220958712,-0.3321663984354799,-0.6415050906498848,-0.4912369694817248,-1.6854003044911026,-0.0471673871124764,0.8456060149027066,-0.023631897220947624,1.0493248195197418,1.1205106986788944,0.20734414003466403,0.2133983963931881,-0.7478245144500903,-0.39217140832133907,0.9481833065031189,-1.2032897650960965,1.0067837816185545,-0.5763870921339257,-1.8165268141990143,-1.3102365100595557,-0.7871174616902922,0.0816506132340516,-0.39737504286686115,-0.628602241036428,-0.3179921610424582,-0.2745758920936798,-0.1129648601276408,-0.17605857602996736,0.4524674025645448,0.5288560987444512,-1.5422624063889832,-0.6485636527711203,-0.7060896038709724,-0.8063735786430023,-0.8083211198739128,-0.44950123933257946,-2.225734962317277,-0.7588907292441115,-0.5642472265449924,-1.651083847918615,-0.3000604927463975,-0.5047256803452209,-0.11132093480853274,-0.2139583346638823,-0.14100725077136256,-0.5072073368372052,-0.6094032402606203,-0.7306568933803982,-1.4891984394030915,-1.7664793765948408,-1.7176834451074032,-1.4171656953126717,-1.4628854548580819,-1.997292569713521,-0.4200698077619066,0.12173232576628235,-1.2406938469024145,-0.9822974330908725,-0.10906397981562024,0.5474600432325457,-1.3079576911869844,-1.8130542735468562,-1.7582343417480086,-2.6670023773883824,-1.0813662761736578,-0.09920348839493683,-0.2717797391046451,-0.07248679001545291,-1.8949029165362876,-2.192502796168542,-1.017305152370354,-0.44797838541484164,-1.3383877040839047,0.12169765735337107,-1.4066617265205763,-1.6461166061758101,0.9012477951376439,-0.8283444872405219,-0.8410681672185412,-0.01691172156916392,-0.8700319864959271,-0.46138706227989373,-1.4524042149863663,1.778279689185545,0.45653194062018443,-0.21864231211538399,1.4018318895662252,-0.16260057614748524,-1.7073382851221042
"""GSM1539174""",0.48519265058035566,-0.655315974714159,-0.8578362700793154,-0.9197796148030236,-1.5056805887686155,1.1977737842655598,0.6863180395947832,0.5007885801189423,0.266926881868019,0.4443876717997863,-1.1114270189190105,0.3953230509278556,-0.5608568555321093,0.47455628008820716,-0.8780946313333723,-0.31062000762463415,1.9614654548461357,0.39939057842497466,-0.41395121119035433,-1.0928355985906002,-0.24584099936535764,1.141946542081154,-0.9792466438437049,-0.21873839521234842,-0.45670305653572807,-1.1352773671101837,-1.6458461099996697,-0.074336638183214,0.6125573830707501,-0.5341733619700976,-0.3815626392972472,-1.286850675048018,0.1732418170802508,-0.6698149503175523,0.7375527297476144,0.33371550104312686,0.5264822065520344,-0.7330771534468773,-0.5878798012412251,1.1683562437805537,3.2120974305239716,0.7186196074247561,0.9354467349805796,2.284419368420398,1.227061303936728,0.7371666165216486,2.3339288310765487,-0.05750677780336777,-0.836458457395385,-0.22169648735473454,-1.2591614798925084,-0.04149998999004627,-0.6308740265344468,-1.173193259163269,-0.6244460971245658,0.7104280938579398,0.3829566410669957,-1.482870477538009,-0.9027023151979553,-0.09865940965572857,-0.587038424927774,0.6457583128092323,-1.216823266914355,-1.1014821567923545,-0.3501706423476554,-0.2577863208821527,0.393033163311925,-0.5385798687348861,-0.39749612265686063,-1.3948756571346288,-0.777937906685418,-0.2521631914094015,-0.3633015228209045,-1.1462102943953114,0.12788947339805848,-1.455978257368838,0.3123969744377529,0.3949236672024591,-0.3295359898743097,0.6110833697476926,-0.23891521092833937,-0.3703759305584463,-0.778582173309605,-0.0450852400186702,-0.9093098758932564,-0.7847550905105712,-1.5176199212013937,-0.9969763361970352,-0.41224532726816565,-0.07816149796955991,-0.7624807946306794,-0.7313741229656298,-0.055093366305804733,1.177583862621952,-0.4635188272884058,0.008775113961473152,1.3391048116133157,0.7027662145000009,0.2503561769019107,1.1242225582498089,0.3294577290025522,-0.7982967548356101,-1.0963650899494515,0.13026474171801547,0.19636371067664107,-0.9591317780188209,1.9498030936356565,-0.06320879562436445,0.55710025048373,-0.1349730724867985,-0.9320433957466768,0.7272257645389945,-1.0689489107509849,-0.6293761607466566,-0.9550675855914829,-0.01644155931702649,-0.3122938920737337,0.9811734292339496,-0.4340859657717911,-0.38046257774796083,-1.1347288236795143,-0.7259622683671434,1.0483115271645536,3.005753905063487,-1.074389948152128,1.142699123006305,0.24859121139346854,-0.3088795749387017,-0.2625142154842645,-2.5652462199908665,0.12949703859422412,0.7033441402904225,-1.1041708523767164,2.3406465548458093,-1.0407915267926091,0.8183980241867743
"""GSM1539175""",0.44334140016898,1.5008866729632813,-0.7618969026685786,0.9880754306578824,0.8242213251914338,-0.15671000276612904,-1.3110883385731813,0.36437385871154737,-0.7502904085795856,-1.6723145117697649,0.38800532677080024,-1.6763514844052485,0.9688215854494743,-1.7516248701197634,0.27656228694230117,0.9730767595111404,-0.884340357422531,-1.7250681892014923,0.2642208015881543,0.7638295769145315,-0.6203425868257247,2.039105631816694,1.4091710233948964,0.7162529172729944,0.38809509356318955,0.7665859777663113,0.053425391686918386,0.600526093653798,-0.5937812549879841,1.0158667562782528,0.9176867996562749,0.39066275548553875,-1.326587073317689,0.943091623998387,1.6737502618689932,-0.9137634526691398,-1.8454624604075331,1.366878018124763,1.2215810251945212,2.449081646649775,-0.7967829063184769,-1.1908585024460827,1.7051475017647197,-0.5139996909631909,1.3490673427973379,1.7453925097123777,-0.6171279651531963,1.069639538267515,1.092028130680218,-0.12556331957795933,0.2211988161734321,-1.4325028592981763,1.1763013536888598,-0.5738981563697668,0.989581975000256,2.003549437641614,1.8974752580592722,1.4204160047321195,-0.22715107772064852,0.5232182881417469,-0.11253989097774318,1.5781691897725647,-0.9950373320962825,-1.0491317725559022,-0.07591711168660104,-0.8629348813388661,-1.5135102018196867,-0.13012238123589248,1.114017922314857,0.23920784663296685,0.5212881869710755,0.6789613581629794,-0.0904934978217446,1.0388528008586002,0.40002830853634125,1.4970949615740035,0.09794591906949876,-1.1939943188024986,0.792339537561762,0.4935673037380386,0.7940270722485705,-1.1043459669096307,0.2860193936964112,-0.9693030894138327,1.1370123948036792,-0.7126703227906295,0.567551945054156,0.7352746911827233,0.5153519716384207,0.25839727520376654,0.8080873230488417,1.2629982227922896,-0.19201951714060586,-1.2267899452800157,-0.4435718620144187,-0.6086230981323417,-0.4637437901375938,-1.051549194100585,-0.5469796440286189,-0.954369965771063,-0.7442374817617704,1.2838910359485625,1.7675585282936799,-0.8805745861879233,0.529263825501053,0.17481144758718328,-1.8584326342118096,-1.0500988282557362,-1.1818576780743335,-0.6886271859582809,-1.3584790640193365,0.5991009230368886,1.0003068346546862,-0.17426219351018643,-1.0783045288450257,-1.0249601277156593,-1.2638635598172887,-0.3602446248689927,0.47061457422329495,-1.1082873855859372,1.1393864359280652,-0.7112741799820642,-0.26309537640840996,-0.04538615453167166,0.5617749744276543,-0.8950213974728173,0.4473107715778363,-0.7698348907618247,0.23012889838173559,-0.24701234181691317,1.4323564270759834,1.2032184446618608,-0.34437717477380436,-0.696870895316385,1.0934069759287177,-0.4052279181970284
"""GSM1539176""",-1.6003551437149466,-0.6509425574341471,-0.8176767270014008,-0.856101412577001,-0.13627345806932764,-0.24333156496232108,-0.6398733846625027,-0.5697959574099432,1.5477830478609038,-0.43398580878579224,-1.5335974079988668,-0.4059722714423177,-0.25539684430284887,-0.43322530352759636,-0.6084730416328854,-0.37938940450158337,2.9524596442263076,-0.41588942479578495,-0.5764515069142652,-0.5713975806567749,-0.7738125546619455,1.0568749220590408,-0.08430700286706533,-0.4961354345574224,-0.42816170511642276,-0.4167255158282511,-0.5680589123861433,-1.1638984543861908,-1.758807262239628,-0.2909806361431229,-0.28359165402651565,-1.009862847367672,-1.582656236617069,-0.36083943872023583,1.004954593157892,-1.0993759160065213,-0.48837016530364713,-0.2560284904395888,-0.26483373531560417,0.9958135799550463,3.772019850067576,-0.702634971773565,1.0651529403974385,0.890768162136929,0.03756892267616806,0.8981163542735379,2.42702205444916,-0.4078747848040145,-0.7868146190510303,-0.9638549746581976,-0.29328881810295504,-1.9263296111498884,-0.16198681382008975,0.8600091483916036,-0.44111646304415675,0.8153116454059487,0.7194719263004304,-0.4726814512670294,0.9722925398977149,-0.47296608089346037,-0.3817481782754967,1.0767202002565117,-0.5861428748024682,0.33595249764035795,-0.7074853721406347,-2.103506321685898,-0.39023801618319914,-0.44735290771649866,-0.5153968638299559,-0.20921148173011078,-0.5106079758235857,-0.3110858826502689,-0.538758524244511,-0.1904957950725119,0.40435913070381097,-0.47110917955412135,-1.6918367285993567,-0.7297984064166267,-0.5492809595846003,-0.9974712848092943,-0.8220855692469029,-0.9769868530826473,-0.5599829619998792,-2.148742053516746,-0.832386339744267,-0.6030410730943138,-1.14655048469237,-0.20180704143128766,-0.38101827254656795,-0.48769754665026493,-0.6917309341460441,-0.4221035300413879,-0.4512969134294542,1.7672515323688647,-1.2023867983427603,-1.9306939648991286,-1.9447573934384899,-1.0680373114635233,-2.028444706519734,-1.3486563786739472,-2.750416260886038,0.24467439289187398,-0.12225063623797043,-1.6073883584249224,0.832232094625149,0.11411844860437373,2.5776631206851293,-1.495263901562217,-1.411543030066089,-1.5564126477433822,-2.334798168750462,0.8361898109503638,-0.3333947989422631,-0.5970773869894266,-1.7157735743916342,-2.4470169540215845,-2.0123914221063712,-1.526620028314815,-0.48365617878892836,-1.5663119667831806,-0.5879555456985711,-1.0730570461947573,-1.5126563620302467,3.8442091745244187,-0.5830338785452596,1.6335996165936901,-0.33322291633346035,-0.9430710574239964,-0.6048835669409178,-1.9058261249040909,-1.4185526102853205,0.8607981461684563,-1.0759589214441847,2.9282715361084133,-0.7921658323734878,-1.8778336023517537
"""GSM1539177""",0.42042572067268763,1.6560162562797103,-0.8823150057815892,1.0525215791191316,1.327452068651538,-0.6590967004166556,-1.0135635370826301,-0.1790658740310696,-0.24380301570304128,-1.120580402712112,-1.9595319824291784,-1.0771210412075751,1.1554630573891183,-0.9612159739740959,0.9948797312714822,1.3075634370688929,-0.7954186884669509,-1.1524587908481787,1.0627690506583707,1.3487802677764174,-0.8111259631560764,0.5323909196803845,1.2036764188609235,0.860481647038675,0.8123897533472886,1.4294320013836341,-1.508410055163943,-1.9137701837949028,-0.710419564782455,0.8376797083610898,0.8880462193242721,0.9280529728241955,-1.559925213240892,1.3541207409576042,0.6984470288079454,-0.9887917455378489,-1.0056224658196646,1.456829308573515,1.541499063777591,0.7620463044790371,-0.3512901212528313,-0.9120339009475219,0.9354467349805796,-0.7196260379626349,0.4467703056604189,0.8762814478874866,-0.030608897370136483,0.6376323661266595,0.9479205038112115,0.6466021585180602,0.5170310857402903,-0.8277856453343654,0.9553894902775684,-0.9308025900206158,0.9631421601484894,0.658559449448854,0.6673589965265155,1.6732124651330338,-2.8461381605643274,0.4058741206378525,0.49528632409409107,0.5609741439262554,-1.257427361822689,0.9415532635373514,0.5728425350575258,-1.487093546361523,-1.3333188729836778,0.45282627916663365,1.1894983750478727,0.7107356999595901,1.0307779487570863,1.0698328946978097,0.8269146712971467,1.4867497191198598,1.0468027685102175,1.5981975732573055,0.0030772758667727677,-2.148523768373911,0.6323296566682861,-0.3778142691164786,0.9169211096329468,-0.39603466838479057,1.3048106316553199,-1.890667549306758,0.9143740066963308,-0.5747846461357005,-0.4605468518188506,0.7983311949123502,0.636957555658892,0.486553043200925,1.1395710327581843,0.7887452645580485,0.3050838353619804,0.7530786144135647,-1.687435147892986,0.08357329025081578,-0.6986542057127748,-2.5109673479564534,-1.3744377080654917,-1.3544575058510102,-1.1368432084496676,0.9697077090790498,1.0094369451540777,-2.0994443373312484,1.995857032906184,0.28200217910249964,-2.708444997789678,-1.0507004942828784,-1.3344392351225705,-1.8417260523980943,-1.5292716456595525,1.7853355937995121,1.4732859880797742,0.5675237606097786,-0.8761372414927086,-1.672842659122477,-1.8509107669558604,-1.3281059513487634,0.6941814453894333,-0.8504267244493399,1.4537447240166999,-1.5814807242611835,-1.8818223818631779,0.2595468099792602,0.8384478638482834,0.6277977478853151,0.669214086434688,-0.6832356649299016,0.9283379965852587,0.6376730799499404,1.0280376692184485,0.34709076136886924,0.4788422375229589,0.1594679923055563,1.5064597801721384,-1.442607246300244
"""GSM1539178""",0.3176294243176665,1.5718782143523498,1.3518571443439609,1.0576480403505846,-0.4767925120720714,-1.1700012964411515,-0.20143450797473272,-0.9983657961765574,0.29277988652439757,-0.24768288202785307,0.07165215351137554,-0.2271767575296098,0.8536890276460299,-0.029695094015812745,0.28442955711394136,0.5533769325527158,-1.1276560969918932,-0.2122266372526824,0.5375556414838738,0.7148518088196839,2.1414094406832644,1.1789943503049485,1.4953285126803806,0.5008944358189911,0.8305455736907933,0.5914261048393071,-0.31648844540683857,-2.1658030840971945,-1.8932383792414966,1.1504994842453415,1.3462314122264574,0.2564188026652681,-2.2378971947359765,0.7505463717643375,1.1201316971024675,-0.9497639655966281,-0.16968088955509175,1.2584310167344375,1.3500997268558121,1.2492578836692063,0.17023668187436986,-0.09929517527663574,1.1141822284418286,1.372331106101918,1.3725914913314459,1.0319077619885326,0.22689246346371342,0.8997635745808001,0.8321423687758325,0.05422504916434994,-3.273107857424409,-2.2151760303990153,1.096089073654296,1.2018665259619872,0.618820389211363,1.0707412705949833,0.8097043793619613,1.2247882969267856,-0.14230528760963743,0.8616596800156955,0.1642901365210523,1.1662059733333319,-1.0006399214042925,0.7519089715829335,0.08320615004680747,-2.930388221205194,-0.8006143167131793,0.07177061605567171,0.5498520801033097,-3.461397766079561,0.5350351146326402,0.8282084397772005,0.46522759572972366,0.6310989752380378,1.0238607589593942,1.0817141057422024,0.5332964025856345,-1.7946234475961678,0.8008899641312578,0.3250830605434406,0.5145493943136831,0.2157412673119222,0.3383856342704785,-2.6812416970320943,0.9211165272068429,1.1214912130208308,1.038166967596338,0.8299237624444735,0.5229202703177281,-0.013026600726416274,0.6143190730479552,1.1271965772639265,-0.11110368105036322,-1.0147477891495515,-1.6097492507916944,-2.122888349320382,-1.5165252309843267,-1.7577698820976717,-2.2435719866430497,-0.18536641675152507,-2.1267049367805773,1.8262547215802143,1.226893206886247,-2.059252535166584,1.400642605688605,1.7817018531142663,0.4503895270155825,-1.7530148586811,-1.940526751636826,-2.1229747674491173,-2.3226578712766526,1.6448396586912502,1.2773343327629272,-0.02488629842909326,1.7867118810251748,-2.850800526466652,-2.350578438998384,-1.1261530541196096,0.4328250826504555,-1.2643461093095782,0.7301510880563701,-3.0108195447549977,-2.2798985332034634,0.8624815912667675,0.7269625564373203,-1.2514080774034457,0.21644522691877643,0.23599562599667487,0.36408619788972374,-1.4671617948640765,0.6454005554810736,1.1428424953514071,0.7218715411937295,1.054542731847219,0.8615178216905468,-2.0820537834918103
"""GSM1539179""",-1.6651546758023252,-0.6318321583574024,1.0466723586377331,1.2334428413326841,-1.4537619393333605,1.0314040267165963,-0.20988243027406905,0.35627443172439166,0.6266504281141785,-0.11062630678285088,1.0980609646352786,-0.0014724490448152034,-1.072225531044303,0.2049284125936259,-0.9938745854552278,-0.9238132556056687,-0.5728865366778033,-0.003612074051896717,-0.6723471298008036,-1.1507730507466294,-1.1229788599398538,1.004764960137623,-1.1004882336438635,-0.9268441629705021,-0.9786868977571433,-1.0725004120644404,-0.08775896898041345,-0.6195013749686015,-0.5366578184817948,-1.3232479788038702,-1.1613432830019346,-1.308705058782668,-0.2926773528601812,-0.9368703797337691,0.7219115623560913,0.9067882974943308,0.20360393452143488,-1.2066745512308832,-1.1335324398808397,0.8288073769797021,-0.6088690376232246,0.22356552715362,1.140722283118049,1.423725964159634,-0.2967781023053075,1.0842577200843506,-0.5111178535135509,-0.4550664325383355,-1.266016200367911,-0.5674966725911887,-0.9374941580669021,-0.23140425058173233,-0.949323917434853,0.3708737560681736,-1.1895986082990755,0.7281017663288666,0.9312185428774105,-1.5019996629475898,0.5682807443253963,-0.8227460234090928,-0.8160392012231391,1.1114652781919492,-0.9826676731978535,0.6089631846561697,-0.8484128738067227,-0.014154256963300143,-0.2572267853057443,-0.5440215480440772,-1.1887963044637933,-1.0197636942247574,-0.8086014053710466,-0.7588558591290322,-0.5892735513235431,-1.6046393792107596,0.657635365959633,-1.9600002414329039,-0.05444840311916365,0.36856201481548956,-0.7393388660043744,-0.652748294040676,-0.9700253084678399,-2.506709795958593,-0.7419857251689626,0.09474515159939845,-1.1532499359365733,0.8819828341018694,-1.3174428766951156,-1.3232824661934408,-0.5613149216211549,-0.2956448341259822,-1.4527948698076412,-1.145034364064421,-0.5551967570185504,0.42821738410062327,0.23336780044828076,0.09707205558764136,0.52356738394798,0.25829159407521673,0.5040541691530096,-0.2942659295001429,0.17732123559577548,-1.506677739989978,-1.3519030146668252,1.1004694437548743,-1.1088470396781507,-1.1617678727649203,0.17502050266562408,-0.07705537116532048,-0.09771286922581071,-0.3444367096367904,-0.5105411844611955,-0.7431734281837933,-1.1889684459465815,-0.544309653218212,2.2629751255041386,-0.0586992337214828,0.32440145213227,0.1270651173909941,-0.8812941993739638,-1.1618511221547083,-1.4266180275948828,-0.8286469428652241,0.237696062315098,-0.736982611886509,-1.3855153686193329,0.45419534859593613,-0.20840113287024897,-0.45646120672384344,-0.15442571082016382,-0.08070940517573189,-1.811797468638836,-1.222185391769483,-0.6733398161163419,-0.9633564312642604,-1.846089522918188,0.8183980241867743
"""GSM1539180""",0.879291738751983,-0.6138398427543142,-0.8739291904717666,1.2015821432844167,1.1008891001827565,0.6964078597467054,0.19810921755810826,-0.3479346912204041,0.08502013444846625,0.3310443621987264,-1.1150682779677208,0.0040263792974774,-1.150408070906784,0.10165486031620405,-1.004605967652543,-1.4052899484662447,-0.03233248604416767,0.1954103739442911,-0.5581868132779263,-0.8900935528246229,-0.6393955931633885,-1.4543404593378748,-1.5678264556403037,-0.8759696094907173,-1.0408656408577355,-0.9728430378647996,-0.19726434055433714,0.1258976743939616,-0.84417388810188,-1.5144911358422786,-1.3954058613202611,-1.3538427337489554,-0.062057693463485324,-1.2836247184610432,-1.6984883851793204,0.9141798652425902,0.3533792422512729,-1.5184872191542402,-1.3328566227526704,-1.220333766149039,0.174992214468768,-0.039540442602161024,-1.6880332884031446,-0.8500342662921055,-0.6317032885010488,-1.5053024599690752,-0.0863526049217986,-0.7857894812879205,-1.4067365552028364,-0.7116291843718945,-0.1938279043501409,-0.04149998999004627,-1.529726991327381,0.5502539939123056,-0.7804072813516633,-1.5495317557922024,-1.583727917846751,-1.637762551308479,0.7707285278227645,-0.8479047360718424,-0.8301505183792518,-1.6843466167103383,1.799571914082962,0.5551986625624532,-0.8426073663258752,0.8089820129256864,0.5420414974388231,-0.9412702914877563,-0.6813295887809202,-0.09730787687893802,-0.9282058821833032,-0.785026441464468,-0.9189918593357603,-1.594868744719571,-1.3165833853596598,-1.5450412125507749,0.8015605927845975,0.9894172119800676,-0.749806965073499,-1.0949243031097402,-0.7496444612353805,-1.0221631065786663,-1.0929850465436886,0.6033577513372098,-1.584312546879046,-0.663625261532016,-2.324877077278629,-1.8255265807591814,-0.8058955381801772,-0.482946606180516,-1.2572240057168638,-1.4041494980543006,-0.5347307803612008,1.1715438054239289,1.2058339057509115,-0.8847698012658683,1.301846566951431,1.064000102878191,0.9389980169183937,0.011115976167936074,-0.7915158404408147,-2.1197496413635375,-2.2032331476187883,0.5339018613561082,0.4637045920503046,-1.867070293370906,0.6530034388887825,-0.4210856854203658,-0.14435417350816132,0.9076514241139161,-0.5492223618219073,1.3738692770754393,-1.649982451815156,-0.4299151684996075,-0.3342895123614374,0.7428103882744386,0.7557625735151612,-1.0112383862443324,-0.004688492325429586,-1.2150491379052288,-1.2876062859956023,-0.130725370053959,-0.8564258472201219,-0.5523241845558221,-1.4649933154968162,1.3149023621656228,-0.10804707726034149,-0.3813839985072533,-0.4554175237148367,-0.6023177485176354,1.0868903484750805,0.09026313168920927,-1.186448677060481,-0.9644977237072616,-1.6625114667620389,0.5501965780070107
"""GSM1539181""",0.47346001407647276,1.3982694024814482,-0.8069570166524842,1.094226759580575,-0.5992471070580159,1.2411961143539363,0.5570203176883982,-0.5455140025949708,-2.2584802052854305,0.3755405090809632,-0.38753547018239415,0.4840018195969543,0.09069218543058315,0.4162658403585539,-0.46875637942528603,0.3641277801562633,-0.8411206855199685,0.5463531860465215,-0.39113886861222236,-0.5507023222255549,-0.007060084950174712,0.8132367697333702,0.6458960554875893,-0.10352295651679386,-0.07279317067965488,-0.5555537469443825,1.6986197027207175,-0.14342676795643275,-0.2305682667342475,0.33386092132852263,0.5726969549236184,-0.5612312385171228,-0.21004207278770018,0.06366114421974248,0.8266294216183964,0.33476807399419306,0.5490888681451429,0.6022863871813607,0.7766479298601205,1.6382653372054485,-0.9473628681085516,0.3016134231997718,0.9107643644905109,0.9043719310029267,1.238446277491743,0.8721210678102839,-0.6226498399012019,0.5048897456634037,-0.36723269765712174,-0.42347981877520113,1.2395634675226213,-0.514356500760536,0.566699747461059,0.42981504864260067,-0.21731351373441785,1.307867226981668,0.8241062165363152,-0.09434826950748613,0.6660634098223991,0.7314252125261644,-0.38267380127108264,0.9065261036289626,-0.562169725511712,-0.7897908907454952,-0.32242151759766086,-0.22464627007390908,-0.23242768829239763,-0.523446723190975,-0.47786732725070297,0.9041533801568434,-0.69407685758718,0.19947814260691088,-0.5612249205162205,-0.6105093641659181,1.1254146321661913,0.10593205172170857,0.050622307682369944,0.7371793672567138,0.4448791796975642,0.7992801960629907,0.17574644521404076,-0.3648893140277771,-0.4044723265992724,-0.18761518404938832,0.1763704355482929,-0.6824029626344199,-1.412511236903461,0.06830601272023111,-0.026526853327271244,-0.5145032842513955,-0.33317586377073555,1.2814869557803164,-0.10913674431471648,0.19571149091106863,-0.7157017983623022,-0.9297351363886703,0.31083917554075907,0.5392835628124061,-0.241720061139659,1.0432255560629293,0.24512856697506089,1.0449538673466214,0.9752563058274543,-0.09261162288477696,-0.925107531945159,-0.2793070372347935,-1.1899638402904096,-0.4370038572751633,0.030098204160720836,-0.35166528121607615,-0.44280188004087484,-1.0988462806172505,0.12579046769390617,-0.42398959335798286,1.1950125145641726,-0.26732824043709386,-0.1497957143127833,0.8533658518421495,-0.2772547656372919,-0.9461039172244595,-0.27827018051996655,0.13498396455623926,1.0844850315426038,-0.548824327812028,-0.8381858179492987,0.015594091294925878,-0.3912098751589332,-0.48300708278494336,0.4150449870991856,-1.1718771470965827,1.0698590923655964,-0.38839335559086663,0.15855409969533335,-0.7524747109503803,-0.3785247467693205,0.3564434490841997
"""GSM1539182""",-1.6048221360722614,-0.6499596328664253,-0.7970395390961834,-1.0278067960807005,1.3023301440246837,0.5171390584577368,0.4289529635002441,-0.8121413033329884,0.25337659854737654,0.3310443621987264,-0.5373086719274555,0.37361267421729677,0.9384667096455759,0.3361307424392957,0.22263136573715256,1.1933159129155348,-0.019746898071953928,0.2821185018169156,0.48965480512934534,0.3728628830025178,0.20426476032576718,1.1931177383968037,1.202390227670499,0.920846559213714,0.9833847384228322,0.5889466039270395,-0.1752725057394733,-0.8104520023656501,0.5386883353337922,0.9734022869615527,1.3571718914818893,0.28154536429787613,1.3560717236733426,0.9303462361769831,1.0411823701785847,-0.024003962608687868,0.43684152389808906,1.369339486078642,1.4296645691429393,1.590327888553313,-0.3382065792572633,-0.0241547569228691,0.9832789100370563,-0.8332285567417794,1.3170745257394196,1.0138648270479693,-0.3654753242944224,1.3161890672711394,0.5936010253301678,0.012739433834027172,-1.061634824653221,-0.04274842790679268,1.3078860299291353,0.7602833162359945,0.6671965175521517,0.7993208699636265,0.7617866490401828,0.9417554468569983,-2.6785274142946505,1.1289548408247108,-0.08370749879011523,0.8168594928528035,-1.102389956651491,0.18029074711340115,-0.16436686954906932,0.8790007451677556,0.17703955871952473,-0.06835804940369435,0.7180990130156508,-1.2223786511082477,0.16960865674754413,1.0570792183386402,0.04430507653318347,0.6173549184272754,1.310946572804491,1.2275259162854733,-0.8656639661398554,-0.09716772661422647,0.7419621818803664,0.6597182672653079,0.9236120751535926,-0.9078518715893629,0.2576568338066043,0.8086684438586645,0.6783069842485504,-0.5903275864360639,-1.2102696901220322,1.1541203211495155,0.9048840598014108,0.028871404573133,1.6261133296194423,1.7728282251867886,-0.026450719597658594,0.05039248002915652,-0.9226416456673758,0.5287531215320104,0.29669025483642875,-0.21313508198339612,0.6249090868609717,0.03956928489682225,0.3991265930411806,0.8684479309367942,1.754318390659323,0.5599019686197693,0.7530891248366987,-0.03612207594955535,-1.912734917470318,0.21852115094775146,0.13877440556367834,0.7321043029691849,0.3842850693553179,0.8990371181752507,0.835969188027858,0.06989815711078161,1.017210795728566,-0.23503901000605135,0.2380437216570422,1.6357623722942136,-0.09088271979989382,0.1786104776574506,0.8572605661637881,0.1896966299475178,1.3893204595778406,-0.03361346807426909,0.20352703114008372,-0.02316165814092627,-0.26760316245649424,0.048166980639306516,0.5833995597646854,-0.38376720728755354,1.4272544506359344,-0.46213341721062506,0.6559792036851234,-0.4448975990972078,0.9053711814498102,-0.08968531888042226
"""GSM1539183""",0.5302602690667475,-0.6353629030306752,-0.7763486203325366,-1.072146397826443,-0.0762881963879191,-1.2674234505635849,-0.543099246385413,-0.7431733685998034,0.4282279337445612,-0.41906892681695884,-2.0600773058513413,-0.13830111232824258,1.014553077890339,-0.1581500018111828,0.43740571239022225,1.332624881778515,-1.274647806743722,-0.24434952738587704,0.6758190031311017,0.7656642655001211,-0.9423443084898672,1.0977923220878405,1.601221063557289,0.6849292649393365,0.8857911992941742,0.5185776083378918,-0.4983911425546118,-0.6939404087913809,-1.0268840398656993,1.053258448980324,1.09889405641762,0.19835773773305213,-1.6012926306324544,1.046247590377498,1.0301738577603916,-1.123965622788986,-0.36334470430315413,1.7308518024901296,1.6291968520237843,1.6567766805202768,-0.24417876322938648,-0.44783099711605867,0.9354467349805796,-0.7501148227362329,1.298393644947643,0.867842551216748,-0.45956318133990853,1.1283869124165096,0.23440653762930252,-0.03381522264824897,-1.1287584903346497,-1.5569652303119237,1.3131533330335303,-1.1055742942409819,0.8334041129339844,0.9221694539054284,0.6853303812126142,0.91582122983517,-0.2757585135828024,0.874984162425171,-0.12511875147278384,1.0812247148551064,-1.1627241004379327,0.5390001403345737,0.03256283768640589,-1.849209229738993,-0.8949746056626118,-0.21472556134915183,0.7601567398656183,-1.2450892141083314,0.408638163175495,1.1510135190249169,0.04189971734450799,0.3230273532107737,-1.636757714076821,1.087495259932286,0.29924134532412344,-2.0087535912493095,0.7260665569707863,0.1467142267262466,0.2381252320560308,-0.6876795639805834,0.4113427938500663,-1.7492846701739202,0.13949358448496502,-0.7209783759060476,-0.5006993434916275,1.0711121284815186,1.1390554278900422,-0.2196126437981326,0.6445730603749502,1.8046597560918871,0.17683134541351841,-1.405841921442393,-1.918506854613423,-0.5350869646487866,-1.1718235297861679,-2.119774007963467,-1.376981032317687,-1.2137158454313246,-0.941281962706296,1.2593159880155502,1.3243720763539666,-1.949517015143693,-0.9592056459304568,-0.34954744480293504,-0.6595556869188601,-1.3107544168550196,-1.3678601362704388,-1.6311990698606251,-1.7574735282637044,-0.6653100238209898,1.4486146649435048,-0.16762597540476068,-1.0441752621388807,-1.5714242579463982,-1.6497560693638746,-0.5909329649940908,0.025422991211519107,-0.9170222547376384,0.5532848795425443,-1.8931251826903288,-0.8482513030674577,0.04078202084491955,0.25271774470914,-1.1864679867645922,-0.010249161529770687,-0.8145793190437084,0.49116110214486447,0.6695764872050186,0.46417706801329756,0.8053130731412751,0.22392175595432962,0.19856732170709024,0.87109929672206,-1.1992468263349214
"""GSM1539184""",0.3800868557606407,-0.6424088193784251,1.1640988274325845,1.037280975724737,-0.3689488278427737,1.5747406292910446,2.103400179075104,0.215749880506007,-0.9229140472735551,1.437969215638604,1.7390252374380655,1.2387151651685484,0.4751819659241075,1.2808482110445412,0.32920958991751326,0.8093383036454846,1.1157286155213653,1.318117779978429,0.493177614471223,0.3018830847278872,-1.2887439041830582,1.3425567679556432,1.1456525073145487,0.702717765234569,0.9643263734275944,0.23627112906519973,0.010657747100125492,1.5413040821697406,2.297427453124577,1.0960629672591304,1.304684346358126,0.8466635722344745,1.9320491934129218,0.705978929093644,1.5952882980409993,0.45260805351081385,1.1563033800444549,1.2023142068475865,1.0725064159219042,1.561927156618323,-0.4641844349786689,1.3921690705570042,0.9527233000538973,-0.8367051476034478,1.0665677864651752,1.0509452469228278,-0.42644367757703405,2.2664602565047116,0.9542915202477883,0.42956308012093586,0.9432813345449568,2.284588329413299,0.9935468768310259,0.982626380063339,0.6226132928810576,1.794298211826576,1.0352453281611336,0.6585740904628108,-0.20226587231682994,2.407815548995031,-0.03499863284021274,1.050692403437887,1.6547013557335692,0.07943282964381503,0.33032865844839404,2.0147823736666486,1.251872944197428,0.9115845847446019,0.56402714656465,0.7694041615747343,0.008145456887592637,1.232145810677979,0.18496930452394456,0.09273167569271104,0.20646971364202646,0.8189921258472043,0.05678619944627582,2.899240346975072,2.318506879931653,0.3257116084636792,1.8243447326210105,1.1176819203231805,0.057911806171172406,2.0914360193881865,0.22066973217082633,2.6220022112065324,0.36551398772829563,0.7234431127886481,0.78775205432001,-0.15470638291481228,0.42205710366847726,1.5113207860100932,0.6326057522716863,0.5357931942781233,2.0597651051613264,2.1361279716683934,2.469750217548712,2.7653613183520855,2.6585430930842375,2.5737257094148105,1.4585139565202034,1.9627539495353665,1.6418259321158035,1.7367509562024328,-1.1196188937413756,0.05931545206850572,-0.7501613196886201,2.9536146568124484,2.5725075468264826,2.633556643961695,1.8558686587720366,-1.1883380352225752,0.32446539179373396,-0.10693780584416193,-0.27625921121425223,2.426413284289873,2.407410142996923,2.9193225578802244,0.3701417343485244,2.949935460290864,0.7869271927191347,2.6101350277569613,2.5448226668289933,-0.3843086803168956,0.23740158975623868,0.49571971088784056,0.3098556061648945,1.4585098010331887,2.319592424728252,-0.2390274218471856,-0.3194944753343413,2.0077638580629795,0.5804312042464396,-1.4436501308088272,0.7315052226594346,2.5044242992659247
"""GSM1539185""",0.6061262163389999,-0.6656208775251948,1.0990177322076968,1.2451258060498969,-1.5486150980424847,0.8024457752116732,0.6337120616856926,-0.4202792886651615,0.24790988514375972,0.4242041467431726,0.14555167387761833,0.5806301996889542,-0.5157234154295213,0.535476430583376,-0.5007277934724085,-0.5661989318661188,0.033562550142359183,0.4420497404403567,-0.3216703577749091,-0.584995003459155,-0.05479360138165055,0.551489403482275,0.055045172313657,-0.10506697336312942,-0.3040962090503657,-0.7312089163070123,-0.31707342060081284,0.3334297959556908,0.4499828128713186,-0.4809377082659107,-0.3248022511680256,-0.4461297526351269,0.48663148535222805,-0.289723748935236,0.6237149733443569,1.0534808887941423,0.3533792422512729,-0.2790722612098118,-0.5413706541947414,0.3803017603111609,-0.08738371839553384,-0.13406233968498782,0.5192252096061502,1.2241439793399929,0.23050090262007836,0.30851103246764827,0.2965703811890093,-0.055612444656629255,-0.16471157852841398,-0.4578558977706618,0.8235055924290557,-0.1437670563722426,-0.2170706104499546,1.1501072061524473,-0.13030968113873317,0.7016669917299966,0.35788127411168885,-0.1888235127580278,0.36388099403815505,-0.045345284797105444,-0.5046578890140654,0.5677518551427483,1.765594563461289,0.41346532009102954,-0.1972236250056895,0.3524439604443884,0.6498460193722229,-0.020024544404058264,-0.3784332074012709,0.7694041615747343,-0.5067627415365676,-0.6837426634366277,-0.03668210426088539,-0.9404830767251537,-0.7671544884203525,-0.2844391849549576,0.8174336491761778,1.1890844014595885,0.023126245037863223,0.5912008107323823,0.1828034858505749,-0.6299457094117481,-0.6878803974906943,0.6769013840575693,-0.8648853635310568,1.1645690392324257,1.070608709087431,-0.300694366471986,-0.5286148734076499,0.03531738681165084,-0.588290558058728,-0.4562556588500172,-0.37100149069013844,-0.804234944078186,-0.22534801789772604,0.41568580014564865,-0.6466174576808293,1.3406829418953587,0.47989946297185493,0.6002551794927617,0.7422866005770623,-0.03309722807284946,-0.5290981948072906,1.0457874019996993,0.0483377140109193,0.13295961870598477,0.5036809483626402,0.16966089778495907,0.5752657495612601,0.7552951779719521,0.2830578161481004,0.765986449475994,-0.5623814528705017,-0.5535080291538163,1.470003388255835,-0.13221470509551453,0.8520715703309552,0.6963063350091876,0.1229306892350319,0.4719263192961465,0.01907925558855503,0.8158974198480975,0.1895610777595362,-0.8741435553245285,-0.2667943962871297,-0.685387643272185,0.18734932663001538,0.4242379710335254,0.511692822940599,0.3075849660028145,0.03855909156020132,0.29737360193860557,-0.38089389975835697,-0.4896238246463017,-0.14005016495720585,0.555100153653386
"""GSM1539186""",0.39630169824676925,1.4377368057496436,-0.8153041806823229,0.5610214234409979,-0.7634631476765974,0.882602006985772,-1.4903066990220715,0.6985472127790923,-0.7438512703299811,-1.772192499635547,1.4582868444705366,-2.0308706926602227,-0.09917673165474478,-1.9789060555178806,-0.060781719949342866,-0.2271253190626486,-0.5041606487112891,-2.0779891424452526,-0.1724163972683447,0.11586991662379836,-0.6623893589466879,-1.5357102703162107,0.33326355704033245,-0.04645098448828187,-0.33293867831987184,0.10301347168998815,2.0158740910062622,0.5407570400663205,-0.20851064799085464,-0.7814895894731637,-0.43798317220196525,-0.23645486955944842,0.3189508968556627,0.3049866756289894,-0.8969835019700972,1.4865685000698474,-2.4959333980116063,0.04345214563902043,0.22653977518389992,-1.3658151534203717,-0.2855152865069246,-1.2915627641561895,-1.3729328574762292,-0.791423999416519,-0.16703473150121187,-1.383655693573325,0.061338274491572,-0.38092645609421,0.08849706050120039,0.04863553989157276,0.2851838601360249,-0.4088264228924861,-0.15463049452220728,-1.159993623070251,0.35394142672654394,-1.1459965171207835,-1.220253736066643,0.26710754735581654,1.107111968799693,0.14457028689966386,-0.20339434985025753,-1.3548988286399926,1.4659070713707074,-2.9678699075541672,-0.09282767313363562,0.39166027886436294,-1.1623355990999795,0.08110214086106587,0.16537751609271223,0.19658563924303862,-0.1726497247846414,-0.5540719017953248,-0.23457381780557499,-0.07856671827032265,-0.6209060575151704,0.33315584405359633,-0.29917605243763573,1.0246146624994112,-0.046359528830443496,-1.2397429684090941,0.2351568928353118,-0.3381516964346319,-0.45712737747283605,0.3870087245452964,0.6650404029611083,-0.7107886828036698,-0.5605741665591827,-0.42730554941640403,-0.5394638540149298,-0.025478928280262502,-0.2125900025112272,-0.7865641160053856,-0.5891391386687674,-0.3616807235795479,0.5605879493810333,-0.5734722499226182,0.8562458589075688,0.8003588246822128,0.06734344468670794,0.004298505284810868,0.0336951216175929,-0.4452116041809879,-0.9056689721446664,0.5585428953505001,-0.9316604057348951,-0.617444205634588,-0.7933222064342559,-0.48160868419105235,0.33525145350542096,0.6049174511718667,0.558977407736235,-1.143394168604075,0.018429289753260202,-0.344071162103808,-0.5955461444891865,0.41093918653557415,0.8121287366853445,-0.5875540068937792,0.4343768887481153,-0.9356909272358247,0.35488679768105097,0.5835868509447824,-0.8984528312395761,-0.4614241787439242,-0.07780044651760114,-0.38577142975975587,0.39137434706189883,-1.0356134401355093,0.12772760556652685,0.11688559228852458,0.3651899262149224,-0.9984182410965956,-0.44232544046670275,-0.5024478358518083,0.24388419251227725,0.03143903644323304
"""GSM1539187""",-1.6755569751670083,-0.6331314631081688,-0.7266853786356284,-0.8082315790281903,0.4091015433081233,0.5452612138548403,-1.2735109285572557,-0.29708925343613574,0.5164697480530269,-1.5899361996382795,0.2851172727882448,-1.764642963402187,-1.3135709205558626,-1.7683910432702798,-1.0770043938809077,-1.3538176294499153,-0.9464523820155807,-1.8330290377860834,-0.8877290494765251,-1.514825424909786,-0.21622931691815012,0.6558256871341346,-1.6372993069011157,-1.2053616555966458,-1.1315032704595087,-1.3891162961340993,0.06598648440772438,-0.9704329919522608,-1.6933554247794937,-1.5442605226631496,-1.4584152320141588,-1.9080891748981739,-1.7803371459629411,-1.7666080035524467,0.16669277210022249,0.13556210990398393,-1.8660325382096583,-1.3308181864780806,-1.3314851349119026,0.3567705288571459,-0.40074995348349435,-1.2373023539472765,0.49075507340377894,-0.832090718288372,-0.7963693610937788,0.5421507514575361,-0.7097122430263323,-1.00731230186172,-1.9878439725435655,-1.0536705117901466,-1.064707231529315,-1.6948450396161407,-1.6702093090157073,0.4492312329152377,-1.6151510432425304,0.23618406909859488,0.243413790691339,-1.8897529730636244,1.4600904447364418,-1.1624372715912537,-0.7779037985386724,0.2603861954128382,-1.2225597693633434,1.3534855099211884,-0.9555467056711737,-1.377054314086876,-1.4901952518847872,-0.8931313068793534,-1.9098302344489617,-1.0617610122432168,-1.1865288833970542,-0.7890525795436969,-1.193071366741357,-2.1241024306578273,-0.13434553823691636,-2.2453227507087714,0.09696658149875484,-1.037449027183023,-1.2781858166174367,-1.1887626860484182,-1.6435898420419186,-1.0611732995839913,-0.9676102287067407,-1.6785432443122785,-1.7239523855562329,-0.6417786538147459,-1.938675998242647,-1.7555863246908077,-0.6080894066043075,-0.7623784190591834,-1.3721280370230677,-0.8333568659493432,-0.5053206611164878,-1.1599145060718776,-0.8822029684007633,-1.6882341166100139,-1.3416446511735298,-0.9487079026936648,-1.3255165980887333,-1.5081536212963602,-1.5702676711818702,-1.9665040656327712,-1.9628800746262822,-1.009794334085644,-1.5024564046351072,-0.06494719391806182,0.9572528317433344,-1.4964844191624338,-1.6717468089188194,-1.4010455064419924,-2.4717584245620796,-1.4599266087685372,-1.2007921271553417,-0.798198957122619,-0.23872635397577088,-1.6218822977531517,-1.6099840373747418,-1.2811799581062215,-1.0254688532404983,-1.4346420038419565,-2.214793948493483,-0.8800069669688309,-1.272823203250737,-0.6759438282890431,-1.8630238809890973,-1.2530910998026257,-1.152030353491677,-0.02736724501275807,-1.1747950106238585,-0.4035254781474362,-0.1963964065737226,-1.2526275464665355,-0.576840029593595,-0.8019684432329406,-3.0154676617372074,-0.8556640020643702
"""GSM1539188""",-1.6867017385599972,-0.6758084562051683,-0.7206117534046425,-0.9603532625355874,1.3950006741795455,1.2982453651359322,-0.320051386022742,0.9031158526387156,0.7262330495285667,-0.22548855105791063,1.0342024376231933,-0.32619839002367595,-0.5247216807561781,-0.39653023512463914,-0.6404482919660534,-0.5428869203597619,-0.7233032391581911,-0.32443844348633727,-0.8333931474231279,-1.0583501141507183,-0.49995822875777457,0.9238542626744372,-0.3011421982131084,-0.771054249545805,-0.5384194626520533,-0.9927353329304461,2.2171186143295207,1.0066512853307532,0.4455406358929045,-0.0331279287693904,0.29380033530076366,-0.5053096765754888,0.49112395935917036,-0.8331426323376236,0.7719543662480474,1.5222720486765846,-0.34599158090744125,-0.20928899795945644,-0.25129374370708746,1.3167678815620572,-1.0018385701771861,-0.579435852906106,0.7591522457700691,-0.5430376703336464,0.16542515317684772,0.5066108063762077,-1.169487826197205,0.43076503866534466,-0.5218645056658221,-0.3865268064991622,1.0309788456356532,0.47711012287045257,-0.14827275011128244,0.03721151122754235,-0.86784738526741,0.9691749737132433,0.36027011408830506,-0.549655396690723,0.3854146700058898,-0.04187153045844871,-0.5457601074179254,0.7901935900253947,0.25673835127201566,0.5586723453871424,-0.2174363022129435,0.7386342507559476,-0.4297045412044228,-0.4074444749448313,-1.3999822893649259,1.0103415204892436,-0.905211824620612,-0.39275799586468857,-0.8594709510692172,-0.6744268567547068,1.8171506158404709,-0.4426842308698982,-1.5344772877828066,1.3519554269808436,0.12657195224086518,0.8239351728078348,-0.44585118696775833,-1.8906970188820722,-0.8231296484983153,0.6652219920117689,-0.9352910999433846,-0.6405999663990666,0.3392457759310149,0.055047779884282395,0.0408862896005482,-0.9321391142829378,-0.7179292153990882,0.47524424651582314,-0.030273894003068135,-1.2690408359007646,0.6877642902776085,0.31167953450757546,1.1615532179417403,1.336144639418475,0.9417800882248138,1.4426206952720426,0.567617518043781,0.797173093229354,0.4236370436160076,0.36604092561834317,0.6546739836687657,-0.02598075734036803,0.8836290433925449,0.545569308514682,0.48530931484521417,0.9346920215584616,0.10179969413997204,0.875180553441881,-0.5190505625438334,-0.723335038541719,0.5976699272493502,0.7323314611312347,0.48157834503924213,1.1215384184937487,-0.8852015521622763,-0.41761061529357263,-0.7694537701265838,0.8309829203887065,1.4554650662093678,-0.8420746845362309,-0.9653066169423123,-1.4248177243702767,-1.233328223037093,-0.5624145415746323,-0.08183825124278411,-2.6192634096551526,0.47878092666469396,-0.09120152978241447,0.25501259754844385,-1.4033010214537363,-0.6357906832173564,0.7536656352284212
"""GSM1539189""",0.8406170930226619,-0.6627542172434449,-0.5488480217350433,-0.9511217419614402,0.7709753558351414,0.44872847194032794,-0.39473421555994304,-0.9968782413895797,0.9467862678077481,-0.39485686717120344,0.8583340581548947,-0.47675511783317076,-0.6708935366089371,-0.3999515747904588,-0.6690677194113722,-0.6664475925000677,-0.7307421616525759,-0.4433999021232156,-0.7530405731164667,-1.0589396201796761,-0.12169617833967546,1.0998042844154587,-0.7625813246680863,-0.6936804704897974,-0.7569595442261149,-1.122028624328863,0.3247346743987802,-1.2962650709946077,-0.8103658039308159,-0.642981656164181,-0.7886519121598616,-1.1811880903815921,-1.2447086032346313,-1.0668299217886585,0.9014021094798308,-0.6895509681535652,-0.37750965448808177,-0.7605512462258694,-0.8300139405756293,1.0771387927424578,-0.4746814147694501,-0.7198871055962976,1.0433843936515417,1.090734809619705,-1.0713278705079186,0.9238376934503737,-0.6277268697314391,-0.7750673217906743,-1.43758013883111,-0.6542829289482365,-0.382020762043114,-1.254811932117182,-0.8428007494385049,-1.1707768428630287,-1.261615655879316,0.9633613157378024,0.6853303812126142,-1.2733525546892337,0.7355700056115264,-0.6572650594480322,-0.48834331370359585,0.8983181794660805,-0.19979096439125174,0.1277647438887339,-0.48895953457179864,-0.6000196315366908,-0.19285094597134816,-0.5020549346612778,-1.504815657988677,-0.4944768544621004,-0.854322705744581,-0.5055626047336099,-0.7444888665198326,-1.2782456601919547,0.8700967492315618,-1.3945589651736536,1.6237851892400923,0.34691905169407583,-1.0992000155453365,0.5313817069354481,-1.3350779911170814,0.47579546576679255,-0.7745540938060063,-0.8746669290708209,-1.7483292825697194,-0.37331591943352244,-1.0948268477140346,-0.7767706790455965,-0.3108104847353286,-1.0696009920547536,-1.092471688515061,-0.3058731647991862,-0.5734756758066102,0.2420001712486238,-0.3866852623417183,-1.2349027929322933,-0.28655016568660036,0.015983910546677502,-0.4695582050491897,0.13394075396753272,-1.1546519779313003,-0.24047074810949123,-0.7327475369409646,0.28102232207376765,0.7096367291634983,0.20250752759834084,0.5400193204019318,-1.1763362204823975,-1.2598035559815932,-0.5556227449419425,-1.7834662710389098,0.8721920220322705,-0.5486421972403426,-0.7202630731245564,0.03418486380996228,-0.2736126678957663,-1.3362510362287499,-0.42006851996244965,-1.377522962405491,-1.1393751385845565,-1.4317597895524574,-0.8606238817149748,0.23307529530478469,-0.40904370951317254,-1.2819337748280208,0.03657892391539371,-1.9418980117919882,-0.7538068173342435,-1.2240811653257453,0.12217939108982323,-0.9439427203092705,-1.4240452432641146,-0.11478766502681267,0.43962437087379835,-1.7412517451963736,-0.94538841387851
"""GSM1539190""",0.5490703006971172,-0.6335483336438783,-0.7730356019501363,-1.013248460684764,-0.23930955746312352,0.03195682069387208,-0.24739474318502522,-0.5028606868644643,0.2337024818811508,0.07776031400554427,-1.7260336766894748,0.15540476864778088,-1.263439719805989,0.3521131291182065,-0.9211976966845927,-1.3280653206825292,-0.932937147179217,0.23910196235355793,-0.7062067072480446,-1.134002993058906,-0.8660133418258102,0.09077676509366356,-1.4812663176038685,-1.2501749645621254,-1.3119019528793032,-1.1740888732466301,0.35054122110907443,-2.274312432302084,-1.442893532955325,-1.4544715917693474,-1.3196953147944217,-1.2235132313116521,-1.4746347387118997,-1.3270657401796058,0.35369894184277945,-0.22729794461535138,0.1845114210150932,-1.3995722076845627,-1.467389069123908,-0.2062835332078544,0.007270873727030329,-0.22447808029610478,0.5562410279489822,-0.8075515935360589,-1.6861288695029044,0.5208595166145756,-1.1943118998536506,-1.2938924510269108,-1.4498583522252466,-0.9695892557997235,-2.51348538051349,-2.059397734785368,-1.8133526076648288,0.36350476842767915,-1.6764966722085857,0.21498426727820752,0.5861221592633062,-1.283514963968483,-0.3364756707933133,-1.5033973556574818,-0.7171970590107809,0.3590636837303387,0.9888110569182048,0.5568300417188702,-1.2616366944675066,-2.0468331648180964,0.40011715555136107,-1.066189432150037,-1.5467529993132176,-2.766353567780257,-1.057453309250698,-0.863757016735958,-1.1193532264454955,-1.3057965426252591,-0.654527321147617,-1.1989323884712633,-0.46420570363409175,0.3901423120330754,-1.3535108330815935,-1.3703694677072435,-1.7456042336783852,0.33465476490475166,-0.874705604053275,-1.2421147334891376,-1.3687179176542403,-0.7445072177296179,-0.8774908719453207,-1.3882446143663705,-0.8717141781652438,-1.0343406934902668,-1.4186856998230646,-1.3198686238179913,-0.6505231332800662,0.8272519157566386,-1.1211288944463733,-1.8291404830358655,-0.7370450267833962,-0.45509170480911265,-0.7173448173258261,0.2668307633642805,-1.6910310927727608,-1.319842742494601,-1.6624064502374045,-0.7853468791120247,0.1647281735881058,-0.1300343220350914,-0.8226952232368628,-1.7215655677628583,-2.0363185152112804,-1.4090802711126627,-1.650316307109622,0.5963980411165066,-0.9825631963044322,-0.8043723656300765,-0.8298751250347163,-1.206589528359705,-0.8873927544254078,-1.657992100874012,-1.1875884187618846,-1.4799322133485842,-1.895274457505202,-0.6629235299316821,-1.4574288013778254,-0.5845455423857261,-1.4345030061990791,0.8205581240387245,-2.115158557969763,-0.6839825204953515,-1.5450792721654598,-2.966364300809659,0.2989199450738613,-1.9894270249496875,-0.7391299542306576,-0.6010124517144735,-1.7707671000458642,-0.956650431388808
"""GSM1539191""",0.6898781476722038,-0.6289679072942033,-0.8227365809545008,1.3758155914294896,-1.4337578546838907,-1.952160191765541,-0.6890484616717443,0.17006490199414,-2.5482184590550356,-0.5004805681449142,-0.0637071444573228,-0.6275809508962371,1.2383737935733692,-0.6979528286582345,1.513760639886257,1.4158418787140605,-0.21103375626120296,-0.7354956841253109,1.5643057828447677,1.3630400907147708,-0.9465693132365981,-1.8619823310883366,0.5600093144785886,1.8008160590765636,1.1807283786320593,1.3007997610959876,1.9285612882575098,-0.3658330405292872,0.1593237323404959,0.8491356496030894,0.5504569751318811,1.4038597080575963,0.8612286571118137,1.4537283563386543,-1.2296828258783972,2.0999030981793614,-0.6058878872456223,0.6188419990570733,0.8296481978701471,-1.5152551344351257,-0.48276910504912035,-0.8712832093893187,-1.7350794291794487,-0.6632602496757526,0.2534093286036509,-1.7602413342212095,0.24424572155049754,0.618515987191352,1.0660159109162046,1.9141203987586486,0.6497272710474896,-0.010319706945718843,0.5650949770639375,0.3427744533791071,1.2653517277682909,-1.1600534662117015,-1.0580206700599226,0.6114439330259731,0.8214475790906914,1.0520588423750643,1.824748602812181,-1.7199001228823125,2.6156368716243534,0.3598751763314925,1.8342445777743155,0.469943583329596,-0.5413775748892907,1.6709705511383801,1.381114981347744,0.8142711832097433,1.2550765004635278,0.4513082859890543,1.2621727175726862,0.8172042919917346,-0.22500094791679234,0.5505324804629455,0.24862615191483117,0.8111097780536533,1.133315076337395,0.04883176535776032,1.4491804343070929,2.0657272450992292,0.616437487665837,0.7576893831449758,1.352296974135994,-0.6588542447520185,0.6233184487045397,0.7468206607273252,0.28575372936094173,1.4678696422424513,1.163579022942895,0.16540616373830136,1.37143391621566,0.532718216370761,1.9888724914421925,0.22360570303107666,0.22491157420515195,0.7700644571944703,1.167164607459151,0.2143742989993524,0.4098766668156894,0.10268615844100268,-0.10374281712119378,0.8562265109881028,-0.12504913940485443,1.1110485670548649,0.23796723804886813,-0.09760868559516628,0.4875465707688381,1.1647609708645559,0.2152372496579298,-0.6713703435955987,0.5636788934998362,1.6786265273572087,-0.7946538470992452,1.0114715641310548,0.9345870394581991,-0.23099265118178092,1.3514818161816124,-0.39062665621405185,1.2500510231135606,0.8413114530443366,0.21047510123714877,0.08122502925189183,1.145798858046969,0.5057773958143281,1.3122303474934418,0.5321415918936662,1.3847619313784678,-0.9874119298709365,0.09104943635069009,-0.946383880364209,0.29688849004397677,-1.1599784704457738,0.6837614287002419,0.975211182377377
"""GSM1539192""",-1.7006730318402117,-0.6099656504104835,-0.8570255536226139,1.407928565492633,-1.4647769491646747,1.1113980401016283,-0.7691415924795597,1.1172591756543158,-2.562250516131322,-0.6151578295693269,1.0579144132258993,-0.7241348671498318,0.23886647338371858,-0.658518418577224,0.34117508332763397,-0.4215003625098918,2.1096421149139633,-0.8927239359995004,-0.2673485619100118,0.567280064439984,0.24470698972317909,-1.3372910023859512,0.16091972668962526,-0.229938948356355,0.14058705080651596,0.663058216347039,-0.6526038500767515,1.7742331977176642,1.999433727373067,0.10919361861156766,-0.44823449823883754,0.5119175327609495,0.9536681054693846,0.004219608434089595,-1.2187874716549527,-1.1401634918567554,-0.6229063494630899,0.11603741170170553,0.20654902031406977,-1.5628354575182408,-0.41837793514192795,-1.0258997758182364,-1.3363622372897745,-0.5896578492908524,-1.5341014294223967,-1.2784885491380922,-0.47511655352340815,-0.4604602025591753,0.24455680313913306,0.11240438768150042,1.0525523833082004,1.283535952528235,-0.2112002628582996,1.3793267506112783,0.024350120633109457,-1.6065215542811653,-0.9737656707413962,0.9376539158846698,-1.280787515090403,-0.28479276936323633,-0.48393378030105555,-1.3134744362096733,3.017541385863888,0.4572343696792862,-0.027246794556736422,1.083180404089741,-0.4228853502958663,0.025420855788046464,-0.005504314836046765,0.9041533801568434,0.15290440192868737,-0.5819398420889331,-0.21298678198710605,0.6655980725318488,-0.7056817753172062,0.7723464163967705,-0.7902202191010242,0.7055267526989321,-0.12799140959277602,-0.02657057981260748,0.1472870075008269,1.4713859347467355,0.01744902342657804,1.3616106241615724,0.07190026713308709,-0.5028395130935484,0.253660962927735,-0.008024949726491046,-0.5320956117908606,-0.7905411813401902,-0.22208958724460626,-0.11177932367196027,-0.4461865515228313,0.3955546266552502,-0.36871565629574854,1.5350562556566605,2.286273373127292,1.179270505051677,0.9752508338810388,1.144066232654233,1.7685973854546397,0.21495717701543615,-0.07502155687331342,1.161567347195155,-0.1925348868037629,0.2801318073238352,0.5400193204019318,1.2828053335682033,1.3572478910997834,0.8110418420597334,1.3354915899719135,-0.4616297704705733,0.4147371950592027,-0.014498693707418275,1.017210795728566,1.1156312000173083,1.0789112276040511,-0.010318348351400478,-0.48994477063180847,0.9461538394581186,0.2526577117399047,1.2495499128934073,0.4613325975786863,-0.5676992654130101,0.5185669871598438,0.4567351953421289,-0.8801720327559583,-0.0077251311052871086,0.05242497846605615,-0.2596501668899189,0.3713116819832289,-1.6476019778376405,0.44116269029835814,-0.3329728447697219,0.3280714489808148,1.440325413644304
"""GSM1539193""",0.5618061302467741,-0.6435963508269664,-0.7415579559948585,1.2073018720898645,0.49857163931163345,-1.0268932540844644,-1.3291368269770052,-1.062690263887799,0.719395612989606,-1.5221040542953277,-1.5768093067856253,-1.515947405197528,-1.4524409634330484,-1.7761000098730115,-0.8174198794551946,-1.5808092479556934,-1.035792667812915,-1.5479722685170412,-0.8014631099750615,-0.970427067073422,0.9480143127875017,0.16175194062672718,-1.2823084535207454,-1.241021616281957,-1.1734386345790622,-1.353197256003404,1.9029434026948715,-2.2032632679992856,-1.7610976915988596,-1.5080241255234348,-1.4191945005944815,-1.20232751936486,-1.6968110134299117,-1.6604219144315437,0.2841384284780886,-1.02462753843457,-1.575259239313072,-1.37911335054876,-1.3102168162772874,-0.2874806227416181,-0.5768562640728485,-1.0451334701513593,0.2756048133167303,-0.7048058426238556,-2.012924643481826,0.664160782093973,-1.37452048048474,-1.4018913979690362,-1.6043886011922674,-1.111921852614917,-0.24851033868716255,-2.0183956353386328,-1.7398584765482363,-1.3526682410180981,-1.6537939941927593,-0.04600212672873721,0.43229143185881214,-0.8550646493970141,1.2730467263696683,-1.3960184649846434,-0.6071504035972213,0.3873300606711697,-0.11921788554568995,1.207213054835842,-1.3084633022849317,-2.3861662506095143,-1.6157117294145322,-1.0045142018563442,-2.149833508814847,-0.30811162839741746,-0.7847568259030132,-0.8062904889234623,-0.9929389260404974,-0.9841495021380646,-0.002209226962501352,-1.1910661211245173,0.917023752140896,-1.518891750150837,-1.3606202253761777,-1.2285051959103417,-1.7402779776237935,0.9177788853814728,-0.9254345068909838,-2.569563531236022,-0.8648853635310568,-0.644693434002078,-0.4790120676012482,-1.2265246471834326,-0.9432159507557137,-1.2224584989113072,-1.1234164274097798,-1.50946758402528,-0.6400736591748544,-0.6082641554106196,-1.5189495888776585,-2.621665405210298,-1.6258038074525059,-2.0058699315749546,-1.7373185726826452,-1.7711558951777635,-2.8056970627430475,-1.7675672710964414,-1.8721194567970694,-1.6806050922084326,1.493652924268504,0.6175858980476445,0.985061733019762,-1.4964844191624338,-1.8049315859978372,-2.084480935358926,-2.7390291836377694,2.1692693116717576,-0.8431751597393938,-0.8810640507800848,0.8816372413305392,-1.8360242668219322,-2.138017683569502,-1.9654625030359405,-1.4797510377628675,-1.486180171343157,-1.47595682524928,-1.5964527494199452,-2.3434461177923858,-0.921250821833726,-1.021660985295889,-0.7713553164393567,-1.6472798438305765,-1.079113097564853,-1.7743856428754665,-1.5795681411357294,0.06163737199889034,-1.829149125092702,-0.46434542228453185,-1.119040669420075,-2.030558589829438,-1.8452510296571705
"""GSM1539194""",-1.6527007244557779,-0.5890238526776415,-0.7534780847431264,-1.0566595434300872,1.2551612819660802,0.4019013232309027,-0.5021002344435083,-0.4773578125087286,0.12320998516675995,-0.4717671958925454,1.8870416740319333,-0.5152590369118899,-0.865327121318574,-0.3629296482456152,-0.8357179281643508,-1.0028093330264745,4.0222720539517995,-0.3722057300984179,-0.9216673682105581,-1.012395092402892,-0.5879847587899061,0.6734339013943414,-1.121237425156707,-0.9431582685573151,-0.8693631069276663,-0.8691834965425771,1.1723506613070391,1.3690323701319125,1.1688869352741773,-1.173274351610938,-0.8901139157081256,-0.9898920715381465,1.7744639858839033,-1.1996058356027972,0.8050798778704295,-0.8935458945528559,-0.3682130072943695,-0.9969528644268365,-0.9971651662297408,0.7028178900138805,0.8314671638894302,-0.5803536681261471,0.7591522457700691,-0.7291646338463089,-0.7514670905377285,0.7287753482497042,0.016236000825649997,-0.6996278398116897,-1.0124696210053012,-0.9447664395787823,0.6682276765254849,0.5116181496129234,-1.1725466069630135,1.2262076631383547,-1.6060444272574321,0.8711310694927443,0.6239804282826833,-1.1960928796566213,0.9868963559867269,-0.7146412984800954,-0.7184315415281646,0.581024436839246,-0.36246813457867616,0.3837467379990732,-0.9272797851099915,0.8985546410313661,-0.04147867744120043,-0.901959955179918,-1.6411599031738604,0.7107356999595901,-0.5219462150538094,-0.7414967371168149,-0.844406307143886,-0.49118017088696553,0.19234849641089766,-1.0199295871906593,0.20045547202643588,0.03290398654712662,-0.7761209943534073,-1.0553162891838184,-0.7361484024936349,-1.4918238538392345,-0.8745591259773897,0.5408820655797569,-0.48629048390235763,-0.7612233614041395,-0.6593980362409836,-0.7200256382320294,-0.6917954712110856,-0.7223378969202665,-1.292461342702419,-0.4338619693868195,-0.5624223624732522,0.9313100665939683,0.6788806124130268,0.9531571319637483,-0.4876291015680434,0.5437243636280296,0.5493199092523253,0.6898085450533221,0.5298345557265534,-0.3282417893515922,-0.8434773041749115,1.116885007250776,-1.2416002726691704,-0.6433141610963036,1.6784030441315096,0.5120981200729845,0.20522598094671743,0.39263358511726193,0.39297698433937256,-1.3591265144568558,-1.0132438578135619,-0.4849141095236824,-1.3781192874747714,-0.7740366645443698,0.9331436684342507,1.330712646700049,-0.7470406650323064,1.4472277114541618,-0.9621254113748442,0.8890936315704178,0.9798022838908307,0.4498581814772955,-0.6680904359192796,0.9663922939228944,-1.16373851275812,-0.8320367261034783,-1.3415241855108047,0.18694581353219245,1.1021828561737936,0.23216923617149168,-1.1657663128880438,1.560027299491605,-1.4653311072584312,0.08641246833321643
"""GSM1539195""",0.6785079295830815,-0.626659497027683,-0.7536701736173214,0.9934169084992839,-1.4699249299965598,-0.42840887191666494,-1.1878754608927733,-0.5243862914633591,0.7496797265534395,-0.996198257132777,0.8783007631751972,-0.8884624759058342,-0.21769742857703103,-0.79026694078208,-0.32660041899281284,-0.1662649512816695,-0.9130899011149609,-0.7756054263053711,-0.6364662216334145,-0.22373502355066102,-0.07613030784486849,-0.7871045168169957,0.014812661457920071,-0.745115246200095,-0.41250723900815645,-0.1093200829433094,-0.9161813633435634,-1.1071336942310879,-0.8244890240495631,-0.30728949421256896,-0.4548915322535246,-0.2847941034781223,-1.3363518036597257,-0.3148730228059765,-1.1199437641346883,-0.393746994066065,-0.9163210840764394,-0.19944221486723188,-0.057362456596517994,-1.1779127560319358,0.2548958009986988,-1.0958736504920565,-0.9702061714287574,0.9154959231725361,-0.60959993301855,-0.8390409043756749,-0.40259662956554226,-0.44264020355514183,-0.22900898137074813,-0.6761172104201544,-0.37239856408918925,-1.4351156555702285,0.025080760505722673,0.6718713515077993,-0.3794864782713144,-1.2423621578859672,-1.184039762158065,0.08618616791021859,-0.40293665498102726,-0.8229494619504041,-0.4092813576783377,-0.8436661647075995,-1.1616768870452214,-3.0470455308629467,-0.639566871429229,-0.9676639670615031,-1.11003604543424,-0.5969264828497379,-0.5989488741049639,-0.4391967770964074,-0.3456585216648901,-0.49932862253162996,-0.3965291307634112,-0.08046533194592716,0.4969741140062663,0.34449852613956317,0.2229360158702285,-1.5286173261875813,-0.7088458285453004,-1.1417151241432362,-0.7098183838897211,-0.2227853330014257,-0.7025708226695216,-1.1183276760588743,0.5385170552728231,-0.7141995443760851,0.5864308957556451,-0.10438958710974452,-0.552280529014137,-0.37834707111883964,-0.1928421656411382,-0.45781212252629294,-0.497855468998728,0.8035738295984396,-1.1003950596278735,-0.9834511623977379,-0.9755440679682214,-1.4857637834942734,-1.237359136906964,-0.4519299189188836,-1.0747467796655925,0.05038390344207506,-0.24055783975118517,-1.1978926896118487,-0.4683202220165757,0.49205006645531524,-0.8978948375757371,-1.2345505443192528,-0.6891750341871324,-1.8351464967763838,-1.1211645906849135,-0.6886047420757995,-0.0608389760171956,-0.5441444110121472,-1.5219964869436649,-0.9331793811287947,-1.18787460165929,-0.6512999433767842,-0.9681603188967742,-0.6147768194403661,0.16408833835373063,-0.12134441953948737,-0.5920008514601202,-0.3501642399253507,-0.29970332902262603,0.8145322763451617,-0.31129794277271167,-1.4999582888453127,-0.8396993591340183,1.623164290520775,1.753576518872289,-1.4046109120828154,-0.7132101317712723,-0.451006558985181,-0.38844957301469946,-1.096718250478597
"""GSM1539196""",0.7847494606766235,-0.5951088191303551,-0.6689761575163522,0.3616885824274173,0.05681921058271078,0.2989345513210328,-1.5738617472904004,1.0958979341473398,-0.8367926938780738,-2.561807081558783,1.1997916098660903,-2.358909734234734,0.2765272982254544,-2.4601014857342465,0.12861516636493986,0.13840995426836175,-1.1149685655556931,-2.517890507060495,0.01754894409963274,0.3513116448083529,3.033611543964887,0.0632700206881037,-0.4839734929158071,-0.3643234640029806,-0.28271510801753824,0.5271392184510013,-0.4230084198063784,-0.7097370795362415,-0.22428423910876388,-0.04141778853141035,-0.7248206513239016,0.5107333888609604,-0.31345818175391704,0.22020824345599493,-0.21487602957962457,-0.5829223177952569,-2.8705949101344146,-0.5452684753252869,-0.3956971248572165,-0.2920405413742582,-0.33711834051784084,-1.502544245126408,0.20045444414517202,-0.9161621795809407,-0.67534069427814,0.5638553857419019,-0.0821447688191301,-0.6716925527660619,0.31122067091931543,-0.25798485437266205,0.8449166323305374,-0.2040647777106034,-0.6909584584952242,-0.9304711609929422,-0.0034425794584884064,-0.7456311907630682,0.8068427291963925,0.38081286819817806,-0.3338370771948082,-1.2592884875695094,-0.06849893820542671,0.009847612464386323,-1.1441756733930621,0.621468008096186,-0.35841186616001325,0.4494004531322535,-2.4248871272597667,-0.639749990433817,0.39567782787002137,1.1331848286769772,0.23921845408131004,-0.8004826202540778,-0.02729342106223063,0.7916470378510603,-1.0996812084590988,0.13224977137553554,-0.3293171543600683,-0.8302996225554934,-0.7266941085740547,-0.8557054173529454,-0.1507749115544975,0.23372497940165893,-0.08196901590028347,-0.6727302335598827,0.627420494919567,-0.7124835389588869,-0.7195348537541302,-0.3556332692270499,-0.6147051500974208,-0.24174209686351306,-0.17625786790856773,-0.28420299645318536,-0.4703105130458316,0.9142218645024622,-0.5842662945798022,0.5990394731491322,-0.7218193942584048,-0.6643400595611685,-0.38143855631221857,-0.1936151673915532,-1.166216356289459,-0.8465103745401283,0.16628750259738545,-1.068260932119497,1.0902684755545422,-1.0895085869005696,0.2206541200739265,-0.8357618060965006,-0.5713692297715964,0.1906672273899019,-0.5834606278364876,0.856210660398691,0.3166660853105608,0.2642580058831993,1.153951254989333,0.2638284260049966,-0.48353755817409333,-0.9515825726831757,0.31139099072605136,-0.10972579761342681,0.3337858637838201,-1.875707015931165,-0.792690013913498,0.30731573301528825,0.5626978702672752,0.8536449332904397,0.24290952237687977,-0.6584454364787674,-1.6535388651246359,-2.343395694409363,-0.3121456899837363,-2.2124892730782637,0.5907177573807487,-0.028798676369686766,0.7180221163882148,-0.9617740568635814
"""GSM1539197""",-1.7242902566838467,-0.6418964210639989,-0.816242688170688,-0.9144039641556914,-1.503198334395312,0.6548642664939517,-0.7372404110922126,-0.5028606868644643,0.9601263279089682,-0.9295230374901152,-0.9143714016264122,-0.8694399888743815,-0.5060173074164629,-0.9158688931810403,-0.8902143158898745,-0.22498562037740305,-1.048409636523894,-0.958423194696002,-0.7408062759279918,-0.9669485098752374,-0.8632428443418254,-1.0666017162015493,-0.32456139645580157,-0.4089126792541254,-0.4096098478037123,-0.8196004669252732,0.012107924403745883,-0.4285373555072739,-0.5236381239776436,-0.38741444407261577,-0.12190964398946129,-1.1107113985497454,-0.10514812739052547,-0.6425086150654115,-0.8817704793155431,0.5552981824108926,-1.0169178099092595,-0.20579490264965716,-0.05786772329640051,-0.6728669634097195,-0.6236572638051983,-1.0263496934210619,-1.2464915802680774,1.7847775907509684,0.8937648661024076,-1.3901790890839363,-0.7518841722348362,0.07960310986868746,-0.6385545803471091,-0.8896033525452602,-0.11552170501689407,-0.6719641392263871,-0.0917178631261056,0.45990617635642467,-0.4850564909547125,-0.8490546410261007,-1.4473567606706836,-0.9110112419004603,0.08714503679430469,-0.0005562166093500944,-0.7307406758455319,-1.0773517369613441,0.1848771549568581,-0.3817894029414052,-0.6998181580211493,0.520254826948242,-0.154184736928854,-0.5356979476089999,-0.6332683299208686,-0.0782374308926821,-1.081024430039802,-0.3581686668444471,-0.9853570760872383,-1.1426492069790553,0.2112760810527619,-0.7011358202505069,-1.944557707393825,1.1519552543874563,-0.18480305443453712,-0.10102156761162534,-0.29630643989634925,-0.34755835565488696,-0.8414819448534736,0.08501785328107808,-0.3809220459445985,-0.7512844788409184,-2.04361987099656,-0.5958348348648631,-0.27324114964195256,-0.6391113907998199,-0.5999403269149649,-0.006583133448265025,-0.49782786540383744,1.1553804789237352,1.156644280813639,-1.1866115792548924,0.31153714321652753,0.6835667654546488,0.36635457738609783,0.8448864937141006,0.13657149961872284,-0.30985542979048153,0.1371275310373305,0.228384419672262,-1.7428117791864166,-0.6610371770674637,-0.5089167330600023,-0.48226630884151045,-0.22192535231951738,0.7267519373532629,-0.6417252539397649,-1.9057546324318557,-0.6682089498611872,-0.627997044265606,0.18086478249012108,0.5722888252815725,-0.23562374060053115,0.8453011608576194,-0.6765966688417034,-1.0090839447774667,-0.3971302374556642,0.5927103084781109,0.934721357107512,-0.49001825139721883,-1.4118752814681084,1.081853283117589,-0.4522731698611492,-1.2941549508263057,0.031906576786257,0.15438288806209835,0.4317908173446076,1.524459915558182,-0.9341737297487768,-0.9775231660930523,-0.8438142798413976,0.11642443667650244
"""GSM1539198""",0.5527636508944102,-0.59155208021769,-0.8045290935062911,1.1340382731749663,0.9700709923703953,0.7896171788406031,-0.17074151160825982,-1.0760430874575557,-0.4955294832908493,-0.2725788010802402,-1.3001598702897719,0.10688404281000154,0.05266112109386568,-0.10334247631192112,-0.25278916743511637,0.0977418085692641,-1.013177418908586,-0.09938387729371612,-0.5586124374565701,-0.4771396059676227,-0.816235367249524,1.1770024885875616,0.3853428384460096,-0.792492940690207,-0.20744869446951958,-0.41798872720604624,-0.3336049952195663,-0.4076598852499742,-0.6342833405408174,0.291240626056336,0.3718117113852285,-0.0371561852375666,-0.9272118520892361,-0.2963219674924849,1.0906047044952119,-1.1615042208450428,0.04430479525959689,0.6006374234026038,0.2572994552244314,1.6015459512134884,-0.3051080633686557,-0.3320614242234065,0.9787208412405444,-0.7807652233601746,-0.30556502145304854,0.8496375467236612,-0.9235394646047855,0.3954481853930378,-0.4021081749347839,-0.722675438567152,-1.529458446172664,-0.8005032297448356,0.1527904205587376,1.5004354124087569,-0.3183844132579146,1.2864952871061939,0.9211762582501258,-0.14777320488825135,-0.5279980798853442,0.24805790183612866,-0.6708664115163624,0.9316538742464909,-0.8105007717196481,0.03553382764245214,-0.6604308418563819,-1.1583541704747544,-0.30815792834076355,-0.8081745419115071,-0.3316084394922383,-1.6610242239436475,-0.47672199530763915,-0.22034541074882133,-0.6780989922037908,-0.035283726339417426,1.673879407127552,0.263797665963249,0.4469922051167653,0.23498289739834913,0.11929526060053301,0.37030591483331954,-0.09533906919360118,-0.452757095443375,-0.5096520820787392,-0.3884132321262536,0.46769501476897096,-0.5766063614936671,-0.769507864387314,0.4242476737775734,-0.16438571432306434,-0.9570458369150701,-0.1748635066296549,1.2629982227922896,-0.7095499426731263,-1.0960735259706564,0.048189595440912995,-1.204912302539724,0.5056596277470311,-0.010708648535729524,-0.5520417790948525,-0.8606723110459841,-0.5597667918616821,0.6272352066666838,0.8404222980624041,0.11053340166491088,0.7823507263932155,0.5038501795014448,-0.44544994477985206,-0.7774708193706663,-0.8044631722285842,-0.21208617782934425,0.23833538902551477,0.5267913236255611,0.07655366267956247,-0.5323629262823878,-0.34541618041811717,-0.1911938871033821,-0.7324092842067268,-0.17003374407578517,-1.523701762052011,-1.2579304584011448,-0.5254717788420303,0.8866571321586083,0.6518656060249505,-0.522539796862851,-0.4388780176508081,-1.008489200800322,-2.027086803794092,-0.2603755741656391,-0.3202198519451535,0.2138424317855685,1.1141248188812094,-0.5319756918108131,-0.1790980774934129,-0.3565504991949566,0.1542097494768581,0.09279081550725658
"""GSM1539199""",-1.57556793029738,-0.642811896998891,-0.8689463134101018,-0.7483638226342345,-0.8154559210527077,1.623675735724056,-0.7999451197018249,-0.9716071113313499,0.2365039647356409,-0.6968780671504077,0.8709269301919043,-0.8204114429209877,0.2922111770647383,-1.0179062149033273,-0.10080558903310947,0.12501964208864763,1.0872177346538534,-1.0902141536916719,-0.18528746366876528,0.12753807830110683,1.77383386952183,1.186826412221505,0.54731720843781,-0.23379872732911475,-0.10719152158161806,0.14190203029611367,-0.029377287656131994,-0.4895868986701562,0.49955032411434835,0.5240671828139954,-0.04216825086527988,0.11428218889297424,0.2930361776027288,0.20687784394141231,0.8403155416344198,0.5107048289068579,-0.9658891585955529,0.36371494799101484,0.3061958487348775,0.8147089703781782,1.5509620139183231,-0.603278480202106,1.0477223201915673,1.1155711193998037,0.40120506847562837,1.0411709308088677,1.2148765945030404,-0.16708874768296594,0.2691599716342263,-0.22169648735473454,0.7358682846995614,0.04677514441666178,0.4598939215542767,-0.8650908643348271,-0.267465452971183,0.5647130601068091,0.9603751993927718,0.5896379396712883,-0.8305638910003941,-0.28479276936323633,-0.46776055548138823,0.7901935900253947,-0.5662573278032192,1.0821320865863415,-0.36370218325593195,-0.48129713643755956,-0.6127758697662248,-0.2796110796644015,-0.058383325502326514,0.9388039519099384,-0.18550399727951672,-0.2068164109104668,-0.10423323334388918,0.5418940088260602,0.7898218690764,0.6986767569357338,-2.2388093923386347,-0.3497492299331594,-0.06376512064690747,0.771631883586381,-0.04806518564060269,0.7046379657551838,-0.17220115004155465,-0.3747747336136122,0.23120756314268534,-0.759346958999126,0.18289340762293188,0.09730654960712956,-0.33820733613896803,-0.13492168556913522,-0.009613031022916337,0.10811913450163961,-0.40067021614236376,0.7435501186370628,-1.482695931554394,-0.4349152398260634,-1.0618948898466958,-0.07872690544360887,-1.1156770759063135,0.419944280209566,0.05524132686150814,0.7632902529128738,0.6372884743984145,-1.1403520552066109,-0.604796496483978,0.21271188343716924,1.1197310987001716,-0.06964546489320851,0.016019724149934484,-1.4574909778445178,0.2505172449258546,-1.0202286901374085,0.5186133180244962,-0.612211164508111,-0.0038317437223870585,-1.446309397942419,-0.7270860932100055,0.3436410197178313,-0.14686075026704773,0.054014899172549584,0.39497377476326767,-0.06254519762836902,0.2874082514167127,1.567534570391914,0.22933162497980414,0.6861404324231773,0.04514299435210771,-0.1370314490590298,-0.39553116251086284,-0.7416321464723539,0.584037416649102,-0.3016185927343847,0.43832530679900966,1.18201389534235,-0.38844957301469946,-0.9217825067586456
"""GSM1539200""",0.8371854312304355,-0.5630192796303054,-0.8115410331500008,-1.0452415386817988,1.8034255266634707,-0.0029164717816083908,1.0614641159316365,-0.5482027696063303,0.4896063309841975,0.7962357030527704,-1.112682603525215,0.6172068893468092,-0.89109127084558,0.739669796701814,-1.099143473252583,-0.8298480659603744,-0.7806117167365328,0.8908425954507021,-0.8558441905783968,-1.2783037376678885,-0.6267423814884289,1.0454503042050665,-1.0665099034442196,-0.8090536653482985,-0.8826232842004741,-1.3543859409945525,1.6297016957276882,-0.1897155845656962,-1.368178557655311,-0.5744448392883945,-0.24768905443643563,-1.375400747159456,-1.0129999562481473,-1.2210730941634012,0.9639603124885924,0.5658339028146658,0.6883110026538036,-0.8826358994953085,-0.8836894832171003,1.4548492806597308,0.09663858520946711,0.2346622573253842,0.9875058917695674,-0.820231433665274,-0.22816268936791334,0.7410613712339765,-1.0031316438832352,-0.6013926191403967,-1.302524721238465,-1.2041144887957071,-2.2849877084313417,-1.0385576843259239,-0.5886127347189621,0.453715018996625,-1.299386591068012,0.9485216070984324,0.39932756499463196,-1.344644613939958,0.9670512811661198,-0.6648560593241408,-0.7965874601023618,0.8703952086367096,-0.9819029022628122,-0.38769827411557284,-1.0811859117060676,-1.7986201701153872,0.5408776190451181,-1.0867438861041254,-1.392835584029224,-2.5544401777971775,-0.9538751250931619,-0.6823076228916164,-1.1300058192659783,-1.447561751230991,1.2472987855868571,-1.3163631920374006,1.7233892654481164,0.07278219162495345,-0.7133334927913917,-0.35869892963251493,-1.4711280003841352,-1.492904875064439,-0.9038884942035,-1.0147526877692603,-1.2667215956752103,-0.6219891907608212,-0.7397101513844032,-0.7657641271450624,-0.6772596099671194,-1.203601399787237,-1.055773464844048,0.23463029979989314,-0.38588935614288083,-0.13519950998255162,0.10103656013319057,-1.744972748792748,0.2743565975531934,0.11619761621997429,-1.220181376599718,0.09480567588484584,-1.2408958242389254,-0.03153323785604228,-0.21959814247148893,0.35068765424523446,-1.2688232579760452,-0.36660262311737196,-0.30042731758496277,-1.037095789872194,-1.099872704064495,-0.9809351247841495,-1.7847528546616909,-1.0167624115219929,-1.1979919871214835,-0.6233106218488919,-1.6409392647438117,-1.2124123926895782,-1.4227641769557238,0.2663614734617478,-1.3271692445832277,-1.2768467186084143,-1.5759521025431993,-0.9506427785302701,0.010072577670746718,-0.6783447827081621,-1.8070670725016518,-0.17744475473554952,-1.7179656397557945,-0.470068269337828,-0.8114889390534366,-1.4940963117531398,1.6572090226478222,0.20162099078391876,-0.48235355685437287,-0.5070925195672735,-1.7605265155143317,-0.5777949686724403
"""GSM1539201""",0.6311483438081377,-0.5318540766273122,-0.8418698501521752,-1.0828006542233808,1.1996383079489263,0.9686591271172816,-0.31547107066420277,0.7927443207381771,0.08244007234142832,-0.09946357563983442,1.1172501619198725,-0.08146440979732686,-1.1820873372196183,-0.17864113078030877,-0.9539521610930579,-1.1111394833364356,-0.29860905984025554,-0.2385767504640224,-0.8070268262273204,-1.1344981905059544,-0.9321074382976116,0.391988135984509,-1.4313351950884128,-0.7379934120253718,-0.8391172626924633,-1.199644138413863,0.05784911522381326,-0.9811982225027513,0.19477764242182807,-0.6794434079136835,-0.345473935647944,-0.7997535218110122,0.7302520428233852,-1.2539127065570657,0.647645940783432,1.6701105985813673,-0.0695252611259214,-0.9380745160356516,-1.2236655807770833,0.43060847478946745,-0.023856956744763156,-0.15997253326774385,0.4937797168240873,-0.6450513376013435,-0.45908476621100675,0.3329914110922156,-0.35123157988620995,-0.5508474659631721,-0.9318079211748662,-0.8106833911000184,-0.008140551002157178,0.5508925921650566,-0.9544173601179143,-1.378058694940538,-1.175726854901426,0.5659504126719905,0.47014881303738026,-1.066848642443284,0.8849178627637949,-0.6513084134378602,-0.6666209018609963,0.23973043533686714,-0.5531298176175121,0.3433135095085596,-0.8801627323680621,0.49757007740982884,0.581947693312616,-0.494647803635568,-0.92457296007731,-0.027563539111758177,-1.100199402797002,-0.8229702688089675,-0.9587450690001972,-1.2036646059508944,-0.41163162687169524,-1.23330484643472,0.3625935286148462,0.5667288275304152,-1.0033307282632369,1.1045346809631789,-1.3742031289901768,-0.44282299195002006,-0.8502463785115312,0.6352429278699634,-1.1542372018403146,-0.7300450298693163,-0.1395228860135211,-0.5633765453877163,-0.674760405832005,-0.5701675050783461,-0.8284971746980054,-1.0501064012592003,-0.5958564481626956,-0.7308267465048952,0.1713235692998494,-0.44164019179486186,0.824982624411117,0.47178578703172863,0.03140662101390508,-0.5757364779094438,-0.10212082303351447,-0.8843059194588263,-0.5219732086602048,0.45909105545785406,0.39588637756090106,-0.7690441401239427,1.1101964674128295,0.42846774678481425,0.2229205188737323,0.38234832969629673,0.5728512312113923,0.47085419304080256,-1.1987891365209573,-0.8185302833820709,-0.6239540526503431,0.9267299705919532,0.21490161937777033,0.6158340679297615,-0.5481128456235647,-0.11489863813950546,-1.1299037991095182,0.8728715697498872,0.3791872622638854,-0.6163508816746283,-1.174185547228501,-0.7376313580421864,-0.6919239011153036,0.005954847656898524,-0.43827863314715054,-1.0230606872844568,-0.0965636042521103,0.10142365792204358,-0.6515161912364835,0.6184131510715842,-1.0776470151444846,-0.12287099338677053
"""GSM1539202""",0.8371854312304355,-0.6696457087424177,-0.8029561056655052,-1.037138754912442,1.4417623675892635,-0.2412712889743403,-1.4274408783900738,-0.7767844297936675,0.9221448623101135,-1.8164216221247627,-0.925569720974901,-1.849705030450671,-0.6779305056999452,-1.835739046353503,-0.7153074339621069,-0.31877190464468697,-0.8621225227325493,-1.8944603844213643,-0.46988788415846444,-0.7498534140148707,-0.8353803981356418,0.708888819641879,-0.13065173426010246,-0.9635305282805567,-0.9918656950649056,-0.765629176593363,0.2914472863943339,1.0152041039327844,-0.7959009465737639,-0.8984642261162364,-0.6707005057437638,-1.1564455455411171,-0.19618233266587193,-0.5401618778546181,0.40739291374173986,-0.15838958074152512,-1.8368825547584908,-0.28841775322126206,-0.23710717381436003,0.4891851665766019,-0.5287554001608858,-1.2059655772111058,0.5924500447070529,-0.7765173672042778,0.030809225591224426,0.4585325628567297,-0.7271589099418401,-0.24127978188616978,-0.7252708673427526,-0.727661134037367,0.5260940449182591,-0.40083577789412084,-0.6619495781888693,1.1025750824871745,-1.027807831726049,0.5612254136255728,0.37438757718893073,-0.37584811906155735,1.2730467263696683,-0.41426726953875115,-0.402709579994399,0.7431542519123225,-0.26638610325434414,0.23875222710629251,-0.5452338511854002,-1.1825627532947354,-1.6031525452630055,-0.560445195739855,-0.8330951568317794,0.5781667017536695,-0.8024010268218003,-0.5622631034989023,-0.7681612310872945,-0.9064057694616002,0.12889964575154259,-0.3327437203015872,1.605069268563591,-1.0700144897395427,-0.7085436723381694,-0.35046851110555133,-0.5900211105471173,-0.3703759305584463,-0.8096713887156962,-0.6150948310472385,-0.8082442964814287,-0.6768356456959193,-1.7520111430127052,-1.0252445319494994,-0.5550534130924802,-0.6476595137123384,-1.1740649319712007,-0.4899969765733878,-0.5992274726226793,-0.8197122644001527,-1.1646426137207837,-1.0085934277521071,-0.4368499519993641,0.09916485122062613,-0.6229995677304894,-0.5600908287632447,0.10918957136737774,-0.8490782602644079,-0.6287719243830832,-0.7450804561101299,-0.8516219948596979,-1.016048219826776,-0.9824967770727155,-0.07269646404639954,-0.13551030343605325,-0.6037153587869873,-1.034104334664303,-1.1116176953789876,-0.6069785926176143,-0.6432171173961988,-0.04255844629990915,-1.4890030826815897,-0.30836424131094,-0.3780325149113773,-0.9471309248897746,-0.025686221859114997,-0.6830071758438943,-0.32628421957105896,-0.10532425581635024,-0.6843046006058315,-1.015702826526836,-0.9535771328048056,-0.19641514405118884,-1.0656976079862308,-0.31761355295783644,-0.8590024142111252,-0.2250142334232613,0.13417922234471488,-0.4490085077833443,-0.9118292080957292,-0.8070453375410395,0.007338855802472134
"""GSM1539203""",-1.6196659201108334,-0.6731681638502319,-0.8277699699797264,0.15671164251465486,-1.1402957479112654,-0.4603374404859947,-1.0787484955525821,-0.3421876443780036,-1.2153141805733076,-1.3875126472388537,0.6425177628769092,-1.455423556737101,-0.11833010206166515,-1.418541392793215,-0.1443616083232303,-0.5840496766277626,-0.8212125319272378,-1.5063612807713684,-0.3616895515759773,-0.3779134426848869,-0.6264084613632026,-0.023108628237860765,0.12500313282163902,-0.7404160390654866,-0.13909020519819087,-0.23404091683383066,-0.21979777680720097,-0.6411665987938349,-0.5513966206444588,-0.03486002359638737,-0.08344453836758249,-0.37415785862713064,-0.945030913277914,-0.31885671676820815,-0.39264207842820725,0.07975415645359177,-1.576471814142836,0.199865964493638,0.12383789323267239,0.29531027068987786,-1.0655523861868734,-0.956868090963425,-0.09754694802767937,-0.787978362939646,-1.2973320506020403,0.2289579108961503,-0.7919840534771079,-0.21287105503608217,-0.6910077596461237,0.586699318289556,-0.49605452019926494,-0.9728574243597632,-0.17536617142416727,0.34209369238141907,-0.6079121582969746,-0.24213049493923863,-0.14828497623281767,0.13389017125904262,0.6671910694144387,-0.3843435171937767,-0.21345542321761085,0.14870262170136167,-0.5542938742787844,-0.9406687048834877,0.8143737954344419,-1.3108941547590958,-0.9795185578525818,-0.28803885561025283,-0.7719152735919286,-0.4701333579303874,-0.4329800740578389,-0.17652228790670763,-0.26892968803238704,-0.6112810479833396,1.4994135817341783,0.2296256686670387,-1.8903499479671622,-0.6931800292488105,-0.25114867705285104,1.487007047427093,-0.2827862836743508,1.728619224156893,-0.16680517215679105,-1.1740026157117145,-0.7902821288570323,-0.7046800596993107,-2.1328094489704026,-0.08465608452927614,-0.2972395272597293,-1.067068657035279,0.120111660280288,0.12324324224273359,-0.5801569442596716,-1.0162186496355479,-1.385488844676489,-1.1571641499199845,-0.5422709976852716,-0.814227650553631,-0.5172307082060109,0.20270669604593836,-0.9485979864104007,0.13950637327564697,0.26282104870078427,-0.7155443659314059,1.4080171563153527,-1.2573183914312487,-1.2746678737736237,-0.8221578194728034,-0.43832920841397965,-1.0420752179603703,-0.8888756262267691,1.317120245566523,0.47235138152574396,-0.40200614194010115,3.021656378540446,-0.9458426838114578,-1.2358077959998075,-0.324680554227874,-1.49779461044807,-0.8037328402992248,-0.6164009487653795,-0.41355757379172126,-0.3281872759605102,-0.4715121382435503,-0.2564127269025941,-1.0040575334705026,-1.1392308196857195,0.2917355736832956,-0.26795584161591185,-0.39760891121642844,0.11573700642274365,-1.1714274960878062,1.9770774447529402,-1.7453619346150036,0.019775946366510352,-0.7324646278330463
"""GSM1539204""",0.7100469832517273,-0.566324173999214,-0.8128667498295788,-1.024708053341031,0.871641381486942,-0.28698295046327654,-0.5637563047729993,0.03697572632495089,0.48839111918230804,-0.46331334856822953,-0.922778580858797,-0.2689030034067122,-1.0194588609857522,-0.23776752899720296,-1.0761226824270562,-0.7679994866791726,-1.064789605212247,-0.36235016439537243,-0.9394039855612963,-1.2359703633785888,0.6566696534550639,-0.6495752085682442,-1.2932874605296631,-0.5388774758346715,-0.8688010771536748,-1.3501037313245354,-0.7037510698643196,-0.43839831015594527,-1.0957020083943263,-0.8367430911518562,-0.6928436484752017,-1.365245078649431,-0.8255546593442401,-1.1535793341176308,-0.9345883525247174,0.00229461423251097,-0.2793725158922806,-0.8679513800179774,-1.0447812200596687,-0.5110106435618668,-0.40804492342285126,-0.7401301243249526,-1.0943674903210419,-0.7879008609541588,0.04350776191270054,-0.8077774648002892,-0.9405684800872764,-0.7111279020011295,-1.2125769848075085,-1.0391017120671777,-2.4241106347380494,-0.9153047847803508,-0.7565744580844017,0.7343066640172978,-0.9159602780369636,-1.0854541660498909,-1.0841182300732222,-1.3823094818446813,1.0044962644205373,-0.8070612669129886,-0.7868166263737578,-0.9138231045981844,0.09214695275008425,-0.6724420433584141,-0.9805138869350617,-0.6478253436103464,-0.16289884488591,-0.5764425010821724,-1.0935122005421674,-2.4460273694670605,-0.9221998313653258,-0.5947536389752581,-0.8378388043403535,-1.1949001404330035,1.1845457008583762,-1.1182736620172367,1.1659030631639853,0.9472392586268403,-0.9110877688702641,0.49076765476233114,-1.1079122789382798,-1.6118594645533433,-0.9004194783842017,-1.0071061554561656,-0.789115622470644,-0.5844337471621665,-0.7654041865704551,-1.241213808195502,-0.46007133561787217,-0.3665356444040136,-0.9898617088253463,-0.5999115851850971,-0.6002026217729902,1.3163491351158458,-0.6915457588461161,-1.409696269238165,-0.5183705226269076,-0.20233418419151836,-0.6236378411226214,-1.0382292066978611,-0.9169566259143886,-0.5403231128403818,-0.5961569350364624,-0.5121416299924161,-1.235240513650553,-1.015406177277356,-0.11277977334069103,-1.0721473332734335,-0.6252970761074164,-1.176037163410891,-0.8742883847431461,-0.7712804381443423,-1.0104597739171732,-0.5578630876174794,0.891657106882848,-0.9337365990407428,-1.301361622419852,-0.31371014493736843,-0.5761566266144914,-0.8382560870045925,-1.4928891466946008,-1.6445539996318446,-0.13756833524369003,-0.4894748457899602,-1.4465094668166885,1.0979941954244226,-0.9191641521237786,0.09892934196522733,-0.7787714755613568,-1.502737924988882,1.6362756754833296,0.6909246148208518,-1.0561870154382136,-0.3435189966392041,-1.4446346134149863,-0.5215257798284799
"""GSM1539205""",0.4325993544501828,-0.625772403216256,-0.808205962776789,-1.040627268832018,1.318184201211441,0.2674462394436914,1.4836008130682528,1.1538650616824864,0.5854303610697231,1.3116663715530004,-0.019699013258299845,1.357529003262239,-0.30083660007408103,1.3099220694318254,-0.7638384610067873,0.013999453844541201,-0.19425470164145692,1.304699528720603,-0.3940967962053147,-0.5048470325004257,-0.5032568319318212,0.9059892270237841,-0.29702337374463067,-0.37925588945522937,-0.6639788424963114,-0.48287088820146357,-0.9090930812945114,-0.16334002687705318,0.34796369124640997,0.10607075632107281,0.03858141890280395,-0.5101454022912578,0.6725742631145766,-0.47042977213287257,0.4729667737220665,1.7851068115508495,1.3884208849373292,-0.28052802058782056,-0.07338447499970137,1.2259450124425155,0.34812498692677873,1.8422168592123436,0.7550927929800756,-0.768792011624509,0.6380396221309336,0.5677551980831618,0.6982206667304869,0.5985604096506335,-0.36436762966141556,-0.4869999703319335,0.15470839619891721,0.38842205662633106,-0.026091017355439616,0.5110075659593285,-0.25132244709487883,0.7129282567998877,0.4983124308913606,-0.5588843512938758,0.8178748395907987,0.6274406126149246,-0.48419929958194363,0.6427431302228225,-0.6841711434182126,-0.6222938934227206,-0.47076967040100803,0.7977280908226605,1.2127752986136657,-0.6761306147453027,-0.33726161731283494,0.0893146254459334,-0.6238492293496494,-0.5659506258226603,-0.22054044760726407,-0.8282188733584148,-1.789631647681221,-0.554186278992117,0.8767216214126085,1.1270133731787333,0.20418225229300066,0.20669260418458502,-0.19398679098419586,-0.517847448468759,-0.5736606498985767,0.8320693743757734,0.4238419846264534,-0.6902289486095645,-0.13240294377314382,-0.41983444547726667,0.15391476884180127,-0.21166699261419586,-0.5586846974959153,0.450254583394683,-0.3149507244240969,1.447691590874383,0.45016554923507307,0.27836531302344414,0.769183593264798,0.9883729924737304,1.0633701348577098,-0.08874795203507273,0.985213752745213,0.5591832513087189,0.30693081437761316,0.8403973390851947,0.5005014632026736,-0.36474793936708133,1.4276872982211086,0.6113333671836141,0.617047287689002,1.0934096938853468,0.5779402429685172,0.31322114006764123,-0.6785212512258548,-0.6046993055634114,-1.275444252426064,0.713021137714378,0.6337615694254867,1.2419435745349567,-0.5139534973770564,1.4776252449804341,-0.4863248048646436,0.19709673609992556,1.2322499207544029,0.35519766057745666,-0.695588813959926,1.631267505880988,-0.1614839159501596,0.33759775349936827,-0.12902950110919925,-0.03200871124329252,-1.2377417325134257,1.7867209683403595,-0.754560800558625,0.2154523747269612,-0.30287843309693613,1.712013921658653
"""GSM1539206""",0.6024330075482619,-0.6161197103337582,-0.8145532220410255,-0.8807170865137062,0.48675934946595223,-0.5465501123852977,1.0133999588592817,0.08142878542127283,0.9305641367314481,1.0618946515166414,0.8690439518627314,1.1859391307629361,0.28790564088792775,1.2338847588861452,0.005769836193270044,0.1342086886992145,-0.7295834414719362,1.2026173014978248,-0.505208285108897,0.4816562299555175,0.22377086961988762,-1.394417880505325,0.5448602659674424,-0.37971333978284716,-0.5114800343754573,0.5358502526290417,-0.90673911699102,0.26091211886823823,-0.34788595780462445,-0.3595596163786237,-0.2368006038709767,0.2390677917134,-1.0257182753628873,0.22968630806097542,-1.1800453470529828,0.7464742546041151,1.2030083876074882,0.2440653973128773,0.16481422081738634,-1.154662748666541,-0.5883331784276578,0.7990295151033896,-1.1968935889239256,0.871847876166558,-1.0105410714585648,-1.2015681697308538,-0.241173006205464,-0.5034485776995122,0.04092425014917083,-0.20245875043141007,-1.3087907965926948,-0.45316402121330956,-0.10690749098740857,1.320623989074444,-0.24283721052357624,-1.1193875178982433,-1.2542107575721935,0.7529123861318842,0.050714475407123816,-0.3760489606958607,-0.16826267739852507,-1.3272170211176073,1.1916172598564974,-0.6100058194007169,-0.2683645174287,-0.3570233800916897,-0.04588142480332572,-0.2600247916961738,0.10845399957513209,-0.9972663749821034,0.5586966096769835,-0.6276052076704363,-0.24557284632526621,0.5471284111610204,-0.46477597910954244,0.48878661909462146,-0.12495883997707334,-0.44572584932203657,-0.3546510709307138,-0.9384455315892742,-0.3919045816951007,0.78422750268401,-0.1756008793208836,-0.8072708272221893,0.19130485115751433,-0.7171418403932937,0.141274812004773,0.09809236047276836,-0.4050632252646744,-0.44258454600979663,-0.2639530401618072,-0.11742788409234248,-0.6513435925017246,-1.334463249445815,0.3856278347153577,-1.1290247336880357,-0.5857053020108942,-1.0381435660685085,-0.711337394534625,-1.5986110561178895,-0.6973749887454823,-0.09411274130396882,-0.06106661745094493,-0.631950207034443,-0.30413206102311746,0.9824084134095524,0.4667498487957193,-0.5062243463076417,-0.9968512742696646,-0.48123034238866513,-0.2878025750989271,-0.6953103356797038,0.6598417981369707,-0.25683742744459687,-1.2805693546663444,-1.063591854157502,-0.7790945138654244,-1.137238831103663,-0.842555656372406,-0.2117775005236023,0.4875403574591279,-0.8535978314368355,-0.4599750808786486,-0.4132228224143374,0.04759866650983751,-1.1801008127089818,-0.19641514405118884,0.4312938180276633,-0.17782675136751486,0.4635797318318995,1.154144244808586,-1.3364341632243255,0.582566940465849,-0.008628961466462429,0.05151361090588834,-0.8748270862316821
"""GSM1539207""",0.52365035731486,-0.6182307583798453,-0.8243478445258029,0.6433460112797749,0.6462808078162245,0.8710182728398749,1.8029689504087067,-0.9050943287660975,-0.1705023925005317,1.5637363038208074,0.03481245811534424,1.4284915543808683,-0.2621903875176271,1.5118480086935326,-0.5967995791167368,-0.4651080027685372,0.3942185446490132,1.3540796441560377,-0.5309670000533925,-0.35465843946562775,-0.05291232857574691,0.5092039878226002,0.06621660389482886,-0.5959887502150765,-0.24897917879250175,-0.3663831898713875,0.3787786619102483,0.7409333671955944,1.0984576022255295,-0.39487235485013245,-0.2162349865621631,-0.5517619286310116,1.1774916467658045,-0.534436677130395,0.31495537842870736,-1.0912869513596368,1.3642405950132215,0.10383964568600328,-0.05146600996852366,0.2845533545316961,0.5155545690000071,1.363065005543903,0.5493973145014414,-0.8253254226450508,-1.0548990117011132,0.513952324430684,0.26100871044449303,-0.3297658766327736,-0.1859731338558631,-0.7519892234623958,-2.020426853150115,0.7197864381177715,-0.313182249035752,-1.2203071006111854,-0.8974625004739049,0.4961917809875452,0.3314355243974093,0.22036767742871774,0.7200291495183996,-0.5244679491634318,-0.7597216429895659,0.2654651965330892,-0.10525902743471087,0.4767754060092016,-0.30828792533641386,0.6308213132096128,1.280376381514472,-0.7043551212134511,-0.49339517313163317,-1.9791360623376868,-0.7377375541398917,-0.5464319863932195,-0.6043420769408773,-0.6235827664652946,0.7137546635321393,0.108994379611647,0.6457556206334304,0.5227141506102466,-0.46221973173163505,0.3269760860433398,-0.38858714574333864,-0.059688460144935236,-0.65088132581603,0.8045788750774328,-0.6050158690695879,-0.5702685549483942,-1.2748667020106847,-0.3912760213009717,-0.5635099515080074,-1.1196678111559362,-0.377819279057939,0.13519085561178967,-0.6573760133981186,-0.5275360923873386,-0.1821413250993396,0.11319412537520414,0.0856032899910175,0.5680613854444148,0.5800551257172075,0.20580114302874455,0.5023968845958001,0.28761334007106226,0.5231664541039531,-0.004448524875991151,-1.0417754197025635,-1.6044255357620867,-0.12266577187384704,0.22505329713072866,0.5361773843301307,0.042698591858728034,0.8065108036045024,-0.9557105518157012,-0.03818384999339672,-0.7605195837354577,0.3119677902086654,0.6444225478490916,0.6120429860962292,0.7785352062071444,-1.112621623379941,0.8466756965257117,-0.43550825247109787,0.732519690591622,1.0303544579476764,0.07646428260968699,-0.6760880770093977,-0.7943354358222198,-1.5775737531527312,1.6965411914819446,-0.47394020498380895,-0.692214046304475,0.4431769189183626,0.34783448509199066,0.573062760012402,0.16592033090075123,-0.10098950866641858,0.29487783349191937
"""GSM1539208""",0.6429731236367789,-0.5609858642664137,-0.7920035039360642,-0.9616582796510845,1.5199542592562234,0.6651146411802499,-0.7313979624774393,-1.0273385823959673,0.9907381760489015,-1.0514846528454056,0.6947520126411859,-1.145463134041849,-0.12842705100580162,-1.1221949357891052,-0.39822836926749017,0.12715173732697882,2.0627930978999136,-1.38077078375553,-0.39706392408608787,-0.46251996769859827,0.11274390017881666,0.7901931756286213,0.4324617448498591,-0.3857706017883438,0.15711698458933965,-0.4167255158282511,0.5198581544508399,-0.3571110019952917,0.9443561080125434,0.3279851991950462,0.5664366619932677,-0.12297377236055924,0.4629505131169343,-0.16645868823017954,0.7443423327116567,0.3226406299293886,-1.2308991196045533,0.4591599314078167,0.332426494607443,1.3094399155419822,3.1276177577465796,-1.1049272621357944,0.5159141478546404,-0.7694137253925186,0.6164204882578422,0.4823616326735282,2.8091470432525227,1.0882000444510473,-0.19456548792455705,0.3500941858821507,0.8670436406144233,0.46220882543913067,0.46124862962861113,0.41872335812996997,-0.11955644683967534,0.534923526008176,0.14020800873635,0.14650860476050387,0.9293035660388771,0.7852508530617098,-0.4077045787926291,0.7150793031805647,-0.6754655135789913,-0.4069685417098072,0.025499527704877192,-0.12560338395399928,0.12241404950555518,-0.3670721356674781,-0.31304542657334705,0.7694041615747343,-0.06405042769073009,0.2362194128423598,-0.1470114184902928,-0.4305552946979458,0.39260013135312094,-0.09660117288347406,1.1178915508588119,1.1328646018691122,0.5550631061336516,1.890902243018168,0.030536839442368208,0.5814745064677568,-0.2951531483706257,-0.7794938067432453,-0.2178217058719694,-0.6275347836842308,-0.11344726142618662,0.4108426796969205,0.3465253252663488,-0.7233233917265359,0.006892636481416042,0.4769134343707298,-0.47001771239433027,1.5168808962469043,-1.7145666273286526,0.84726364533301,0.13709269398278973,0.9192434156719466,-0.12071968770458956,0.7569906465477222,-0.8075246587233124,0.794738929614249,1.2115171299855167,0.013828616158317297,1.2577425909936601,-1.302427773949317,2.4794996609713307,0.07125428733067789,0.563265897877506,-0.9404299289963295,0.040959055202456775,1.0660494031108465,-0.053801864815495024,-0.311957304852963,-0.3143672377464337,0.40675482719570843,-0.460441416783889,0.4158937112963246,-0.198912196159486,0.668610605656467,-0.029584520713717134,0.22953963356702595,0.6369950649971347,2.9854479992683265,0.2714085537557581,1.6012653796903404,-0.4578233668483941,-0.8229364927610312,0.2910540335206852,-0.3019496233858185,-0.360629867167338,0.6212296920408609,0.8286672763456118,2.6185155707014185,0.005620707073094289,-0.09423815938331151
"""GSM1539209""",-1.6600280767267135,1.714574358782476,-0.828249313225269,1.0995410002504429,-0.29870670039392677,1.2982453651359322,1.9003832330884631,0.34371950632351145,0.4421215330714469,1.5166641598119919,-0.9575184989064572,1.4771797557846555,-0.5365028574233874,1.4278722730053282,-0.4097380217673516,-0.7608304356825554,0.39577851114962626,1.4182856928492145,-0.7199642941333516,-0.3987740464028059,0.5504574570196297,0.4470468142132609,-0.36907143233415307,-0.8174776854714717,-0.6306831586198909,-0.5110648784857269,1.5437261066902752,0.7479994200429315,0.5776399728924251,-0.8218783549989412,-0.4427472024337834,-0.4002401087104893,0.3268613401901645,-0.3850937955742857,0.6237149733443569,-0.5780208126841624,1.3474925933076853,-0.5221173818249775,-0.4672329771811749,0.10830827587886861,0.7163171466759106,1.5173998928274395,0.6686552866163803,-0.6458243171769086,-1.2830850007629229,0.6213986272329485,-0.12712736883845405,-0.9729895660794001,-0.7276744491482556,-0.8527066405404181,0.9640018386937695,0.08650074277023512,-0.36162720512157837,1.436310514194494,-0.6226674369765662,0.9691749737132433,0.8482364797470248,-0.04574025148704381,0.8723422140319746,-0.8219358746231208,-0.3743164485302052,0.6235501295390787,0.8230150219688821,1.1009829606876504,-0.6890723409094888,0.2828079217142686,1.0143838533048115,-0.7441642747033947,-0.6788457178056765,0.8918689992886897,-0.6290837949134519,-0.7685034112854966,-0.7420123539504987,-0.17672836417021037,-0.31603922017844605,0.09491438641839993,-1.7993371652468955,-0.00622106173335956,-0.8549212357022865,-0.6426131841926218,-0.365214581140076,-0.9364278981054657,-0.648373050928795,0.38861456613466755,-0.13263514581722805,-0.6989188890227114,0.3882945728791844,-0.47373533535449086,-0.6332753718433538,-1.0240167708049217,-0.6791888408699872,-0.21482296999566872,-0.7196314249661977,1.603529004365491,-0.0818694208933032,0.026366135506756948,0.4499507133545616,0.1845154007752043,-0.09483911406111825,1.1051057848505694,0.5815895285774485,-0.3495229456600382,-0.023752929714189696,-0.32279313389954645,0.6297732625348345,0.019608712101588686,0.9016888511660397,-0.196045456866624,0.35167379178432107,-0.16922224477193,0.07780418345666101,0.6916580995449638,-0.7789234003269672,-0.536363506165425,-0.835230012438636,-0.15205101656852327,-0.006794908885445079,0.02010358734869406,-0.9093240243495624,-0.2520438243757242,-0.383754345925754,0.42672070449584765,0.306349821767955,0.4000059453234418,-0.1828077494685514,1.6335996165936901,-1.5560868582903513,0.06277993577462414,-0.40583987712819924,-0.620975564935847,-1.9694048743073884,-1.2767009069899702,-0.6980785326660733,0.6635629787364424,-0.8458039688729863,0.6422244684556735
"""GSM1539210""",0.7246078851475553,-0.5457909205961564,-0.8208683522230232,-0.9653675186918295,1.327452068651538,0.6915058472991858,0.2326621329996342,0.2898738984323566,0.4561095770137846,0.26230249856292664,0.6851891833369457,0.22743013961671468,-0.24286361142916318,0.14051779792869298,-0.1853413015606261,-0.734735833049849,-0.5080033136690875,0.2902631555946707,-0.5315695971002499,-0.42150994580195267,-1.003942729182934,-0.9793343249808273,-0.17548719360953272,-0.8392946694999286,-0.2944179867921853,-0.5176290462843164,0.18575127635965455,0.4901352422787058,0.5441781488252869,-0.07891057404619302,-0.41438753636916187,-0.23140597086053347,0.39883907696608933,-0.6215348289304465,-1.1531163741277752,1.2372772301548207,0.43684152389808906,-0.2386305111219452,-0.280491984538226,-0.9786402270437304,-0.5675813400349121,-0.13406233968498782,-1.0554247966166674,-0.7821570937185206,-1.2262373991078663,-1.138236971137205,-0.5737319740719441,-0.5305355248609147,-0.6879625581767757,-0.12723544839996384,0.9965698758232214,0.5149874528395311,-0.4682929313751815,0.23270896454706352,-0.6649768584260713,-0.8890717886831102,-1.258694501292607,-0.020643770409415674,-0.5952125167678122,-0.6970702039948999,-0.6442832659284652,-1.0725346135978615,-0.3859295843340627,-2.5790416767504527,-0.2839821517706531,-0.08051562202136274,-0.16550653599639814,-0.7609477147175259,-0.7277445198357373,0.9783058164455481,-0.2980996049607331,-0.2286338886875625,-0.7203706101075411,-0.16154770262833743,0.10365397948692602,0.19076846875902773,1.0235340673415854,-0.4664318604414263,-0.377758336841564,1.1261998628694168,-0.8132047404367473,0.9813035087249172,-0.4917210766622747,0.530159688076208,-0.9500544897819034,-0.6502982585724494,0.15095019359779538,0.0830549504561812,-0.5362895301546561,-1.1401831323021248,-0.7465000247011728,0.011472041744349862,-0.5902738359805968,0.5500455696388273,-0.4401802309934462,0.3684092828649675,0.22025806416829952,0.5347807773556155,-0.38348303635582087,-0.5682867121025416,0.7003013452111377,-0.22548649946444344,0.048512533097730896,0.35828894237311,1.037790273329767,-0.3309302602587841,-0.426398720949496,0.48195203629990413,0.09177061093718021,-0.47912832405892375,0.5543417847683872,0.9487102144240126,0.1377172361237312,-0.6161552237529614,0.1335338129515623,-0.32234276451470517,0.5321470199261341,-0.33533370484598063,-1.3489907211925722,0.558422709952482,-0.8342031079981949,0.00868785575756109,0.5917796668785643,-0.8413650085444928,-0.5830338785452596,0.3936636530554895,-1.637065500125996,-0.9186620416136302,-0.6390430580308243,-0.010839302975645742,-0.05375061450554321,-0.7453371391599061,0.4246221539372656,-0.4847255630122914,-0.15697301255927223,0.40821495886352993
"""GSM1539211""",-1.5545469683220319,-0.6081241480120398,-0.7813760397599161,-1.0223638751980084,1.11504635568033,1.1022257168806735,-1.2681783712388373,-0.8853415709020048,0.9856658880196226,-1.223419938067953,-0.5040561554774972,-1.3002702874580303,-0.6267410728094936,-1.1834522198101158,-0.2311602064493054,-0.8098391130547667,-0.2098307347318919,-1.2343179560561577,-0.5117007732202857,-0.06779637337682025,0.7957192744869445,-1.3706404993959047,-0.46677018366034095,-0.8727014966496986,-0.592927667599144,-0.15192808654090392,-0.33021701066183445,0.9764218704669214,1.051637098013493,-0.6163832308379471,-0.6226494393040666,-0.07422930832268095,0.923534108832251,-0.321466566918805,-1.376963320311505,-0.9557779504571767,-1.0921915482007643,-0.8969209983344447,-0.9817601474951312,-1.5743948380652497,-0.35237749325462964,-1.2083771623495514,-1.4871146233237555,-0.5853287873973191,-1.1994498192458831,-1.5170958713113287,-0.5597865383905075,-0.9420175358127476,0.04518732088260383,-0.3923448686462368,1.019215559748329,1.7728441390050833,-0.8777400224435317,1.4880575521204773,-0.5688304033217145,-1.3193363056745884,-1.10434322135147,0.16186785693483632,0.2442656188427121,-0.6760834612308465,-0.6105312757436389,-1.3913385863616583,-0.34181802002104655,0.4816803779310972,-0.5432484521793863,1.5867240596946055,-0.4718039906052107,-0.6418607873686599,-0.12220994757701535,1.0291081655292786,-0.38002384418785196,-0.874961396977953,-0.582737886649068,0.17244225718578113,-1.4269131162938977,0.08702288749609893,-2.463938159749091,0.08114608548959484,-0.6987781001887144,-0.9261873851985469,-0.35945523292553205,-0.2926168040793415,-0.48831019816943405,1.1507292971552754,-0.07849077496359695,-0.70470586589631,0.5864308957556451,-0.5187918163907521,-0.8215486314708382,-0.8735469357953709,-0.20380082906120214,-1.120040734431845,-0.36341546839330685,-0.9388308815685823,1.722440221348886,1.1206491729661245,1.1772577275316534,0.9226972653350538,1.064884960806188,-0.4222974564420518,1.2691382364541268,-0.7672932245500278,-0.6022353932669472,0.4533003622807785,-0.5248226154839206,1.0715855158160097,-1.0819986734514422,1.7191114864747035,0.9969017893902616,0.9457869800626268,0.7695522554837735,-0.5688695141002881,-0.506290562409481,-0.5627157936885187,-0.7273854900345695,0.9412498011781164,1.3921242702567775,0.1412384784830961,-0.7021113005356349,1.3441866685936923,0.0767253857264463,0.9213742107836503,0.24694145733178396,-0.8447861368789656,0.1252028448204313,-1.0524138590269216,-0.4769837936690927,-1.3814109871010245,-0.5066161758736413,1.2108165103467587,-0.8378100798199523,-1.187123428353086,-0.7924529028239713,-0.10287375523892417,0.059944035115645056,0.9207682344923273
"""GSM1539212""",-1.6716819220553045,-0.6113832698386437,-0.7639853441210397,-0.9718644159162534,-0.04759892354331064,-0.3634494080960473,0.21368655376275747,1.5761378708456486,1.0061209481261806,0.4649462355728842,1.0420245258218315,0.33008576924406063,0.38164733400748463,0.4676660076589719,0.4097831959292788,0.08138082464123245,2.742377516151634,0.5746342721318013,-0.12020570893861317,0.5707563047335178,0.2953044880627595,0.30966636023510913,0.19025735494332033,-0.0040240072375368596,0.12809913440336193,0.6108618817575687,-0.3237846422836997,0.032936809336930495,0.8923623440132993,0.11619808505119684,-0.34370157408146634,0.5405855402654558,0.8518101763777028,0.5296261494116613,0.5045099297263392,-0.9109988854971424,0.5490888681451429,0.43017420011925533,0.3026389975349665,-0.12190330926618427,2.0370226380235263,0.07287813005591139,0.5260252201058367,0.5305374631351457,-0.5143512701356869,0.7248712908045005,1.823182531858887,-0.24308130792159766,0.22601388668597705,0.3010297177230279,0.08681160083315653,1.059989569914945,0.470219720945594,0.779540073429607,0.12083087222534078,0.28775706752506935,0.633750049005642,0.970180084737723,0.8327093703754017,-0.2634072344743312,-0.043257587341970445,0.4731014831268621,2.280791272733679,-0.6185964893174659,0.28900522335718654,1.039957759699977,0.05721445261801046,0.06943215192385903,0.07473677670023499,0.07468813780248658,0.2693618113522267,-0.11699361602029247,0.25669736580334834,0.6984458207951564,0.20501484646579918,1.0572551202973266,-2.0999592307967143,0.22283301362805025,-0.3494108254918804,-0.8879453528140342,0.07228399698982375,0.4309528472052231,0.31238309160403854,0.5531265814069911,0.5475754540389158,-0.6748789660683862,1.3813337554827958,0.439955922265144,-0.3001739060272895,-0.17131818354774286,0.0013023544121717268,-0.08649235474680193,-0.29154937886142124,0.5955209066252752,0.5048260253293754,0.9144528248098557,-0.05677343732843205,0.15217518534327068,0.9323490222330327,0.9670369646270928,0.9825825291741076,-0.35423981891321754,0.4066200527183195,0.10258665855356813,1.3182809631156187,0.6008403722746067,1.066874569713799,1.0302259789799169,1.481493699789243,0.21457069193847977,1.4859494632999473,0.7915425611243326,0.6812455752686019,-0.16193613703570087,0.8664405319993962,0.7942958700693998,0.5819870823913675,-0.31371014493736843,-0.5055573252990485,0.7577003368970262,0.4678150610754719,0.24852439727908673,0.08524514817567765,1.945916816398715,0.628955777054155,0.9189569530454734,0.09074668106026024,0.1525647479783007,-0.07879286545350671,-0.2785813038471504,0.6915645553089792,-1.1635535464504534,0.7290121902006743,1.5355922783725389,0.570171732158006,0.4748446573480385
"""GSM1539213""",0.3757965795550934,1.5595589135902166,-0.7457788842397063,0.8393146829421418,0.5284382294654334,0.6998185675157954,-0.4365893811111798,0.1927219023660519,-0.3346773060579873,-0.014637333401898624,-0.3162603117889776,-0.009610106491853074,-0.35051548119609804,-0.12029257366967043,-0.17211997950663396,0.12283672630890803,-0.8290324439566017,0.11319230771001325,-0.23951260984898803,-0.017919362389633736,0.48858952321284266,-1.3491851677580085,0.11525401636285174,0.08274215184885059,-0.1905309089854777,-0.07080644748791617,2.0603947385037227,0.7386496212316259,0.47495206903683307,0.08639860636666372,0.14579685951602653,-0.037982879981429976,1.0702409127209362,0.38547672345294054,-1.2532941051458428,-1.0904183217676398,0.08896208697482648,0.1992517230613302,0.313450998904799,-0.8026136883765732,-1.1596415871254195,-0.4753060172703991,-1.4056984696749464,-0.7824632228831789,0.3084901871489187,-1.3814281921597142,-1.0324900006320337,0.0492994090661763,0.26704773857640907,-0.36413200289179615,0.5445995787657271,0.19449363122605864,0.42351225010137356,1.0991809208474521,0.1512018020236815,-1.3708070146966227,-1.5932452401274402,0.18086268131086072,-0.18654048774263465,0.05459619237206165,-0.4775691039144248,-1.3113968718550155,-0.4987132336413064,-0.4505644506712476,-0.08534790826493084,0.6573975595435726,0.4695191601675022,-0.40283200443286815,0.16716528530722113,0.4456748477327528,-0.45389835844917953,-0.36342954977238956,-0.12522298883372457,0.01864895379001735,0.23910731613011846,0.05939127966222041,0.3842262878170588,0.3740461402790588,0.04607113169991661,-0.3778142691164786,0.027762209313570027,-0.517847448468759,-0.287728522973583,0.16172323182217493,-0.4071766191751892,-0.7231037014578261,-1.0721991232881622,-0.28606852719902726,-0.07074493236003827,-0.011609101606268372,0.147474641560958,0.07916893447382643,-0.21366412034451948,1.1451229301391526,0.4757216944892365,0.37364386986487186,0.5703463689283866,0.2970383800992198,0.9296878917113363,0.8209897734896962,0.7506525414163241,0.023556231701276843,0.1552437309845584,0.09204152546567654,-0.9027795231442046,-0.3739326287743707,1.134395396380983,-0.19849491651619433,-0.16304834227492315,0.2985156286071444,0.6266144833421643,-0.7881355153973602,0.18539588579843078,-0.37254902184837596,-0.7193459016574683,0.9184541957575526,0.4839303677289017,0.3627219360500428,-0.23932699036931537,0.6061807304170815,0.4580700267187394,0.38695577984325846,0.6061724456779144,-0.9740889984106647,-0.30918795510595976,1.154893160522386,0.19678498454605184,0.03178677684090933,0.2137937147375109,0.6522433269912251,0.028868852404900346,1.4207143538467508,0.07951000263684535,-1.55925860680751,0.31092546890734946,0.7877821847499296
"""GSM1539214""",0.6350939539122211,-0.5938670406832464,-0.7923212626884043,-0.9628738571924305,1.0987616606985982,0.44958362023223314,-0.8680556252729206,-1.0393205597898332,0.899692627313952,-0.8984852209126474,0.5038286436125516,-0.6154699549162528,0.24993743463619422,-0.6771716330211692,-0.12459514996728606,0.3666405281844773,-0.61515350529507,-0.8999051092264119,-0.2997759185842624,0.12753807830110683,0.7581972962962666,-0.7787103284047946,0.817851887708738,0.03288957795356792,-0.28561988632123825,0.023617795194402248,-0.5641424637714393,-0.03472934262965004,-0.605840775887988,0.033686074591416246,0.15856445668701713,-0.39827925925856134,-0.9992528567986325,0.20687784394141231,-1.2040240401591786,-0.9096982478720995,-0.6837213044756469,0.8662087557940743,0.9240028254324216,-0.530153059982103,-0.6060409737388198,-0.756266311659547,-0.9816385736407699,0.9134837066207662,0.8270742731148195,-1.114447168701369,-0.45331498390086017,-0.1321053121501205,-0.19064160550093534,-0.20284292767100012,0.2211988161734321,-0.2646612562656169,0.3226051311572832,-1.1870920642991944,0.18707971568618778,-1.0792855020668943,-1.1593606592957066,0.33335122277501256,0.6914466719656066,0.02205957091536581,-0.3931089869804824,-0.8707100850429127,-1.0080416544287218,0.8700192017014251,-0.3257665634029216,-0.719767174881102,-0.9163751283781435,-0.3771266662541744,-0.16683348389095728,0.29106803510582735,-0.39231882029961584,-0.09278413862248941,-0.26355313383364853,-0.2293943359520681,1.2138250459487818,0.5549059735569535,0.6083314348838752,-0.7904712372523173,-0.20798455996873388,1.2947163919855305,-0.013289419294650573,-0.20074290350077884,-0.2621727274442901,-0.7416704544068446,0.26090109119274246,-0.7249402368041015,-1.0280346578943116,0.19771693602896592,0.16901318260158515,-0.26443674536166767,-0.040439683289858336,0.7663919520493896,-0.505934332824681,-1.4086058576959404,-0.6464394717243248,-0.3169660201090666,-0.3265380175246824,-0.8014260681235724,-1.095098780730764,-0.5843748855675688,0.024396544500436764,0.40163444111662683,0.5288721262571227,-1.398254166432948,0.9416762414547797,-1.085310654028076,-0.45372653260062856,-0.401086416235229,-0.5876343450115654,-0.6565647422566845,-0.41884800814802003,0.909096640523311,0.3366370571151258,-0.3568353663743618,0.8178118684915883,-1.2108589975777282,-0.8265999723176216,0.5419781756975853,-0.0776793960388073,-0.7363476331070562,0.22654179880761904,-0.5582916960862772,0.29379189687511853,-0.38861016187916086,-0.3501454678385033,-1.3411315058158366,-0.21162167291069459,-0.10187546033542393,0.37519397154597944,0.24861648811568882,1.3128686765498503,0.44720505202312427,0.14583528945230023,-0.5373054047199368,0.30078277714615925,0.014497715873495649
"""GSM1539215""",-1.4541109520982456,-0.5820845559656849,-0.7920898138239804,-0.9736134341229059,0.7943369736709237,-1.1610268889912851,-0.744593565389969,-0.5540289903887006,-0.6236909749703214,-1.0232756016310105,-0.9034475545356405,-1.7969406826327599,-0.24557772560630778,-1.7338660317813805,-0.007983892621105349,-0.11958089226202696,-0.5965068601240952,-1.7317589531272544,-0.5059901027877858,0.3543620903970956,0.7941604009636553,-0.6857739387523571,1.0468842627372,1.121250254146777,0.32611942308817327,0.1909800047311989,1.6436705530665598,0.17870481134055555,1.219013633318783,1.4958757760346668,2.1632960881875376,-0.06941632253621369,1.2129546842344232,0.9270879653870435,-0.17386621443026817,0.2839279297643965,-1.7930896302757144,1.9779205189895113,2.0119540777700142,0.37028851999081297,-0.2400132486230723,-1.032012629142838,-1.225162939019682,-0.7514992954265893,1.4650656113833906,-1.2139437450490256,-0.5777549114631886,2.0869987942893684,-0.5703579873181012,-0.5942973660468875,0.9738599041904205,1.2687274188902982,0.6335938569314633,-1.8328853469644348,1.217809635766603,-1.0512823457322982,-1.6319764647193808,0.011285112325015943,-0.6519840120747858,1.8504267355227004,-0.5552434871917922,-0.38826290570932714,-0.5093164252989048,-0.13289999123080865,-0.5489732990914024,-2.4050733327625577,-1.1667346446142983,-0.6508834799710329,0.5336399708123228,1.0103415204892436,0.32006497890604224,0.8507725473065048,-0.4076757540048647,0.011958157247931119,1.5079391087811056,-0.3653178310643159,-1.7048126575336322,0.04804314403787823,1.9213993290950715,0.13278977524913882,-0.23710369737510906,-1.8495365466765366,-0.17281178595984184,0.7921493061963921,0.5223392523975712,-0.6432118069640257,-3.2032017665671244,1.0657024174168872,1.5454425898928976,-0.5505108549959419,0.6129438429393314,1.6926080595059587,-0.2878845309887465,1.32774682692216,-0.5396846903543056,1.1328437391444526,0.38810587899226107,0.5758274400553252,-2.296865843595147,-0.8927914225181074,-0.7646936294804995,2.3337952452575497,2.068655015249964,-0.5731506625828096,-1.941950803794453,-1.269813626521042,-1.325597663644841,0.8379556590162638,0.6080521625871609,0.07981683448613083,0.90550487720283,-0.8921699304648082,1.531610654011927,-0.43581326465677295,-1.2592091825284728,0.1872352985300145,0.027372126008556943,0.703852994691866,-0.616467116979169,2.0618786378719047,0.5320755820161731,0.19345366464610153,-0.22762001368347248,-0.5303362747697672,-0.2203446495890098,1.2420625545015667,-0.60153499291839,-0.7671879504042934,-0.09198936819205931,-0.17529779285614003,1.006151733238328,1.3651563273956004,0.14707406085903607,0.001902689338771462,0.817629958650766,-2.4009132085802793
"""GSM1539216""",0.3405749602419884,1.7242928541910965,-0.8293014868110374,1.3758155914294896,0.7616094930412779,-0.7285567171738314,1.147676211281565,-0.7735245956972678,-0.27698848208809734,0.9351956064923593,-1.7663354319806273,0.9139853528210669,2.1745449610856515,0.7738709344252946,2.32707659559532,2.2247067410992045,-0.9053690701967338,0.9115810163867711,2.541769979535006,1.7401162286458798,-1.0610862333022,1.9008236774287741,2.5691208747362566,1.9226109952577424,2.286699513867321,1.8920203149417878,1.2789110710852352,-0.26010488375126906,-0.3542200578100306,1.845648730702754,2.127636136608608,1.783336715779386,-1.5492806226697484,1.8872088259606095,1.787218960761795,-0.008940061267593294,0.9336694226679004,2.5016070397121215,2.650374392721406,2.475065202912744,-0.4906076803333481,0.9978329967896414,1.5336845313330658,-0.7369309201358452,2.106245021671102,1.5245895678209032,-0.33103761245207397,2.55243047585281,2.0196259378394013,1.8761044630140722,1.0769302877932705,-1.3738413398803906,2.41347726401368,-1.0240504069314829,1.9457600466866636,1.6517294279042265,1.4306785948355762,2.6223328488514106,-0.5355281498933901,2.422855173259924,1.7361171835781704,1.4455429817153134,-1.11514707407302,0.16516952304879906,1.8331709854636922,-1.7258234476309178,0.25702193779785876,2.2510180701587044,1.9705041038683118,0.8918689992886897,2.0698984782630507,3.8387884504796608,1.818970023109467,1.9518613059834948,1.8750676242462203,2.3989706359369776,-0.060809048194929896,-1.9660995356337245,2.4533936345724925,1.7294077172486966,2.2550843849910356,-0.1578931716783973,2.8733514766845616,-1.8212245333326316,1.2269130163912403,-0.5394456441782632,0.17453967228697967,2.1273113060706232,3.475302545940939,1.4303178272793577,2.1342747633671704,2.6396333121882267,2.771757569088801,-1.241783448351336,-2.3422891948328184,-0.6986965977994265,-1.0342837055220087,-2.072416758921302,-1.9598471505714048,-0.750172171052488,-1.275225819297869,2.459018906750263,2.7816689382416455,-2.187449757130747,0.1373411785739611,-0.0824799158532689,-2.210091386346883,-1.2334614301695044,-0.9636882547829994,-2.2808442650996907,-0.39191781526819675,-0.4083659777126773,2.946449167156466,1.7740137987747726,-0.9151490820706547,-2.0839687390420645,-2.175030601230564,-0.9161667798867469,1.6469295705703435,-0.8427270577038689,1.8869025889162219,-0.9625387432367267,-0.7148053063167832,0.4653967260695792,1.795082546255545,-1.1892917466417,1.2846095438713807,1.1573901080669775,2.451508168760599,-0.5630602423937736,0.3944671687896725,1.3586973914281644,2.287594440262387,0.3625261391583363,2.04010580900941,-1.4303313339908028
"""GSM1539217""",0.6253264875217839,-0.6459869508878323,-0.8323574525110325,-0.9601019906474715,-1.1960167260809296,-0.21101071007465233,-0.5569257675844125,0.37745202125163346,1.115177717482488,-0.3719496452220369,-0.3762968500105284,-0.16965424056821468,-0.5843396022637578,-0.2278058253995187,0.03246926226541586,-0.5717445827294733,-0.6797684051837521,-0.2828215390527336,-0.7692248375043033,-0.26126430988930904,-0.765315321347875,0.17064262259829874,-0.6185444757405364,-1.2111844913008771,-0.8097287622359702,-0.07379051570992745,1.147705870852564,0.6525990152189804,-0.7430725367526051,-0.003360153708014973,-0.4298520946865452,0.1584578486596441,-0.38759420790187804,-0.44173936688809917,0.038413864844103765,-0.13522264506526427,-0.23639930322753058,-0.5009613744883578,-0.19231857917727127,0.002731367860020548,-0.41037024854213794,-0.4473629387761345,0.596103518021125,1.1128295918806965,-1.3456310742117918,0.6409833611841296,-0.3231365842983038,-0.907964837680773,-0.2508025278959448,-0.7273649743415047,-1.0390367230806685,-0.345394251681959,-0.410297216397444,-1.0447791215970637,-0.4841490629213836,-0.3410245019225539,0.47951104581811055,0.35476652548350635,-0.38229165085439504,-0.8558522006226382,-0.14229022414854153,0.5877210686466536,-0.8640843797528666,0.5689073623763052,-0.6895022033027081,-0.43362559139980533,-0.6790414180520938,-0.9733658790379516,-0.46223252126069386,-1.1729669613265923,0.010654886953845113,-0.5524968517178201,-0.2919082323444395,0.30204049876065886,-0.20402534999157865,0.18076914417320672,0.11222221902664391,-0.9486300900453005,-0.7362693921978305,-0.6976681056617519,-1.079699880884781,-0.44241889220130676,-0.167103949931238,0.1385391352282953,0.4123597164705766,-0.684523469922126,0.9389401745822035,-0.02540740346981467,-0.48831195629052315,-0.6973728913052006,-0.5168778332019804,-0.43282806170971483,-0.7146288553738162,1.3373104510078713,0.395895127428806,-0.20241395775265428,-0.5141772244167224,-1.1312099286845057,-0.0006229484635333595,-0.31626764094552123,-0.7984584704964562,-0.8075150227524092,-0.18406323038289354,-0.1151939962050056,0.6388235897623451,0.5492248832658464,0.4004487579521773,-0.681600667495695,-0.43832920841397965,-0.4531935618242044,0.19399276049397457,0.46502225426763005,-0.14164088501717648,-0.3760060992386787,-1.085894098496633,-0.23334556048088625,-0.8679637912392839,-1.0468832699627624,-1.073375519828408,-0.5880674595513355,-0.17847947885838555,0.6249779074633817,-0.9338689479028878,-0.7562721498812572,0.18145220394849015,1.4066336268835364,-1.2230316916554251,-0.5667537639500317,-0.41610808889453343,0.7483256406472344,-2.0959198556569216,-0.9747382717028467,0.10725163047603128,0.8604444520572021,0.016945293182204186,-0.5951205880550727
"""GSM1539218""",0.58170612817572,-0.6511135747199671,-0.8447397882324659,-1.0228986541511866,1.4417623675892635,0.8277104721875945,-0.9608054177190439,1.48531719507795,0.6127224771532482,-0.8838722174497214,0.5010970794120617,-1.0057791604466257,-0.41949482359582607,-1.0721233740294822,-0.5264930357908159,-0.24860424301378473,-0.7272140290124539,-1.0662963724775192,-0.7025317836148063,-0.5082306258427446,1.289449240730323,1.3496829801423083,0.13058846309842476,-0.46153133336389995,-0.9014953107465744,-0.4527145343205657,-1.7729025125151554,0.9189125297909495,0.523691003318316,-0.5639292683646211,-0.6206681184277807,-1.0439339853840717,0.12741640998034567,-0.07819797204315551,1.1889711965979304,0.2625234588165106,-0.9742528329158628,0.2749604849042622,-0.02779216293397907,1.2782927537383075,-1.084650246372981,-0.736927484503625,1.329187450080792,-0.7356429902308562,-0.4341805887515417,1.2951398532600524,-1.2543191144229182,-0.6672655422903816,-0.9145607367908208,-0.9884293821177337,0.30765532711294213,-0.015585230855916449,-0.5309827452838387,0.7649450682964815,-0.9070587231755285,1.46978709027095,1.382986698275372,-0.2298089845709948,0.618344906646913,-0.824677673545243,-0.7023456680040736,1.3353288133425627,-0.8303226767594667,0.7921518805275829,-0.8274530854560936,0.8671349208043729,-1.5750008519297318,-0.9257336491271445,-0.8288761051229369,0.20461808247694008,-0.9059486339462937,-0.5231983358601066,-0.8979830743388104,-0.43822164861474294,-0.3343029861454025,-0.10942263094946385,0.4632151345061112,-0.8765732595410995,-0.6482319229403908,-1.574323489867802,-1.0479088129708871,-2.2361840382593083,-0.615844847277081,0.891867615510597,-0.7543851497154747,-0.6250363219154824,-0.9187526529194371,-0.4667319943335388,-0.5729430135212226,-0.7827612952194744,-0.9565926036694652,0.04878893431783014,-0.42383549405526805,0.9597963483406488,-0.352320123286902,0.6016809000142914,1.3960759204436692,0.02050320135601277,0.4641919763575836,-0.7007384234959806,0.7933974200383267,0.17392225595456878,-0.36074102698877425,-0.2830700220634596,0.8286099444825674,-0.8598278635849711,-0.4329646283430504,-0.19113311545056724,0.046408007484239774,0.7104190069144947,0.40558391179764347,1.1079818127514385,0.09101657489196052,-0.8299845032295202,-1.1925985873394338,0.2264217234193112,0.12401942878090115,0.49891783323265665,-0.7268874427336257,1.5667466408564645,-0.6638331308304783,-0.10814287185031665,0.804736740908947,-0.9358020154713128,-1.0836081459806777,1.0135401135878779,-1.582365283494979,-1.8856613803239046,-1.0068049305773032,-0.8578509387589184,1.6549509442805812,-0.13478656433995378,-0.9797816206853769,-0.9607040442595496,-0.6403977737061481,1.1460501436440031
"""GSM1539219""",0.47669696494128394,-0.6702448691182725,-0.8684342004887556,-0.9568491870047158,0.22726130323557459,-0.8528989955972917,-0.8994368105802347,-0.2208934940470722,-0.7795903048873735,-0.9812677953040583,0.3683366390235999,-0.7697027362904846,1.2850520331626096,-0.8421809375311443,1.1255869651944994,1.1364565341887398,-0.814547988422227,-0.8523596866611767,1.4695443259725556,1.2564521773839412,0.45731471796568546,0.7654333814673965,1.6810390445125698,0.9007193014475708,1.786619551023299,1.3086420681766544,-0.0627840366233601,-1.0270302572450345,-0.7682108040137793,1.0068316321880082,0.9665982855667997,0.9761808701457102,-1.122925048590588,1.231798931623473,0.6513331913282706,-0.059821852815007834,-0.8722691449643681,1.714841540087123,1.4453574069027941,0.6494223218984725,0.0030102350543398607,-0.7905392207632095,0.7014803830432987,-0.7508160397039028,0.27806213101040667,0.9067462806738863,0.5561081385747777,1.1563398885678153,1.2256599037600653,1.0473092742355397,0.6397946214566255,-1.591242007873038,1.2227847795055191,-0.9854823845377128,1.2201668589551236,0.3926087765304208,0.8272577876073133,1.9172907755413104,0.5234024064181779,0.9700629010215236,0.4419332032619927,0.8204818411296927,-0.8268552063569358,0.5689073623763052,0.7872167932719345,-1.8417991902085442,-0.3508305137395491,0.5140864390629518,1.1961887692062967,0.835879041400218,1.1448052113901233,0.7049197733151912,0.6604069630416274,1.7413301319610817,1.1773398887400166,1.8102577907607382,0.10233860884706934,-1.3751153127399418,0.9317394686146759,0.3850628135635615,1.8380975065720286,1.2606058932317938,1.3197771760315438,-1.9360867152687766,1.7906907100738672,-0.7455631645470768,1.473810266388241,1.1180853924837446,0.33381297727728076,-0.5361278303422605,2.350657432176955,1.3425930965758774,0.20468109852641447,-1.4306001523153333,-2.3745047968412623,-1.4638463512316302,-1.6005505964280486,-1.6293563586963873,-2.073417915459821,1.122908020685478,-1.8881202773488555,1.1502181623790626,1.7729531665231695,-2.254893473483916,1.6185608881786595,2.0341056941936357,-0.9323862516832534,-1.3691298228478477,-1.4974216826942572,-2.243850770495845,-0.6893114208237063,1.5365126249666297,1.7784811099531694,0.6383873432696006,1.5349002320349792,-2.281797453495474,-1.643519195797925,-1.2099914767858893,0.22479422945445524,-1.3185950280824756,1.2353504329515976,-1.1120267156291601,-1.6467481771730368,0.2870232764326763,1.224266019887931,-1.4463629987801103,0.25617896803784485,-0.09278958760414344,1.0158567137165968,0.6452124129204151,0.28077339768867515,0.5528330304391845,1.4406472584742025,-0.4530527411417443,1.613177757919495,-1.8091294958580069
"""GSM1539220""",0.9272682901648953,-0.6796103389266799,1.1352314759833249,0.6518024900504054,-0.6792199408614567,0.022663285807997223,-0.10074704019544424,-0.9663420651867212,-1.5540183524196687,0.32667978639845474,1.5082360669578507,0.389853160957825,-0.981982569519653,0.414274493045944,-0.5392677096331913,-1.2907005176185113,0.6335670105617288,0.5437680875579465,-0.8776155061570157,-0.8184100743554578,-0.6689053020439429,-0.11524934418497379,-1.2794249823021726,-0.8342043317257303,-1.0488895237033045,-0.8383421657186529,-0.5137769403558529,-0.1647346573544451,-0.7921430956794911,-1.1774245982075389,-0.9882718384535035,-0.6226031734529669,-0.7964146055490925,-1.169863839208202,0.2228124575631716,0.13006229121585783,0.5998869615260634,-1.3223963236589995,-1.000358211023635,-0.8967683101002191,0.5184110611027002,0.1640506238839602,0.43988419745780566,-0.6615905240153093,-1.8977220271181816,0.46235650297705333,0.43322451575114584,-1.2696967812840587,-1.0279094489142886,-0.6839955241236103,0.37948089430142884,0.0002779020271430817,-1.0613537673537787,-1.2568245005093348,-1.1895986082990755,-0.13406606641055008,0.4346480365882361,-0.6081268816888261,0.926649958866567,-1.3158996252151867,-0.5214976034485903,0.17360224268098803,1.0819847869889885,0.8639585133836212,-0.838134038249244,-0.061548310138783036,0.9191000457733186,-0.8110411381993473,-1.0028947455831687,0.5201041789315634,-0.577660844240522,-0.964554929108609,-0.6956527818967821,-0.5603326162369128,-0.8362013317781369,-0.7622024057815455,0.9559151294147642,-0.26665951130254484,-1.2602384505406778,-1.4776458616606905,-1.265554043053683,-0.4823404486651744,-0.5141150966568185,-0.12058923643906645,-0.4638357337450682,0.19880366897161983,0.6703157133151461,-0.8247385552948858,-0.8095037172114302,-0.4930458415003939,-0.8802303819237052,-1.273722027827007,-0.6228354915462934,-0.0885880592432794,-0.31802144540831767,-0.5203464631191856,-0.7226247397728641,-0.1394646312055543,0.2628472143252278,-0.18354287748810746,-0.5954475423661271,-0.967182219261526,-1.4554176645180519,-0.30150852462541605,-0.790896053404272,-0.04166960505393125,-0.1665562593765913,0.03276021443862084,-0.4717338879868841,-0.3009866633245831,-0.2120754775090917,-0.7628075041693657,-0.6485422209225883,-0.3875692076822783,1.0159122972954047,-0.5004861884278257,0.08683228242691712,-1.1994893609867054,-0.8296873329998132,-0.8517086683495456,-1.0568231913175345,-0.12292479061262078,-0.7853883858078113,0.06450213860346729,-0.4623221780226191,-0.2820630387548652,-0.7913996440989651,0.515943795017086,-1.390691395848258,0.8320227307411896,-0.7000163763999583,-1.8349216530075656,-0.6607766578052444,-0.11433201659208693,-1.0935635013591722,-0.15384453567291972
"""GSM1539221""",0.8029837550770103,-0.7065688283071409,1.2496707708961572,-1.0142940987597162,1.8227626965113797,-0.4655645484980895,0.5309416392571707,-0.16688051143163662,1.0950505657552454,0.8722922235118726,0.524278639225579,1.0313066297625055,-0.7267552138425084,0.9500474691158483,-0.45507630476749905,-0.8696255103376497,-0.32607738593308283,0.8096880337519494,-0.598797917417916,-0.3565592292099819,1.0888810959439887,-1.4700183722910731,-0.9935278485392246,-0.7892645122710004,-0.5881855781028705,-0.3365179574342746,0.18812065091805374,-1.3744094675065155,-0.6335064041057341,-0.774236533937992,-0.7479792404654271,-0.4335514817994192,-0.9103098866328118,-0.7206362895989508,-1.2199594768550002,-0.9925997106451111,0.8546696373689616,-0.6112705962010442,-0.8082840154679778,-1.1959345416221416,-0.13415355247159688,0.4294876191406702,-1.2824576245684383,-0.9100228727298053,-1.558255934428232,-1.3847498887699006,-0.2524618242665077,-1.2227714458647196,-0.5325431587955736,-0.2905868654562713,0.8449166323305374,-0.7369466449669874,-1.009757102431183,0.33141477692849425,-0.6261206896638166,-1.5686733262708075,-1.1712615240148978,-0.013315330937760375,-0.15444994373258356,-1.2943759304010352,-0.3843160122005944,-1.025935781810882,-0.794716643520213,0.14775585834947055,-0.5635624438460967,-0.9116165937159763,0.006722244787541117,-0.5619908230251686,-1.0799651066955138,0.8570103344345823,-0.4360497871063453,-0.5594373476502832,-0.3509812945301694,-0.28029510888498366,0.39367962599130374,-0.3705134926035748,0.27263737091467183,-1.3879348376985516,-1.0388365781680238,-0.36973220656721706,-1.0766070198650257,1.0014407413381332,-0.604095721727751,-0.856081980748108,-0.5689185379135056,0.5172875264906263,-0.9109960343307204,-0.47488988599583565,-0.9255406748444256,-0.4811323087458029,-0.6025668833456794,-0.9923995230393643,-0.4940791056057822,0.8556848350313491,-0.7019332616885667,-0.5268526298953757,-0.6728568783678766,-0.9873055055984447,-0.6930403907937521,-0.9547928100829561,-0.27860857466024963,-1.002342784197239,-0.8153875256679081,-1.421060833079981,-0.2799140401336883,0.5235298127397775,0.6301054070005014,-0.8868498722794779,-0.638792600853894,-1.2538827062344475,-0.06716757969096511,-0.757636769522803,-0.3926765397932912,-0.7292674868890081,1.281181405870995,-1.1039385197351874,-0.03378739837099792,-1.201111420881255,-0.7769697937206915,-0.6185357965472085,-0.4797997841758809,-0.9856985934059539,-1.267014327279095,-0.4395314984714101,0.18066947640154307,1.101363150293482,-0.32567600241498695,0.30689734792179973,-1.3818801723590688,0.526825563361055,-0.10458046149692138,-0.9966858955520596,0.1397866205428278,-0.2082596764644383,-0.49307385520335745,-0.7157779746389407
"""GSM1539222""",0.7489979319950527,-0.6651938108561443,1.1417759896516877,-0.971686528854119,1.0362690198932298,-0.06117660955376644,0.975035663247259,-1.0363906870778636,0.07839932981648894,1.0817648176672918,1.055946952183792,1.1368078451264687,-0.6388077787694683,1.021029742488289,-0.43528534734648455,-0.9602422259201671,-0.5252639802541094,0.9916032144453061,-0.7109792190993408,-0.47546812127272414,-0.19390656972201786,-1.1077376345954097,-0.5422038043544479,-0.7546613887439908,-0.6692555172892962,-0.4650047935752483,0.03422443750171825,-1.1645820643491003,-0.0545089598049394,-0.3633124526762283,-0.7220269415429542,-0.2744674869007122,0.010438892515123593,-0.7028634284997788,-1.250240566213317,-0.8451982949312189,1.1409318187934951,-0.7591187420376974,-0.5028543327079015,-1.3081054707268842,-0.464518447460064,1.0168119210481266,-1.2284360105470458,-0.7802772201790598,-0.9386780032285102,-1.0365922329860315,-1.415724506812006,-0.8231034232261826,-0.41242144945542347,-0.6340157761470206,-0.18380658344035575,0.41678073242123437,-0.45877363807973104,-1.172885015687666,-0.7261507790192688,-1.5126466836697186,-1.2211510299065582,-0.19029702127905784,-0.6026515841472664,-0.587234605228748,-0.6123952647206973,-1.1283800088552993,1.2645938046236092,0.9631885547109782,-0.8005006341679589,0.3238664498883884,0.9534975113089096,-0.5919413407591633,-0.671891617772349,-0.19829362384088584,-0.8111363674207265,-0.7628120320083683,-0.7435319256905976,-0.14089383668765718,-0.5839074034886771,-0.019579494821632945,0.45026698275160504,0.4129347253870916,-0.7964876748971719,-0.6143885954936263,-0.8005703133603266,-2.100615336894056,-0.4836031197795361,0.45846287503656336,-0.30605118094253797,0.23902571292718405,0.09332669944401299,-0.528093124984356,-0.6721433908365141,-0.505209263827972,-0.5590600193840887,-0.5507817923195889,-0.6628092697434124,-0.45844120449578224,1.166888415938458,0.054455974506769575,0.8339644972140682,0.19606763933753937,0.24178458616282167,-1.146456139628969,0.35628946787292715,-0.6429897087271307,-0.3488549859822328,-0.17996611634087345,1.8679584135841074,0.271754169483976,-0.19537133873660234,0.32832518176546444,-0.027563377829613135,0.21852522914803033,0.38840710507409953,1.8296077641822557,-0.539388519503579,-0.33115017857616347,1.0715905548941793,-0.3474341417127983,0.4579499014492023,-0.1486783826620553,-1.3444976734687626,-0.5825281861331583,-0.3193739273453034,-0.4732993916960126,-0.1716112717775459,-0.7040064576848013,-0.09981893837183722,-0.6182556746375064,-0.7098053370365439,0.4821141809704613,-0.9779263352228381,0.2932448397663835,0.08119798106901127,-0.2672214561637265,-0.5468506669305081,-0.8174923565659349,-0.35116725127513415,0.20159387669223824
"""GSM1539223""",0.40809834903066217,-0.5894951235438058,1.2833992595907535,-1.0002553940779515,0.46362028033298697,1.5425718726724889,0.13699875205962284,-0.8549386595696429,0.2562569055825066,0.6162365456758245,-0.2196812376669628,0.3970449405642443,1.250306689416045,0.3621100360921564,1.785825593553832,1.1176392434551747,2.763244165090688,0.5330795634586537,1.5386224049635724,1.710978651890742,-0.27636216549050113,0.5451410369415756,1.562124780657741,0.9048728774798347,1.6427183115107342,1.7040153759342582,-0.29724775394552355,0.6594144835770592,1.3336625852204913,1.3307015682646122,0.9979552968114996,1.6482511273716147,-0.5777260159937785,1.2056202311183046,0.6697991097534197,-1.007170068458824,0.49626703153610013,1.1170997967898537,1.7756078060299652,0.056066180458443374,0.6121427485361598,1.126063148417175,0.7977898524407456,0.5104903917894192,-0.2661863638853778,0.9023857071973715,0.1994652847332668,0.9335534069992728,1.9266658615853656,1.4152356659079908,0.6771225198098741,1.6013755800483196,1.2201951369266986,0.7120309026570055,1.5482594833647962,0.5177099803387212,1.198120337053794,2.5867463450952273,-1.9225422702024004,1.3207741047199268,0.9335559929576813,0.5975906907477161,0.3610951984122778,0.1114914735203506,1.2715827464075053,0.4043341298313352,1.224655869276681,1.256359510111518,1.4510654803217238,1.0538222647219107,1.3560518422533065,1.0904147300627742,1.3785718826364448,1.9113027119624422,-0.499422394737108,2.1833265325818885,-0.3598975485294472,-0.9495346271625458,1.418200959348008,1.1409653247453795,1.7359919809397786,1.3734920032327318,1.8748412471985325,0.13995556394379394,1.4662619474407823,2.3953888984786125,1.6055018318157979,1.7304320315910717,0.5207789270508103,0.5137213767325135,1.7965056826282007,1.5384843049067831,0.0946309700173438,0.6456764719253744,-1.0543768627766845,0.3709262762352133,-0.37540783400084293,-0.5457806147586303,-0.08839509964108164,-0.2007647595384573,0.3847002470478525,1.702985013384541,1.6322081264274177,-0.1169642721871495,0.11752877598155806,1.510410277029615,0.35635212374338276,1.5600854392576475,0.8575858866344236,0.08347355661787773,1.3801414270403565,-0.2774147426689031,1.929531437340282,1.0062991403554336,1.493850351233685,-0.4789166916500206,-0.10688504982175283,-0.9219214050384184,1.071550908393793,1.6531682755632309,1.5718662459769674,0.5099416687253367,-0.7871765602905894,0.43001999902194055,1.66091788310815,0.7168890114825046,1.2089265695394844,2.433224349607647,1.1100900891191026,1.0951624859759335,-1.1454715953455812,0.7555802276837738,2.768929846705604,0.43036619255327596,1.9033519017282903,-0.3399728089713145
"""GSM1539224""",0.6919786801982011,1.5608217565693518,1.0495490946586543,0.6301599202083862,0.3505031769531509,0.8573222121706973,1.1331155320343438,1.76704936515933,0.652080345483187,1.028235007469725,0.011598726562943005,0.8913247786842742,-0.9686679397074772,0.8653779679233974,-0.7767017517486647,-0.7669293845241634,-0.2845715860949159,0.9299081082484368,-0.36972629699693277,-0.7119374843598899,0.6882840815430855,-1.4006699421384627,-0.6966799662268435,-0.48667348100481966,-0.4988236157026871,-0.5576119629100607,-0.047270291351530026,1.390752850154468,0.6892829135450528,-0.6836102744786093,-0.762080950830536,-0.08306008497208085,1.6091686505216303,-0.5866892639882914,-1.3483739755729918,-1.0169039558687336,0.9508836847873401,-0.9402723346090794,-0.85509773799972,-1.5609755528400504,-1.261090210835148,0.8830900557787302,-1.5593677763242828,-0.6824699903895675,-0.9224592000814329,-1.6132232240849067,-1.1491807074838807,-0.7442973312377029,-0.5728095349770471,-0.28834435012933307,0.44632605747697385,1.293044851549179,-0.7616828610067296,-1.3918056502178577,-0.6034999303934087,-1.5949198299447827,-1.8883083973767945,-0.5595026599737882,-0.02787210934139655,-0.27887768591314344,-0.7344895409778186,-1.7786168738919794,1.9175937121016984,1.047930152200837,-0.407463185238832,1.4508204260269557,1.0462222950459534,-0.5319520052885048,-0.2692296939979132,0.6317688832270504,-0.515962956411985,-0.9450252761428619,-0.42277476973467093,-0.4141751974842426,-1.2241111230436863,-0.5841486396117279,0.07133850473661409,1.053276206612897,-0.5420502869741729,0.025908447795073588,-0.04707732282423466,0.1759876017660926,-0.48611749338653704,1.0542202588518494,-0.6037530325469828,1.076928068285511,0.10437172763333574,-0.5709182159320466,-0.8590524148010664,-0.35336903664972397,0.07101332075097598,-1.2248253778869853,-0.136977872612384,-1.0828631687910608,0.7622873223811648,0.975277670105404,1.6697850047448362,1.2933081821143497,1.1412062740558493,0.8649910269415607,0.9400170504279738,-1.3066871622733078,-0.7597256377071282,1.4020930813288197,-0.8577724284562651,-1.041258402188973,-0.18100085041540886,0.987092108117535,1.2841955207702083,1.4845288190613664,1.2787094036989664,-0.5059563767534773,-0.8592504539808115,-0.4978807954872839,0.7442285200563833,0.7031178372492476,1.5527513156552595,0.24820933489107078,-0.18330017666562853,1.8947785561355635,-0.6338152987909094,1.1620426366073517,-0.26897731738717173,-1.3710923248343916,0.063565086279312,-0.9001770626961977,0.26024979027057354,0.960832349456152,0.02148503498056562,-0.000365221152271451,-0.8773526417529004,-0.6203634140472827,-0.26440027889645923,-1.0120450370110823,-0.035473447491571,0.8851508688294455
"""GSM1539225""",0.501518791213413,-0.6410262345246928,1.4164874123047346,-0.9767671216941883,-1.0517663171856049,0.8131805988410641,0.308692133780541,-1.0636775737818085,-1.5915664967971486,0.5428389875313389,0.14453606368317137,0.49342381420018827,0.08178366881305535,0.6734207991720271,-0.1478101003542159,-0.16854617480017933,-0.5028482991201453,0.7017291267132263,0.015362958728172013,0.43164748295511207,-1.0441479820063528,0.6709445326063417,-0.031264325974323964,0.04719676316414219,0.28757639748006897,0.4077270950375031,-0.8331632965744408,-0.23597575336002463,-0.544656851317873,-0.07891057404619302,0.1549334003984224,-0.035491458482295624,-0.1029947498184201,0.41723771693635386,0.5262486314720597,0.5432662995696341,0.7126272453521704,0.21478346857147945,0.19296371134656193,0.11754958478229917,0.07912386255547213,0.21320032199977307,0.93139734875072,0.6699534766087966,-0.5827627655277732,1.0138648270479693,-0.37449596934500395,-0.376508655211175,0.4240057162558924,-0.09879028243679756,0.8780051819713232,0.15443311920690928,0.30045994056551933,1.1783116382465695,-0.15033504364688727,0.748992120766028,0.6724753857657524,0.557095703897855,-2.7404511632372173,-0.013509914776396981,-0.23032983788177838,0.9193520754735073,0.11850314143801721,-0.6581222334423883,-0.3708560901683298,-0.10095690928694406,-0.2658425900295806,-0.049228390119086606,0.3936126372902292,0.9041533801568434,-0.2146410213936933,-0.2914465642100546,-0.08954783855163724,0.3042601402766598,-0.756783538040914,0.5319370370252741,0.5053760472323527,-0.12657738115468925,-0.1630744545278927,-0.1506572770601185,0.008857512085566755,-0.4911999447880789,-0.15362635286915602,-0.42315843927542074,-0.24694625661320446,0.834421869308136,-0.42135275658349414,-0.4461764774325692,-0.21869104269764436,0.04608194145302984,0.18152973017833382,-0.5477154800657592,-0.4705386176030482,-0.7012523335076567,-1.1771262778190477,-0.3346364884577832,-0.38210362364452405,0.04130079767991173,-0.6029205771795229,-1.2413122226688478,-0.394124599968639,0.1889742476634612,-0.06396633275257241,-0.6362046745718024,-0.6488850478542018,-0.7025291781761918,-0.0746674322739643,0.1352808898849244,-0.2647717601714448,-0.6825048442355759,0.18670266494144278,-0.18012229284928016,0.06626493758308459,-0.0019178794866200623,0.8551796891177257,-0.6286269574775418,-0.21535028827778374,-0.5794974786829238,0.03210322421768111,-0.410689401065784,0.28285332202048824,-0.3909317840220249,-0.9738833159062416,0.06334228662702426,0.04685937948867588,-1.0196089414347524,0.4076880267516749,0.19699124682929645,-0.12512178744560903,-0.8354732724572109,0.250191260917912,0.02600914674309557,-0.18131067649849733,-0.5965499954002573,0.5910165331596384,-0.6193415560702791
"""GSM1539226""",0.5148902886841157,1.468023822836646,1.5798645390088868,0.5247670710260878,-1.3021130053364314,-0.7669896824160273,-0.11668129600436561,-0.9827837829714446,0.4837877037094443,0.7425938302441473,-0.5496976530212659,0.8201721018716228,1.2912780450875192,0.8241073762970473,1.9878391100259583,1.3463750707818487,-0.6617958214956274,0.7627519531518109,1.9957538077740964,1.9261136431771466,-0.9275477822059721,-1.664864411583653,1.4921203859317083,1.244271349766506,1.4822860378408127,1.8050908093717846,-0.47222867890615244,-0.3940830734213545,-0.3969577423179349,1.2566975276752719,0.4945997366579295,1.8323873124254462,-0.9454563623248959,1.2895444749905869,-1.206294533597396,-1.1570168492397126,0.7417164561797879,1.167619731057396,1.4091031500482145,-1.4009426089282009,-0.5275132814825966,0.5650619276277461,-1.4047048992859401,0.4237793291057598,-0.1507048518035975,-1.0979356747339049,-0.529516994896404,-0.0414854174704751,1.852475508806796,1.6096785345307105,0.596289975761931,0.6577368679932815,1.1114046053192497,-0.7525091642087917,1.6750307210283057,-1.603989016766766,-1.0740128235554538,2.464894087654976,-1.800676799709453,0.5491123283681524,1.5539903715258396,-1.3209965532590702,-0.9046433984905534,0.6936652131868205,1.486236734967924,-0.21698790882723812,0.3528953396659569,1.563236940288008,1.7022623803053782,0.7909728299293033,1.9696814816711017,0.6393831203304718,1.8579283601094287,2.1033549399688414,-0.325373248208704,2.220254100844562,-0.1985342836226482,-1.9753820562669564,0.8718566655623643,-0.8984552930497861,1.9168362183668257,-0.48618489119779307,2.2040109224260824,-0.5065261842449017,1.9867647429395565,1.859568437499207,-0.6692722042915527,1.2083465129847195,0.5572654674384042,1.1841294595941392,1.6126038542574548,0.4354171113138263,0.4182629072084169,0.5585805765297563,-1.1329109567010813,0.24097523130139128,-1.0328903551155062,-1.986862461083689,-0.8762759600824872,-1.62599523784558,-0.15557318381730711,1.004740524529805,0.9454760482208392,-1.2515873093851082,0.3792303666397406,-0.5713395730093246,-0.2796991774667523,0.28853166176183587,-0.6360742459225324,-0.15027162347922357,0.5451661942665346,-0.019313019193323816,2.2073090581409724,1.4782896486857133,-0.6195189349231969,-0.6588449197515462,-0.9960499162250249,-1.02769974215489,1.1421894760493316,-0.12561584851170707,1.7712294937448576,-0.972121024673723,-1.274906346643274,-0.01746517676501401,1.856144270701471,0.5998014131845175,1.0927547883945563,0.8204426029539413,1.6129237523893187,1.8355911902419209,-0.5987949281436116,-1.8408298456388754,1.904551357287667,0.05397955904752741,1.9033519017282903,-1.1087989726254042
"""GSM1539227""",0.6491641223163882,-0.6651662120337112,1.1483250419164899,-0.94260969514431,-0.2619810459651109,0.9932612175493369,0.44048771325694697,-0.926862599236972,-0.617178709465042,0.27394564386662185,-0.5869087376060446,0.273963023901503,-0.39708332223280657,0.22129471994259833,-0.7148056947784931,-0.3290595712704089,-0.3983677769635679,0.4066476009614538,-0.30609751768919535,-0.6795603075035276,-0.3957270245929232,-0.629156126871317,-0.3743114706378403,-0.3107673304349716,-0.48536960435256354,-0.6439007413998528,-0.18579324648214432,0.20429220434958384,0.6945094287182675,-0.38440218972196233,-0.5083593932999685,-0.4361202499906176,0.7752661723756709,-0.5628739887970681,-0.8051083683602719,0.5859911189922986,0.4076202617651714,-0.43087672650530356,-0.5040116293453484,-0.6440883348256259,-0.6048656611482164,0.23550100697547646,-0.8163498215703358,-0.7202632838905461,0.30523353555181737,-1.024452587022796,-0.3239336272650085,0.05141945627365822,-0.1623159784965325,-0.1707242180742669,0.9640018386937695,0.6772520766563631,-0.5060574000940832,0.416463223309265,-0.35548653929308816,-0.9488692284206612,-0.9369458052581912,-0.2058161766180327,-1.023883423461121,-0.27216377908064165,-0.44611639826157623,-0.9835270111847539,-0.22186341642901436,0.4447771405506964,-0.3016537281523176,0.46212727783613217,-0.2816576368631122,-0.34762125185643983,-0.02548555173482471,0.9936946892261802,0.07935570695795761,-0.11468301386140002,-0.05202294415288182,-0.4222787457277336,-1.885274072813812,-0.4316172933614634,-0.04797648510168026,0.4625543272198081,0.061012658782330614,-0.13894594483600145,-0.15868834979394753,0.06514316713467992,-0.5486439334411305,0.33534705081470295,-0.3601211395319276,2.108175575350212,0.5568574926007791,-0.5627958250204416,-0.5937405960196154,-0.0202067981996952,-0.7193103749135655,-0.2882106597936195,-0.5202359840018036,0.2581435522553751,-0.12156328044999203,0.7480461617145249,0.19586427471370615,0.6979092724603818,1.0735892644358318,1.8350210875130593,0.9449545402231171,-0.6149959584940269,-0.21604977216315258,0.010074093443878189,-0.5224273621640727,-0.15906584723854483,-1.3741615765292328,0.6771220390609468,-0.6337807541072995,0.5061712921904173,0.2951222023348156,-0.5936414719843465,-0.7673571227485051,-0.43088105577945895,0.3062793906806373,0.08091893402234022,0.3407374837781505,0.7252150160211991,0.10449176398065871,0.5233129498730994,-0.6318229665403124,-0.014026009446945415,1.1543166120450354,-0.33042559674198735,-0.023253138931076004,0.5286794817326832,0.7553192249775543,-0.470068269337828,-0.22284276547532242,-1.0765180985224656,-1.9975503425436083,-0.7694290371367906,-0.48235355685437287,-0.47257822055853843,-0.023735813349977743,0.6485298354438102
"""GSM1539228""",0.7415229914039707,-0.6418278755357854,1.0138812648936588,-0.8833323499944077,0.1693359197564869,1.4021752688882272,2.187342505930078,2.3860894128993047,1.17651154244248,2.0364405648218726,1.7890140316531933,1.9631495983886877,-0.739581163017515,2.0110110742361575,-0.0902961929587699,-0.9132768189000221,4.369984923899255,1.8593883422316277,-0.8599461583059725,-0.33650326800072194,-0.7935367973588493,-1.7745217095502155,-0.8526174804812948,-0.784361162653944,-0.6654217888075326,-0.20387862042139873,0.20146039552377668,1.2278031117209207,1.8554431458917944,-1.3171363139121026,-1.2518099736721693,-0.10284576189843662,1.124605364860885,-0.5448220828658018,-1.7017902415088777,1.685760251381916,1.6626752315495226,-0.7873265765543068,-0.8150344347727707,-1.7491011304688038,2.921827610753267,2.284602773748184,-1.8919776979819072,1.1713545937824383,-2.162496319336856,-1.9653940128917609,2.647685295372096,-1.364558995408959,-0.4317794898157755,0.5218487650811258,0.7571582990688777,1.917802155695644,-0.9462454166099207,0.09807766201303719,-1.1514447955311289,-1.7469847665993867,-1.7449194117721982,-0.10301586062161894,0.7826271606036986,-1.1735550851158982,-0.5110496792547341,-2.0932852431977342,-0.007802494374241193,1.631519936005851,0.5161594002034002,1.5792581685015328,2.6746147119857975,-0.34322217461232185,-0.9125029180383154,0.7694041615747343,-0.38002384418785196,-0.8060296475503139,-0.050111428953368495,-0.3037033143777652,-1.2788903882975022,-0.2451792806300762,0.4391543994055465,-0.06097385566946348,-1.224312853686796,-0.6227695545697267,-0.7503503733774447,0.7954748973866778,-0.33101841897742135,1.3423598834925894,-1.046831993455876,0.6678644428439714,0.10615283184606401,-0.5010367381382347,-0.9286271805609556,-1.1214135961208096,-0.6848466370830728,-1.2873196598136254,-0.6201550423102908,-0.8079254899193369,0.7712938741778227,1.8993936204199042,1.090151260061223,0.5848887723686237,0.769941867542656,1.5218556796533838,1.300220409166009,-1.0073668053935476,-1.227571377682621,0.9047707564912932,1.292604130907407,-0.3941351889475851,2.329064093308283,2.20847124840419,2.354325504739647,1.5891787770612897,1.5530169948740293,1.3721461495890868,-0.03964761615019671,-0.5681297125676804,0.7664915666205949,1.0042220879153179,1.2437077882951981,0.12234841355047603,-1.6511219630500606,2.0444287833970254,-0.5233410273571143,1.2465814736456282,0.2061289954536924,2.7417166243505777,-0.2337984959239373,-0.7832301350620738,-1.6348273769861101,2.12528439303015,-0.832564541009399,-0.19640801074885098,-0.581697104513945,-1.6841426376158395,0.8988465870910941,2.4850139982587485,-0.6336585913679684,1.0039445958186977
"""GSM1539229""",0.7819230092200736,1.8940904165840815,1.1549627519460888,1.4598467000012345,-0.24123290613064252,0.967081088288859,-1.106697404507279,-0.8649883234885545,-2.425097550216451,-1.422215141575646,-0.6720796323533761,-1.27665091678547,0.10274008172159851,-1.2649308535023498,-0.13117330515473108,0.024109286938543893,-0.27073116184031076,-1.2673778345466093,-0.6713776760256975,-0.0940165327574929,1.5891693850691928,-0.8743995742658254,0.210139453002712,-0.6205764628321401,-0.18249085535466694,-0.22337889289502202,-0.3597296314740656,-1.1130253630514193,-1.1547784051287124,0.06825572692912546,0.06398383966175208,-0.16562931685972293,-1.4119342333874858,-0.12184895971225884,-1.349465388450565,-0.7617134905970153,-1.422254228068617,0.25713325584667396,0.23921017018468735,-0.6731457186337245,-0.6080413839645834,-0.7919420157292281,-0.9763690422357747,-0.8063112992420526,-0.5225692518755986,-1.0979356747339049,-0.29587945590003506,-0.29085444188762394,-0.2508025278959448,-0.1481821354280265,0.26292991851448316,-1.4316383232453045,0.28450167437690044,-1.402870548774971,-0.1316198318741235,-0.9378484550874577,-1.3989281552723682,0.2212884349368686,0.10928337510621124,-0.24272773299683267,-0.357935124026269,-0.7794657091496126,-1.0394155842661994,-2.5743154774206816,-0.16605723109435178,-1.336451566323823,-0.9260487271195935,-0.6471804560209364,-0.18956590111399765,0.23920784663296685,-0.11591042832090809,-0.2057479978291737,-0.0936145256374161,0.043589399385700736,0.6213764645315637,0.3091759577941352,1.359922327676885,-0.8043618487460996,-0.6350784211233583,0.028539534846260584,-0.6542040920278739,0.8537595264466801,-0.27204215372432305,-1.2145624385128966,0.5078455300669835,0.4895313157138963,1.9120892146862547,0.6924434383315373,0.005384597324285828,-1.0200096875343858,-0.30875644370386174,0.28670989169036715,-0.6114009884608343,-0.4116247732954989,-0.45629096872960817,-1.2765507612516562,-1.1461122696393868,-0.8201532820088666,-1.2224830384463383,0.6225505833767645,-1.3075990825485035,0.18803847122293202,0.10506768783181948,-1.025495442462943,0.6470240244011856,1.4359003560545494,-0.6740973553170655,-1.1320034311895515,-0.8705887314873698,-0.9982945382792389,-0.4136588774181395,0.6248184561553105,0.11274401326034167,-0.5618971371674002,-1.3170780513132319,-1.3512834213347855,-1.390131786962266,-0.2158433473806192,-1.5317005224460172,-1.1270581365069723,0.16408833835373063,-0.24978400725957398,0.20755772069758327,-0.614997289566043,0.13897325219442225,-0.23073725066177925,-1.2946802714784933,-0.792330349790276,-0.032381147276172036,0.4282785672501389,0.5908477628204468,-1.473539001220049,0.4544020945111855,-1.0410555753199968,-0.1791193260609673,-1.1049859575858183
"""GSM1539230""",0.7651573922265795,1.3391825754614088,1.4142425901814812,0.9453285585987257,-0.9749348845846509,-0.16156568725745912,-0.6662461876337963,-0.6558623712274297,-2.577003308907153,-0.11395479696772326,0.5215269500284156,-0.1971208565391771,0.5108594867897546,-0.3053652504197287,0.9594958898042454,0.34302516123107324,0.5447896166055575,-0.1452263136458658,0.5005976042899495,1.11285181281834,-0.8309837125473258,0.14414552708613132,0.6264340026240265,0.7498843186732141,0.9174730131246739,1.1289177775596966,0.3247346743987802,-0.11794133700081609,0.15756173088182598,0.40900788857879766,0.3634190411358741,0.785273824780862,-0.08163117615756159,0.6356040198097941,0.7456026313899567,0.2479874699583566,-0.021243402060462758,0.6509486591542307,0.7127354228090613,-0.5648607062221737,0.3728609088593908,-0.6177997079087664,0.5855597592644285,-0.7927414659008841,-0.516296616647787,0.6602662551616161,0.99748603547176,-0.20293770270201913,1.0158665689268094,0.21635897073919316,0.6961626173941173,-0.7966406815853735,0.27800126387023194,1.0667176693631004,0.5609987448414606,0.20617507248580103,0.6802227680287923,1.4829215256365698,-2.7077529791573665,-0.00866913983727872,0.25921001498563573,0.7083826050997852,1.2235608958207924,0.7440458004228003,0.26259052523725385,0.3158735175966923,-0.8949746056626118,0.6242931836736997,0.9214599042075038,0.8252267147473549,0.33924015272892843,-0.05706018177144435,0.1823471456393582,0.909071875507447,-0.011778887387702783,1.351452512575731,0.33965731967479995,-0.08828257014207215,-0.1252214093791969,-0.8432394232215893,0.31652287001844653,1.9868738155758643,0.5705700520234616,0.20551173562786282,0.6995854787402563,0.8246037394245083,-0.02541444169488866,0.22366224685134123,0.007903528827915236,-0.1380665552912498,0.742045316864426,-0.15439149874801286,-0.2961660466164519,-0.5452973739824493,-0.9452301894348514,-0.025337173517006362,-0.40030454241932933,-0.3679498186766504,-0.36511283291939717,-0.45359721426532823,-0.12625196313329523,0.3346432126415156,0.27572175278255107,-0.5386126353202972,2.652368756247768,0.4041414535975706,0.6378105706246738,-1.043864795693902,-0.6652444684118743,-0.40784866732148817,0.2343925284913868,2.7164453447135855,0.8406613877880009,0.02932888077609784,1.6262514177885874,-0.7059557108544287,0.24652230030732572,-0.8401277453560845,0.6108884599666436,-0.5471663740464139,0.9435793354398934,-0.731936783128785,-1.0989125556567991,0.508159625446814,0.6993041509880552,-0.5923865738052857,0.11175593633788142,0.7901132039383184,0.0339619589306643,0.46118690516726146,-0.6389397360857241,-0.37479207309326623,1.255598812387398,-0.11355549896605309,0.9762979522268969,-0.6334936317331955
"""GSM1539231""",-1.6853160906528242,-0.645198537333855,1.1607502671289027,-1.0186594490393786,0.7646967240993111,0.3114838322286222,0.8598423274501021,2.3458538043958312,0.5142562334138951,0.7511982862974396,0.8087363889230773,0.6940753175874346,-1.2721558020106523,0.6254647437868673,-0.7825114309412606,-1.0773057543658315,0.5745151861403782,0.7693025083402923,-0.9046190788264058,-0.9892692673450391,-0.8033918908262193,0.5348388349634726,-0.7664269699946216,-0.3892992324080633,-0.5824075697539589,-0.9737427011039178,0.06225423791799509,1.4724343912813003,-0.02329978820962626,-0.34972926612102784,-0.34370157408146634,-0.38665131912921963,1.2009524108126575,-0.6521706158193306,0.5748232099734901,0.24373844869532962,0.807116595983015,-1.1098851683809865,-0.5800857476780814,0.3766304008706704,-0.2833496767906576,0.8380777760631966,0.3684042749004203,1.133563233792302,-0.2542580589988113,0.23722157846076924,-1.1621869568072374,0.04435562535010285,-0.5250461082974877,-1.0517160923901516,1.0905565668377821,1.6755477867515607,-0.14517879714189877,0.5559180992174964,-0.5317694054328016,0.06399944257485177,0.3535640274061894,-0.9223185765581773,-0.3985547583088352,0.17619220943913244,-0.8294684030969017,0.30154559243494605,0.6510463615646466,-0.025708452299497257,-0.4964138389709898,1.047621809387232,1.5604923652056235,-0.6303636534104514,-0.0778168448163363,0.8918689992886897,-0.7744941959255368,-0.6990530596074278,-0.7423142935718725,-0.6513225630535153,-0.7716975159913325,-0.7591066144131414,-0.20798401770593497,1.128569617632498,0.22364202174728512,-0.4537859303493629,-0.13608959694232578,-0.17796162141269542,-0.9176635693379114,1.201055306118012,-0.09973486539475888,0.41142776109712736,-0.7300858420137638,-0.8020454747031335,-0.8612299846207858,-0.24811053271141612,-0.2684023295745866,-0.8581060183928588,-0.5137514680118427,1.7406643313540169,2.1047624900617525,1.0370016243927649,1.1452984532170405,1.350144614777656,0.6968771653256058,1.0087378261964839,-0.23313932763442802,-0.29328265142559296,-0.20020614618931942,1.6765748446624005,-1.380418044554254,-2.30168525860859,-0.15218901700421936,1.320028889431945,0.17831156600709447,2.2219471607373924,0.9169515899736842,-1.3507075850619235,-0.9564645018691318,-0.7242574567618356,0.5886191077044903,1.6938882541037783,1.007368602636117,0.6698192062172124,-0.08589728054086614,0.8432160822826397,-0.6450671423140287,1.3090069791682406,0.6241802394658731,-1.2480641052694201,-0.5553032307599501,1.6402428784473015,-0.2782506821255565,0.8461720564567053,0.17338627357086556,1.1164363856854647,1.098962308522218,-1.1918907621145594,-0.703445450691772,0.004307295868365559,-0.16804035311333215,0.5782351412229527
"""GSM1539232""",0.5690659967311813,-0.6609459235135221,0.8074207384120132,-0.9338534973120742,-0.18401201278663284,-0.46512998343457834,0.8751959139595615,-0.28727687518816164,-0.13294610658456407,1.21230700315577,-1.4759711741566885,1.1542010974880548,-1.4077179813952398,1.2931198875340861,-0.858746772815806,-1.48745703068262,-0.21498649955642388,1.1529182378467668,-0.7073065852652793,-0.9927677055142594,-1.1107976141293787,0.15368973269063943,-1.4650831612535637,-1.2419760571876481,-0.9921803765791469,-1.2009833054742256,0.19521155941133075,-0.5113464017211314,-1.0526703543668956,-1.7408542840466026,-1.7328799505624723,-1.2305751371990536,-1.055100730850564,-1.6278151118086426,0.6825835134720334,-0.9459483667441498,1.0247896588554308,-1.447520918759541,-1.4767047889330471,-0.4465676232593181,1.2952633521070318,1.2860601321244631,0.31821872653420286,-0.7245793568823845,-2.0727480738942172,0.4687075700655049,0.8073348828456902,-1.4653990092277254,-1.362959966023376,-0.8117221451938655,-2.295428400419161,-1.288188469758446,-1.9856396699363072,-1.0544702801095276,-1.6106542400711608,0.2758609701126395,0.6135688789007127,-0.9587531725907079,0.6812355531895841,-1.2950579952141053,-0.5618695605288152,0.5393721031498964,1.0298871153989244,0.8556771073456657,-0.8443842668115491,-0.8842679731306244,0.5920678444892942,-0.9698949060616598,-1.8697298323750355,-2.435127603777972,-1.2023450117788397,-0.8763296081767149,-1.0871291785708213,-1.1231838889293095,-0.2848202948591208,-1.1048433195128142,0.46424541405545855,0.07441185116435044,-1.3551769733333627,-0.48785808847339435,-1.363964433091482,-0.5451396542651443,-1.0229738845212948,-1.2131297282872902,-1.5524173248121504,-0.6437482203409326,-1.1207810818641513,-1.1928666688000926,-0.8789433168293015,-1.1190098641711363,-1.4136398985489393,-1.468442840502916,-0.7254680118884135,-1.675034399809018,-0.4508465640427256,-1.8191067844345357,-0.050946174393183816,-0.46843094913007166,-0.6218518453633984,0.009088125943543511,-1.0695513155230976,-1.6522541517404499,-1.8292001378695044,0.8707803450154683,-0.6978936669159298,-0.7947248806417365,0.8615432999410215,-1.168768966064502,-0.7305265685670644,-0.24484988765198157,-0.6726419657723299,-0.9170983442421397,-1.0422656659157175,-0.583957231352813,-0.711524596176678,-1.2818140741649928,-0.5690152796589398,-1.8531352281065412,-1.3344559327366825,-1.231978838167651,-1.6768993612922865,0.6530714820102521,-1.5574308291431962,0.18926067125303173,-1.3010881410067052,-1.3666854168881002,-1.4132030636030248,-0.1479265312185431,-1.301174685387531,0.16606232534501822,-0.11625791762040152,0.06475455871339411,-0.4384923164848689,1.2541200348543204,-1.9426167125661584,-0.6498846645737795
"""GSM1539233""",0.6061262163389999,-0.6856006760806865,1.3005508344609422,-1.0045876727184186,1.1402258594534653,-1.003652406399922,-0.24574102783369,-0.83370815033443,0.444147286156329,0.18469460775409896,-1.891258748443569,0.40859333860281627,0.27859492122247226,0.32866890453778863,0.3166142082012168,0.3438760075851912,-0.9503824372704387,0.39939057842497466,-0.05097480336838496,0.43803190177123896,2.502096408959577,0.5689779834479983,0.6610080010784707,-0.18050675323883503,-0.19878642161843207,0.46106930472736635,0.013565237769412618,-1.3055822367455256,-1.7890516824316314,0.2105822892807087,-0.057267323169997504,0.18693875644584276,-2.172277995415351,0.5410691107726907,0.5159950769991704,-1.1423643670860717,0.4713677018689166,0.3583806079973333,0.692060530272105,0.11754958478229917,-0.4553653922714602,-0.3106486112346234,0.5924500447070529,-0.7138666874316739,-0.2234219267935178,0.6409833611841296,-0.40413977210281943,-0.23676817152787205,-0.1397762294494389,0.019032611264000302,-1.4159992536287518,-2.156903587706991,0.19950205817608327,0.7058938560797646,-0.0021831178381261974,0.19215609169143594,0.13414752672130342,0.6561280129345275,0.08627966401841815,-0.24058042573014918,0.006432887500112215,0.6042082403549511,-1.243472125182159,0.8905432540897128,-0.1140743295098545,-2.2300326839567357,-0.6795766325771718,-0.3771266662541744,0.0459782335450982,-1.3948756571346288,0.08779763393807859,0.05758038512103038,0.011568048394679276,0.6943475881203216,1.162126554471289,0.7290099014942303,0.5436877055950137,-2.2534620125304556,-0.12162448699104485,-0.09952283906761596,-0.23987185718934112,0.19735310819080704,0.33674657897354715,-3.0956887122448227,0.7362386252419744,1.0649292835448354,-0.14796983215060355,0.36452692882514737,-0.4413351960950981,-0.37098877676293596,0.39797596075933617,0.12528002390044046,-0.3683026598362032,0.8024086294746885,-1.6606815725063904,-2.140424560729173,-2.004499688555925,-2.578822523736076,-2.065851203549322,-1.4994892683517065,-2.8300585161356215,0.1853081863061861,0.4785167347034769,-2.2059614047925544,-0.9138338986258002,0.046263351432982956,0.13114543318386543,-1.6075218451518862,-1.8826433450847946,-2.214938305869953,-3.0319846198508857,-1.1634820313104501,0.7306714225005362,-0.03451452179613411,0.6436507696697502,-2.474292646823676,-2.5252890563134436,-1.8802889408166514,-0.29130468154542644,-1.3249909973040868,0.22654179880761904,-3.5841234460493796,-2.355131136865498,0.012621300931550228,0.48939774075133574,0.6931212670209008,-0.4366846894797917,-0.28115356266527747,-0.9351194262805947,1.1042617631184368,-1.124494540129358,-1.2815562041419546,0.6755732278647743,-0.623339087275261,0.3280714489808148,-2.1942052959454923
"""GSM1539234""",0.5420459092418549,1.6198995138439312,1.3648450521969322,1.0988673446921413,-0.2115480164844108,1.1022257168806735,0.49504412529860164,-0.8211348410902917,0.7127205329625057,0.6069573075527972,0.8549238445720583,0.666700948121856,-1.1589206462069104,0.535476430583376,-0.8927042936089701,-0.420508536587583,-0.9450614876623991,0.7401345700895307,-0.6143134391846757,-1.4297429818837657,1.193678065270973,-0.7422028435649595,-0.9757218321069753,-0.3156508815499836,-0.9602114212798701,-1.3325485512922288,-0.09047620165420714,-2.0238124856598265,-1.5117022341984336,-0.29175575958301275,-0.17866224071931638,-1.14401635053304,-1.6772307026975677,-0.6909524882306659,-1.0769333042635638,0.5350075916725479,0.6313340817009289,-0.8639722099235927,-0.8092596135203576,-0.3308549197497779,-0.5924614906620493,0.28707112240099764,-1.0386179725125986,1.3844812510349462,0.5727483293341561,-1.0285775618898392,-0.8720273545996889,-0.32702656578227896,-0.9670891155653221,-0.7699160514105035,-1.3843193227973105,-0.9274932452629807,-0.3643834034022509,0.660693216564482,-0.5536894633884882,-0.8388104519922406,-1.1666546226667058,-1.1767393832271307,0.4368072186255574,-0.23240975460365706,-0.43047021101287897,-1.076110400941221,-0.9970464414168158,0.7999840921791526,-0.804904612708483,-1.0693883434928058,0.9217438205187689,-0.7103245396198198,-0.7382581979364167,-1.2287592933823348,-0.9882512272690352,-0.28447828966661326,-0.8134046590172118,-1.344302702589218,1.1191241571427206,-0.9760198533127337,-0.04876729034435975,0.3863246129488662,-0.6029311344488336,0.9063086234274794,-0.7689942397656728,-1.9090266133736729,-0.6722157380624925,-1.0155327478603966,-0.8696895978155107,1.0478586769353475,-2.242882262850013,-1.043178592626024,-0.36062010962923946,-0.07816149796955991,-0.8384658537172088,0.08609667648682008,-0.29644537160928636,1.0322426908302247,0.9092419970360753,-1.3136577099382363,-1.1928373447358456,-0.25013845088825276,-0.7014148073525642,-1.4476947096221149,-1.3529628960742572,-0.45842180487139694,-0.29136522406140797,0.6070857081495504,-1.4435819137345094,-0.9325196308534142,-1.1942262460042825,-0.78458140872814,-1.1543621674518698,-0.03050188805643006,-1.0263267876987685,-1.3221122949162898,-1.0479698938958917,-0.6187137562855317,-0.02773480377359802,-0.7192925433157943,-1.6255422481680184,-0.15351889884202463,-0.41390751928854586,-0.6282924730253727,-1.1934755419557508,0.048522126969691125,-0.019884623147044072,-0.5640517279698187,-1.4054051538474672,0.8788649451959953,-0.5014410966730237,0.4798935690977287,-0.15915155672593942,-0.3222586269952785,1.5960312223407314,0.5045896460316601,-1.041249917489541,-1.0807148679122112,-0.9804751790422181,-0.636497542691606
"""GSM1539235""",0.5690659967311813,-0.5962142897029022,-0.7538177863965946,-0.9159233191811434,0.3279044989539653,2.0981679066527996,1.0115385475953291,1.3103706284850198,0.08088405919399147,1.001423506771497,1.731628383990498,0.8685320091485546,-0.19007813562043932,0.6734207991720271,-0.21976724228702252,-0.9363967360754909,0.44688291675284725,0.7017291267132263,-0.34222820676301563,-0.46163213956721755,-1.0902251832333731,-1.3937541626953716,-0.657364878789117,-1.6927805394465127,-0.20975568937405287,-0.3415348568005342,0.0011756740373037484,1.4743769609537167,0.38535852725245784,-0.20769999728104396,-0.6385228125684749,0.3262343496724837,0.7909193435015215,-0.9716519973412061,-1.2981131475784375,0.04228903453958475,0.8486869620186891,-0.9749610256888319,-0.9971651662297408,-1.1085099973324042,-0.3686465931721159,1.5540962768579722,-1.1143834618164077,-0.8785386742788126,-1.1339700155314647,-1.3532855391835885,-1.4839563536774,-1.5988229630718611,-0.021751127319931306,0.1281378249888509,-0.04143306441466053,1.4513240624470256,-0.5956703823143298,0.89071256129501,-0.4659590975524447,-1.2988073435306582,-1.0188031931318793,0.06453543612534239,-1.533943640480894,-1.0692638290215573,-0.832658826630856,-1.6012990120636572,0.6906069754766186,0.8339425278860574,-1.1342000548880438,0.850604715026601,0.6750405808699532,-0.7603854128294998,0.017340818190282825,0.2564378065843322,-0.1255121258065294,-0.84936683630712,-1.1733130709545017,0.36280133378437074,-0.4019641520765448,0.19076846875902773,-0.5725485344448995,1.1088014123651833,-0.7880722446109703,0.6418520628864472,-0.6947833518823754,0.956444619921034,-0.10998229454240517,0.9204063946862743,-0.46254754716304675,-0.7211470704373232,-0.5846492544801899,0.6585558255947134,-0.8342863318314505,-0.5767983760542821,-0.15945883201195749,0.6430213635307682,-0.588926467231907,-0.5687928419745076,0.9385002024692505,1.2363877319214174,0.17828403199953718,1.0462115867248543,1.160778101790007,-0.2238517731328831,0.6120812261923754,-0.4910324966221497,1.0989688230164267,0.5599019686197693,-1.1295640142242938,-0.5773153193115691,-0.25916357899016956,0.5965212885528363,0.9702715493369642,1.1099364073470412,1.7318219071633998,-1.220200048573633,-1.0255137253453475,-0.36599334921116683,1.219142349620692,1.0483308343634241,0.0955831756126317,-0.09761290807772505,-1.2866427304661237,1.2890715272464037,0.005319590083799704,0.9433329061024809,0.21938562085746266,-0.8493181541826497,-0.08072641233992789,-0.3513245518099933,-0.6632064572357573,0.9445114486713223,-1.8200466556714545,-0.7775284744712484,-0.7443704364369014,-0.24803117309435296,0.7050541214607611,-0.25915675857094717,0.700592322208768,-0.11186009521727872
"""GSM1539236""",-1.6965296894613027,-0.6247931550055925,1.372351084137406,-0.9717832829844399,-0.24155529319964272,0.33884319852828243,0.1329083193193556,0.31887661592133026,-0.8588293501835091,0.5252767893365038,0.7122824412869005,0.6826393540134669,0.1635184480718364,0.7096127144636858,0.3093514758347342,0.02940986561255562,-0.6166037539696895,0.6191958842745909,-0.23570731727967725,0.32266975011884347,-1.0739989247482917,-0.9825000738533631,0.6931296542119302,0.144781405689595,0.21372627586572931,0.3594034178411881,0.13712768143094728,-0.6470286270923676,-0.4447281559442465,0.1779270359837328,0.07200182964464534,0.4523793898802143,-0.7176043827044688,0.3128282333462528,-1.010064457070478,-1.0633623175077256,0.5627999938512972,0.32043319181181135,0.41201137445921654,-1.0676133609474499,0.21941560428932044,0.40186868014280497,-1.1269394611070496,1.7326923380873953,-0.6767225441953918,-1.0916288183718632,0.1292500832477959,-0.41948834582664357,0.05862265255623437,-0.19186782757114962,0.27762858817967373,-1.0422896982065761,0.32112869710361264,0.6107171706762742,0.14721905416641654,-0.7319183760014224,-0.907959540633999,0.5479285923931686,-0.05400798888011748,-0.3685875963790851,-0.2394316626914949,-0.5938846311851472,0.4056065194556656,-3.092251916646308,-0.1776166302897819,-0.622204656900896,0.048673053511924996,-0.13100319638662997,0.18014488993889471,0.23007716029789607,0.21533848312654832,-0.0814016501309252,0.30507597773787765,-0.015422304390243457,1.330148722252606,0.8553376682767767,-0.05759542637299652,-0.022738871233728114,-0.5392558831225703,0.4586903389309431,-0.21128302158469145,0.6515163741136765,0.19557463994215027,-0.6660309551984196,-0.7319795860992591,0.4867682950344988,1.6899560013442043,0.7972657568354227,-0.07515486850846961,-0.6757227417630673,-0.021625018815970422,-0.16165416480004838,-0.6227890929777006,0.8073943379625391,-0.9571214370839846,-0.3786145084086752,-1.3112385461885272,-0.5498769895783017,-0.5811937827298129,-0.22556611088318262,-0.077546229065955,0.5196911691078255,0.21774788648275897,-1.0216368072265947,-0.6399400987782842,1.2290769319305948,0.7765497778373941,-0.8493286671413351,-0.03353110467468562,-0.4331657285541052,0.05728804515652832,-0.34155598347299276,0.7744435974203555,-0.2254781783275499,-0.7037794728959794,-0.7405301683837792,-0.2963077378678858,-0.5395986117095053,-0.5572944196003039,-0.7383911149849159,0.33669701527114015,-0.03638104000029195,-0.09898717074501662,-0.07846482317944839,0.4994348757230643,0.751491615298721,-0.6319243270200428,-0.2761457072148104,-0.009397107616876257,1.3228425558359818,0.3744523355973049,-0.30345248545979114,0.19908689792721931,0.2811699150789837,0.4820191767145254,-0.7784084106043606
"""GSM1539237""",0.744176547232922,-0.6981431275767147,-0.6461007839308929,-0.9046885276229126,-1.5525519151608547,0.4968492284621471,-0.762411911804672,0.5408446292448035,0.2957138221446458,-0.4208605637636374,0.8038435355803445,-0.4182799649237548,-0.46904116215058883,-0.4113231893723899,-0.6364469064958044,-0.48520269636313107,-0.07050073823924428,-0.43365172951828057,-0.8170952055374707,-0.7693982977763181,0.0068972528530314835,-1.2898920393107967,-0.9819942591248605,-0.5249793889977569,-0.5959208034060973,-0.8436329144545066,0.0762705064420696,-0.9394183479435523,-0.8187972496950604,-1.1715095358493037,-0.8370030507669942,-0.753159344214269,0.21161659045409195,-0.6995759385567397,-1.2121076862698985,2.3505023056216494,-0.4221634826814573,-1.025665795950366,-0.9006718025469762,-0.9141924955143905,1.8753924881702921,-0.4179322803943821,-1.2626477539937777,2.478338121990359,-0.6859513426296145,-1.3686155936913564,2.0051622730958485,-0.9997262431817922,-0.8493940122130996,-0.08188317503347492,1.2395634675226213,-0.4908351830665494,-0.5035021332782923,1.103656545307255,-0.8426487634713189,-0.873508842860566,-1.081061991820948,-0.9248696751696223,1.7014567998290755,-0.9713068782709346,-0.7660011656907719,-1.220669159628062,0.4387375715708609,0.3671047542070584,0.0071311349820824795,-1.0740954411996968,0.20349063700541273,-0.5848797018957338,-1.098162378496307,0.835879041400218,-0.6990872391602876,-0.686662728588081,-0.6177541917696995,-0.624237433464844,0.9464354413589592,-0.669994421417525,0.3852892956426949,0.06630097837969547,-1.1005078860554423,0.8343941863615869,-1.0946017381536948,-1.8490185530838203,-0.6117756165506768,-0.3747747336136122,-1.0788555463258296,-0.6087995226523637,-0.7185226377132315,-0.23813436039922672,-0.760817794038909,-0.8024986248720463,-1.1097093183091415,-0.14403369193594606,-0.618174965649431,0.4491701533797061,0.9547727690135496,-0.3062300441032777,-1.15654720504665,-0.5082284168163965,-0.48471621923310637,0.37223618380071777,-0.9439464630711721,-0.6352062201624161,-0.4249665938761462,0.29098285905804416,1.1078504749621125,-0.9791329956287018,1.1541338099220604,-0.43350065106045116,-0.251831046917543,-0.14779568669420595,-1.2374648020593948,1.2889799909098665,-0.5281346924430459,-0.7344857900600336,1.2135710642674908,-0.9158745791130721,0.07895446598641045,0.6053167337068026,-0.9361347113713265,-0.7484241948639005,-0.8638946843754678,0.16464107156584712,-1.0279292739015393,1.95360396214878,-0.44789114768383037,0.3451017055082079,-0.7513590083225034,0.3080166927935575,-0.2689187209958582,-2.3056082192536445,0.3658106215051636,-1.485151814944292,0.1513233927913393,2.4793228219438634,-1.0845706140479643,0.08077438845031462
"""GSM1539238""",0.5473183160033335,-0.6636410600741977,-0.7896860580760748,-0.8734197390263732,-1.5376756990533655,-0.13286554673200401,0.3979401541463756,-0.6085906111819246,1.028162272194755,0.7742684502641755,0.045424119901722515,0.7955563396554213,-0.03965052023865974,0.8241073762970473,-0.16245852252771417,-0.2009909796107976,-0.9840225663965968,0.9115810163867711,-0.3440004650971572,-0.03910128977395783,0.1662760373317607,0.6696511970426922,0.4406528635109875,-0.03650650340828343,-0.0947067004359897,-0.07080644748791617,0.0086718717959483,-0.7851915775342158,-1.0280513642591271,-0.07357803558484345,-0.1443313234506283,-0.3800426616389243,-1.660107991350162,-0.029453585876304502,0.6647757671396142,-0.832058158017787,0.7172351406571547,0.34420940011079293,0.30444935524148975,0.23402460275052547,0.13422323775144132,0.5974172820949135,0.8780821704461581,1.8680129934514504,-0.40434148035606077,0.7986182364218113,-0.29630627647747493,-0.6648188638713365,-0.22053892324825444,-0.6528008227071821,-2.131771720181427,-1.8122027371173368,-0.20723720890852307,-0.8947550620794792,-0.18556945556920884,0.8034889155910875,0.7141018064243156,0.5595557281767275,1.2654619429486638,-0.3997417664821191,-0.4311754866983459,0.7365122681158974,-0.2927679601158843,0.9075347355944,-0.5618417439412211,-1.1628294598288487,0.465710182617889,-0.6773159196161332,-0.2227087571294981,-2.0736304203236866,-0.534584599130786,-0.34995471501099207,-0.476493430003512,0.18173051799819018,0.25994175337057635,0.4906972740872237,0.8683419072652404,-1.5610020231144612,-0.5280280358543544,0.16853096123886802,-0.40894980382609,0.6384006074605117,-0.3236180985471207,-1.6125032219525528,-0.17378924824894812,-0.5642472265449924,-0.29669054572975906,-0.4851482129387684,-0.5358563692604661,-0.24561561698892956,-0.43075973901986314,-0.21595987537442993,-0.5732991133515642,0.737506831751175,-1.6847696649329311,-1.2843696222038032,-1.3695945303454893,-1.5922454858342387,-1.5091315309907039,-1.1850269833338942,-1.0695513155230976,0.08317000296963838,-0.1492346972378852,-1.2479597513021654,-0.5035839224832043,0.002394107609976428,-0.40960063842214606,-1.2901915395563046,-1.1883931458956045,-1.426768559651803,-1.5849072301801814,-0.5265643254322006,-0.49295305826892655,-0.5758485129587455,0.5999813116039494,-1.6180329776159186,-1.9250140930714332,-1.7150276771614925,-0.5023965862604217,-0.823837458990491,0.14084997406190547,-1.3355591278828836,-1.6759423649044787,-0.3891922835400831,-0.12516609644484586,0.8056603111344669,-0.43518857255980825,0.933985222841546,-0.5131091946399842,-0.18524836477161752,0.4381270830269654,0.056057376560932085,0.12541509490579797,0.6807399191593994,0.03102346114794582,-1.3003734110959968
"""GSM1539239""",0.6331052801671379,0.004346243460737741,-0.7712272021385173,1.0416698919548735,0.6145197263286185,0.3955664961160171,1.0540612866829862,-0.9645757515249855,0.7127205329625057,0.8942364310036345,1.0183895557853668,0.8742204819713097,0.22407501376178882,0.8487945882035314,-0.1754652497301336,0.0507713253913727,0.033055713874009955,0.7956307006073788,-0.022822166358340817,-0.07873534566568319,-0.8081828213245034,0.28923500649906014,-0.31759600683123124,0.7245231528482821,0.21676712218145322,0.05871009108273088,0.24821149293041206,0.33987322207358006,0.060654859492153684,-0.0761869802427633,-0.03416610667695495,-0.13317052043380628,1.0115641466811929,0.2145783744859725,0.4266062358077677,2.472151284548158,0.8020005565490135,-0.11848952442743238,0.03118022519319322,0.2480866046115738,0.37229991381320043,0.41980476184097204,0.412070915571271,-0.8790736255697077,-0.31047592827943005,0.3389925007473377,0.5230121898180176,-0.040323288245967585,-0.035612934622478394,-0.16793821504120562,-0.0844603288275812,-0.0925186254831613,0.08461983414496566,0.2505027600487397,0.05087426628834491,0.5097163396500263,0.3535640274061894,-0.16390471862864045,1.3020609175308833,-0.29836962994849175,-0.08461785586787696,0.36447565264939463,1.7114111415101847,0.14523623263118243,-0.43035349055007777,0.230332257938935,1.230774194446251,0.12322847335227927,-0.02711465189561243,-0.3293972831468372,-0.45745240819513566,0.04632273087686197,-0.24719037351034162,-0.22450976386049304,-0.4251447675606482,0.011263523230332428,1.1178915508588119,1.1491024864377726,0.1861689620848143,0.2227050437253338,0.06783714886642976,0.6194774938429854,-0.2945936268668353,0.5994634925828987,-0.6526069725818856,-0.7792073147590987,0.8985996210385603,-0.22338948811399315,-0.3783014137997714,-0.12731193586212322,0.005856906052667369,-0.13977305638178508,0.28237197882079995,1.9290514940010388,1.2889740392839493,-0.21956240649315695,0.976010392871522,1.2086451776941216,0.3072252476607074,-0.8749790342238695,0.3203634563560038,0.2140424046270852,-0.059953950117555325,1.2775051101615407,-1.1053614094500135,-0.51770157811306,0.8657024727221181,0.13243110070606048,0.3106184502666638,0.5808111584184189,0.6266144833421643,-1.1169822811061807,-0.5241358097021699,-0.519797521374263,0.770164952271509,0.7259257262383103,0.6879765715359685,0.7456865851202533,-0.5108139447077888,-0.3282453409144328,0.00811480553333962,0.28675525088830073,0.24393446923222237,-0.11107539721730382,-0.3072632595553993,1.8130538128617955,-0.036416820553991765,0.2625606024386509,-0.19413427034582242,-1.0818275301074356,-0.17516370360321928,0.4531201052277146,0.01633774121839604,0.22818798837439633,-0.06412443377973137,0.8911070153423665
"""GSM1539240""",0.4818326355386439,-0.5876924497503625,1.041658562641954,1.094226759580575,-1.4418200358356246,-0.04345764476660847,-0.3269202724471016,-1.0146155884536745,0.6496665653410073,0.16022980974762557,-1.6440784218943065,0.1476561267519383,-0.332562712738453,0.1370424460884025,-0.4659312718021562,-0.5420561823788789,-0.711111690500821,0.08332024205101349,-0.7938025690155869,-0.4096248513979229,-1.0060216497696914,-0.9876006396704713,-0.4807953983078145,-0.881309620697042,-0.5757407427047444,-0.7109571228973599,0.1641318139843067,-1.17732061715675,-1.2452765256087996,-0.34611209498734913,-0.14682929198357847,-0.5710027103350748,-1.6579051115234589,-0.5505549039026544,-1.2332544078729986,-0.9608834202947317,0.1918655829162924,-0.5323428366082397,-0.4644827346281419,-0.9648236240803614,0.2087798104443457,0.08825386405788653,-1.2824576245684383,1.4706795682313347,-0.6454090561089293,-1.233882720741758,0.11592190765968385,-0.6803955725616871,-0.6458086322158427,-0.35976926673569676,-0.7318544960078553,-1.1755120468341522,-0.2468865094431003,0.31160567636604897,-0.6087476601205728,-1.2958955051956746,-1.5895746798549435,-0.09743305008880321,-0.2863713912657659,-0.8605593876091934,-0.45371810136500024,-1.2413886904040219,-0.3271997917626863,0.03684950726946358,-0.3654691996182418,-1.5468867784106102,-1.2835402859471832,-0.504691093701877,-0.715039274625562,-0.7519222491850294,-0.5405113602843507,-0.3859423550585522,-0.6279193662219938,-0.38015975456244444,0.08712602401235697,-0.19282088350147394,0.27653424568983104,-1.2523462355132706,-0.9891021022335224,-0.4081631632370079,-0.8057050773469228,1.0877605774533279,-0.5224077911160923,-1.4653735747368621,0.22471406235092883,0.4862836864894122,-0.7921605211869902,-0.8734281808183516,-0.4413351960950981,-0.6628990545233564,-0.5836144226746217,-0.5013744176518087,-0.5839952556203808,0.5758814024465014,-1.2012538756086137,-1.453716647819366,-1.292621718814744,-1.2131294193957696,-1.5186705012658903,-0.2685668884623212,-1.2706745123996965,-0.18786210864884845,-0.4891951709568731,-1.2947389051076998,0.6701965644143439,-0.2395279003730396,0.673213226341262,-1.1006276018189862,-1.576086753586419,-1.6209159909883537,-1.9932938042840014,1.0965389592485175,-0.4139960063729218,-0.44304193843781364,-0.8399156268895991,-1.5656445817169757,-1.4002154894472247,-0.9231143733994315,-0.851209844519694,-0.9806917655947439,-0.4330540271653795,-1.5296875502850635,-0.9295804597415509,-0.29165251196483066,-0.36827471564196435,0.6861404324231773,-0.9865253497888653,-0.6263899118792181,-1.0130345671599172,-0.27539635892270764,-0.3934308610017825,0.43114068612153017,-0.4647936835904349,0.1895457544695169,-0.5068968487741934,-1.074388283536527
"""GSM1539241""",-1.6419046783908589,1.5498925177502316,0.999644122367181,0.8838241981570437,0.8034954144763576,0.9918490049089556,0.5079704919946575,0.3060595893894269,0.4421215330714469,0.485943063418614,1.3105114914264224,0.5092538598623834,-0.6774329893699652,0.5679783715019813,-0.6855455945988882,-0.8485503328169638,0.41976147845866557,0.4325407340619733,-0.6162730849445719,-0.8876351857726898,1.5639867293802634,0.4947006098825232,-0.6548153190255123,-0.8524592044396341,-0.8257691070308272,-1.0717677914045025,2.461559627095627,0.05275187562967196,0.6607967689266516,-0.3474816041635262,-0.406580763728232,-0.6933454356747412,1.472566795273674,-0.8478061838470368,0.5398222147553621,2.367546159518522,0.39540763842875876,-0.929179379943487,-0.8455508769076252,0.4837577315848289,-0.4999293292250601,0.05900281211292211,0.6336513016741603,-0.7511202844564083,0.0069279663525651704,0.3021928867692199,-0.8092360025876066,-0.6552134996693343,-0.883229516742427,-0.8244937161695426,-0.09240642008903228,0.4822608673496126,-0.23698558284432117,1.3691409730455113,-0.8997233247363156,0.49733429691375797,0.0787510108154304,-0.9577895034139847,0.263077813024676,-0.7143831748352177,-0.6606855813974704,0.443927757665257,-0.8010688653688874,0.14388566437382722,-0.3490073685543083,0.758091395277582,0.11676862035275452,-0.48270078839986275,-0.8191899262574914,-0.14080706249299715,-1.0245122218448286,-0.7793259311571115,-0.48002264513490894,-1.0848516028932882,-0.8144869881779773,-0.5084296510007883,-0.22748154400239096,0.5059664990320168,-0.6773994351589445,-0.2501812696073497,-0.7244904990793992,-0.10211657142385547,-0.6649770219625704,0.7942527184337782,-0.8060306144116751,0.16611286380363835,-0.19063974147972304,-0.2612319856427895,-0.4576042337884001,-0.33963630563693326,-0.3808001053246863,-0.8113454325644537,-0.25172448118808083,-0.5489668431392635,0.5804315335288809,0.9004007510009526,0.8629158124917263,0.9244726115158334,1.0720961245353466,0.7715267943386946,0.9303802997627952,0.2858396680130916,-0.024778802328444743,0.822075566759846,-1.0735122758335855,-1.926487124910946,-1.5516421719140086,0.5618787994759606,1.3466758396861167,0.9658912423702699,0.7695522554837735,-1.1761172310391095,-0.9330170155904057,-0.6662118252927047,0.9903508562958633,0.8130596901992695,1.2404469404782494,1.1951437961015725,-0.40631243395863165,1.7900629283969534,-0.7269485179036395,0.7501251772454389,1.3441410778276808,-1.01911802736646,-0.7269732362860695,-0.6883807519512404,-0.5133052022733642,-0.18046805840927158,0.30505318864852254,0.5919310289471221,-1.7999940192330721,0.8890448247722447,-0.6833947231233609,-0.9806740922955913,-0.6056225837309046,1.5719182965561267
"""GSM1539242""",0.39785431566091334,-0.5755654093204358,1.2364540743595342,-0.9702060999521636,0.7782253256607935,0.4459974018849978,-0.31643414620554833,0.28123397380646376,-0.15708059735129604,-0.2015606222461498,-0.4952041201015472,-0.28032153696531964,-0.4145318517628023,-0.3246929095343744,-0.6322787052118768,0.03651168053687406,-0.5543482595356976,-0.5017622399246449,-0.6424909971465124,-0.5754019617128731,1.1539883532293083,0.6103759935623054,-0.062092495438953545,-0.4473813149629794,-0.7234420343689182,-0.5352783864289009,-0.07596880223161026,-0.19691063102296288,-0.5538487980301284,-0.5859644914798664,-0.30638698138230885,-0.36693547080487937,-0.45685536644447555,-0.14921871164696188,0.61172885609057,0.5790335313817212,-0.29713934123229807,0.17231503955045013,0.15630144753848244,0.896946156024718,0.049507353367335985,-0.856968610391096,0.5755664476862627,-0.964721049528092,0.09472181940728959,0.6015535434053577,0.42455697232860484,-0.2966427614793739,-0.2967461429034199,-0.4397760952566492,-1.3843193227973105,-0.02095829614173569,-0.21997554752196544,-1.4003573528006548,-0.4688883237373389,1.0660311980844697,0.7703244055621565,-0.32695390845479033,-1.1092321825445832,-0.428882767786308,-0.708451783845431,0.782909924134025,-1.0080416544287218,0.9652513698512369,-0.48228893590311417,-0.1387132535156031,-0.13859078897365928,-0.6348591246189055,-0.5767679031379599,-1.539320383146997,-0.802823740155926,-0.41110409782368057,-0.8031655347533169,-0.7804555388095948,1.554162947500484,-0.3577588972704905,-0.5946223024204481,0.6285689437521956,-0.3811379598772014,0.7153236711220265,-0.4761219023935618,-0.8926270743963226,-0.8385670369559064,-0.3827274677145319,-0.24260749512708177,0.6038133158767406,-0.5697783001640386,-0.27923466722678425,-0.4350334627893196,-0.8688999388511669,-0.47306722572745363,0.7499792908783693,-0.5954999982182914,-0.642411575398384,0.7412391577320588,-0.33827760126219547,-1.3162297481859135,-0.867932526169168,0.018823419786665213,-0.16956929625732212,-0.651664068660505,0.40163444111662683,0.5764388327400313,0.6980744141792763,-1.1345801121470356,0.17660345130879773,-0.9208062814599745,0.06848673517085835,-0.802399716218863,0.04534218054122377,-0.1417315868086195,-1.065551104292055,-0.31917064989411503,-0.5625566560927835,-1.0773752161933439,0.05978563868288801,-0.7365130184885463,0.9132946765519249,-0.899453404988852,-1.2090467814026837,-0.4672574395590143,0.3075686944312081,0.6538566673768728,-0.16392275214092802,-0.7025527788239893,-0.5402197998150932,-1.0959931260373765,-0.8133053228078141,-0.023033859667945113,-2.2659737734159515,1.0142396334472379,-0.8545863106045578,-0.0644102801554186,-0.6814205403677346,-0.22523649424555767,-0.6504436657834376
"""GSM1539243""",0.8061532806098104,1.6959497315265621,1.1793179563087475,0.9628269644729351,0.8939123646366087,0.5806262681132092,-0.8548622520294805,1.1335046413910737,0.9856658880196226,-1.4892289204483764,0.6066009176204407,-1.4774663629676177,-0.4654720517413886,-1.505323559575795,-0.677198667398894,-0.5558230018612671,4.20301509521735,-1.6151138310359283,-0.4857751996952416,-0.6046694893262909,0.834380361138309,-0.5936684414032356,-0.5446427090220726,-0.30525605449442306,-0.7554502176267351,-0.6964994924689935,-1.0513258049186789,-0.5716320478970283,0.4020606244651232,-0.6343058514843474,-0.5196932849007249,-0.6459490759283054,1.3751993448251818,-0.6203609799559134,-0.9230121584579108,0.8972632849742723,-1.5706905866327425,-0.547296957614553,-0.6037027159523279,-0.8589562021290815,3.3280600724518146,-1.3899330089569069,-0.8567085688538025,-0.7112309265448452,-0.038476076816378046,-0.9675814868048634,2.6407828247981167,-0.26949785164724543,-0.3139678352720942,-0.5145427025072743,0.6046939190058822,0.9206322237074334,-0.11871495113006286,0.7885667449965053,-0.7505614895924995,-0.668377643200346,-1.0351878285045677,-0.410640139338305,-0.6428295725156784,-0.14027844919606755,-0.2805671420242719,-0.9328227611176688,-0.08459914770223269,0.1208252240313226,-0.4044321752404748,0.4880253866631611,0.05952993080883407,-0.5925749322581171,-0.789510569547121,0.6317688832270504,-0.6521166987344671,-0.7796307360667579,-0.4307373632515169,-0.7765886428949905,-0.8969936862142541,-0.41127411982034934,1.1364059941632576,0.44091954810283157,-0.20798455996873388,-0.630608414457673,-0.2531559558106515,-0.34755835565488696,-0.5538956637659342,-0.12730114582844113,-0.4065275313666385,0.5539065542850303,0.09792921583133894,-0.21425035540180634,-0.6014112488852683,-0.09711738288613699,-1.0316000308028825,-0.86562204431296,-0.41759365735466936,-0.505738841073156,0.16237228753823177,0.5062749354666625,-0.6193906371128287,0.8327857452595966,0.6238039513007572,2.253121508178415,0.47153727170940657,-0.454402619535482,-0.3531781799497284,1.1415585239459782,-0.5732643863518867,-0.6347787698453653,2.2685500468120368,0.49430370419696734,0.979069981996589,0.809553546629682,0.18297838463748634,-0.709252696779,-0.539388519503579,-0.5890175269013134,0.11358331973449798,-0.8839927111096174,0.6695691355496624,1.0986485149131084,-0.3060452423326525,1.0075057875252948,-0.5130788376152626,1.315949245927368,0.5394350656292881,2.971221930290856,-0.5774087776965395,-0.46607967209960843,0.05053672101353572,-1.245939525341041,0.2162194833532725,-0.9383353961048465,1.441642365827896,0.8701892222631054,-0.5754547887130778,2.7213058795032143,-0.31531710990064454,0.3099494129221119
"""GSM1539244""",-1.684371539047777,-0.5890879959246141,1.1784644412000225,-0.8931761362984725,1.5499906341101006,1.5209048250440735,1.5863429156886477,1.4495149879809974,0.9804209696133565,1.3463486599874768,-0.4532248723614958,1.3305798035975012,-1.037511278899894,1.3382027951566682,-0.9045399591768732,-0.9893858348034369,1.5218254132019684,1.2915945108257063,-0.7018966400431708,-1.1946419591333939,-0.044385836524173425,1.0998042844154587,-1.2952675152157294,-0.447007037103508,-0.792198464196519,-1.2995449095069027,-1.112934700913801,1.663983202902145,-0.22225624788536263,-1.1138607639710916,-0.7761778940047479,-1.207936328127135,0.4990852380156836,-1.097508569849997,0.9930573005698221,-0.6586018719515488,1.1717099124666557,-1.2638544791347324,-1.0755174523758881,1.009957949583834,-0.034405701447525305,1.0864848839909738,0.9958484476219309,-0.7215629981052962,-0.2157811548869746,0.894284119547216,-0.5703728322382726,-0.6648188638713365,-1.3485037389373842,-0.9253019866738958,-0.1106531838717053,1.0523995817202338,-1.6228379839326557,0.46470424581978337,-1.1552312319222648,1.2071741378643746,1.0607195551227455,-1.1285383506734228,1.2955059980634125,-0.5801746130707803,-0.946635743580121,1.0984088427275072,-0.37034156536763413,-3.044093776330812,-0.8833388311480834,0.8960608664910237,1.7102199695350273,-0.6531867257524706,-0.9337662169738553,-0.09169225260017888,-1.148554496256033,-0.6031782112198432,-1.219055921934695,-1.4389736379825773,-1.8756989030968865,-1.4348894127436405,-1.465527370997047,0.8310805958660888,-1.0169159456809085,-0.3816287434988759,-1.2048247432836507,-2.078574244844771,-0.8327435802134079,1.0758820390730235,-1.5081526902896818,0.3509896345096238,-1.6266894740612938,-1.2273567145096371,-0.9589641294759647,-0.6941909710284602,-1.2770263098859564,-0.43178226022000704,-0.7743517143317206,1.5718836302314927,0.6088909367316038,0.8330154159992947,1.4822617615002267,1.064000102878191,1.5476232133203807,1.9276570976037708,0.5534871410405301,-0.6489273904285943,-0.8413780349498684,0.39320189580728915,0.20038575633485464,-1.3552480302884957,0.37527204532618164,1.1051279087578765,0.835729185761189,1.6585057840769244,-0.1330133375200593,0.5294733918417046,-1.5314627208537446,-0.8849210492566214,0.1666687817864876,0.7561854655814555,0.5345385966702545,0.700300012430291,-0.48414926341196174,0.4324864948862331,-1.513332877006728,0.4201380298204823,0.5148364300135724,-0.6304164574589879,-1.3336807894589366,1.5991017694125704,-0.9746915949814973,1.4488331913788057,-0.5056751469524253,-1.2196238550514098,0.752129050943004,-0.9184577648430201,-0.9394364187177553,-0.2576026001004609,-1.622109566543604,1.2374417790819727
"""GSM1539245""",0.28374321152116766,1.1107996545019196,-0.8060837820429884,0.5898649475947356,-1.0324608431736533,1.3600937197332825,1.8423087745118933,1.9790458024578685,0.25824159081399234,1.4936886201308959,1.7110243210787102,1.452598835737725,1.517371480991307,1.3382027951566682,1.6065653781042153,1.714304464450743,1.0402146463066184,1.309413761130025,1.7602913009204,1.1808203194177005,-1.0742746774094911,0.9223602830433039,1.6718986587633735,1.9344073224157001,1.9249483574568975,1.2971225564061506,-1.2281181421575271,1.9645212947843465,3.1110966298382947,1.0551449398713106,0.674472566600217,1.4958747678969346,1.5963009203833158,1.5438687190441476,0.8147628253104163,-0.1385963138678738,1.2658728187344503,1.726093780258592,1.9823484464409205,1.0779489575085808,-0.6768393217259995,1.43674846696827,0.9027657353158687,0.7084250933979223,0.6745780483429799,0.9417192738075453,0.08067159529219647,2.05186995619414,1.4660760132643336,2.0066214329505105,1.0769302877932705,2.020157170659246,1.4820382482399386,1.3331078666163991,1.2628480113325142,0.7792796646176348,1.0317206002179893,1.9989361099183542,-0.5540811257476109,2.016282633187263,1.3064358742885724,0.6900050927634234,0.940903071347594,-1.2128824061888919,1.9048326789170518,1.7921634911925621,1.6183229506688226,1.9029579644867416,1.1659386644440926,1.0291081655292786,1.673697385345043,2.2451727434423447,1.4598725846653466,1.445352533057754,1.0785477726697585,1.906970623838944,0.060227530757220475,0.3572910763958709,1.8515931289357834,1.8881412123289874,1.9444387573689796,0.6648919592709198,1.9884310706644086,1.7842898063264518,1.2430536318273357,-0.6385553894248569,0.6997623756848876,1.7966731359437538,1.1078383175576771,0.9587844372591303,1.3021585710101469,2.149920010020701,1.80231685353663,-1.2224733167634914,0.2725182584907415,2.479318710715138,2.290274982269034,0.8177776246012293,2.2066847605783937,3.9649140272496717,1.9128239236809959,2.0438070522315557,1.8226790924230587,0.6251629605507816,1.7754911362242252,-1.1819380121384209,0.25262273942439956,2.2138394829908425,3.978071064254661,1.5376463675433725,2.199077068926024,1.0303963932256273,2.1047485437611075,1.3847978470725613,3.109740322653843,2.4177732056978303,2.0713347315408144,2.2839847687223913,1.2195044972113405,3.037458188683774,1.275663277905384,1.632514185797586,1.8127719755752465,0.27283348779311906,1.2339570167917908,-1.2012637043064749,1.0984971450123926,2.003502951722501,2.239165482250369,0.7921438687006611,0.87793416732386,1.0444526040151136,2.3280363987851938,0.3663023844179533,1.5187007414695965,2.6801105251483586
"""GSM1539246""",-1.6669610380460256,1.3475214832224376,-0.8065952852326631,0.6459235094495834,-0.08902719771705415,1.171687231539895,1.335012398781439,0.8490531621437041,-1.303271846531915,1.3740174778921546,-0.8101608727222663,1.532176308342596,-0.21632518754547625,1.3590680614259552,-0.2533413067331571,-0.6818857979292786,-0.7998885804428516,1.364105529905106,-0.5069656857716613,-0.35465843946562775,1.172820149078129,0.4853349695343804,-0.20335120347222088,-0.7126044591352155,-0.45122324053476687,-0.48411852958509394,0.2836479839810277,0.2807351287412416,-0.3777669486579372,-0.0012874197044073145,-0.34770739731183914,-0.20290447139874251,-0.911174956994885,-0.5810279117728453,0.3795293824904922,-0.6369120398621375,1.2103892912130887,0.018059688102808193,-0.35998840230759566,0.3728644839671498,-0.8528161987381244,1.414313413252148,0.5223794642448754,-0.8101570175816839,-0.94103874952002,0.5787404285505378,-0.7160872507440645,-0.6569897106270216,-0.1350342928115839,-0.23687285569603897,0.7461619104287137,0.5672626889076426,-0.27735858878413716,0.3766326144165774,-0.5785242400562647,0.45094963491697787,0.5810466168981391,-0.017493386906547122,1.1129543516577436,-0.6296847193421173,-0.5441562355527225,0.5877210686466536,-0.06166927107228194,0.8359904983520388,-0.2887558328939328,-0.2774650305023515,2.1172434793745283,-0.4063980183146596,-0.30039552054453666,0.7007308119204559,-0.22748177891375204,-0.513804711753147,-0.664510093764243,-0.27459841501583054,0.3952020660401433,0.25663761773122273,-0.6720595006779773,0.5373386289784792,-0.25114867705285104,0.8208419664416465,-0.43833459841298333,0.8286391305332254,-0.7209547022737872,0.1200843618715443,-0.37052493244265,-0.7014307781476861,-1.2298751406063815,0.1094672294692643,-0.5919421316777511,-1.185195715238017,-0.5338923083718287,0.5381245384876967,-0.5448363504305149,-1.2228819382058693,0.5890575464748344,-0.46677470579308195,-0.22933735646533548,-0.04461578910566794,0.08790191321188867,-0.255218388113533,-0.1740494277041399,-0.25404966244935007,0.4423937686466374,-0.5502360683736721,1.5864094996060247,0.1483295237952376,-1.4946622605098152,0.6650928406110207,0.39499516401653306,-0.04519542440545525,0.09843262911033573,1.7395980589737916,0.05276985439468871,-0.45177773978293223,-0.08815953446052166,0.02829990876805604,0.011277979631367275,-0.18941332767214364,-1.0691466228351338,-0.3563450207224065,-0.48417812786247644,0.02924180975741871,0.5674069264063889,-0.9779863340487995,0.18145220394849015,-1.338967642978324,-1.2946802714784933,1.986013199544116,-0.40500561854050404,-0.7712206576627105,0.279105772960618,-0.05761046746063294,0.5759422862117921,-0.43595720615994715,-0.18456010081564064,0.29403022834368137
"""GSM1539247""",0.5797353605359261,-0.6211946599912603,-0.7897665293478013,1.2586275734808183,-0.21022292532588088,0.8131805988410641,1.161285374866764,-0.2435936607395591,-0.04838857554175502,0.7210946543810192,0.8207583532251317,0.6779650691067078,0.3219897666706465,0.5142439736506658,-0.25998071929083333,0.4157735167657986,-1.039148680481261,0.6536600221602927,-0.30123668141549415,-0.20857092284531822,-0.8331816391751683,-0.9246519072978611,0.6700493900120391,-0.005657243267659524,-0.05517416364582255,0.022091169148797895,-0.2461516278035036,0.7784622886984339,-0.28805833949905596,0.5537785011638863,0.704812849635687,-0.12614511939353706,0.4370158883768253,0.3049866756289894,-0.954766685276111,-1.1408630913220232,0.6359623006822732,0.9470193098773699,0.8741467359635873,-0.1646510404063812,-0.7773441765958987,0.8860736271711749,-0.9689300905284884,-0.7454542848415384,0.500640912823856,-1.1094591891697683,-0.463745504746548,0.6848873544976019,0.05148341619136018,-0.5582160220284926,0.02506335346105997,-0.9165378874574825,0.5808813010788275,-1.0591378888785419,-0.021144289683529337,-0.9282707516068845,-1.3487860309953703,0.4208998911177022,0.49202997399769927,0.6501808288864632,-0.4399842185254494,-0.840824072136789,-0.3746752943036849,-0.3817894029414052,-0.7356047988088785,-0.16655441077362146,0.8328083099007199,-0.3952103078292866,-0.15643016373105753,0.27429264117676005,-0.44883465453261756,0.34643438334643983,-0.4589164651228344,-0.024002424390084497,1.3033521598457734,0.5214305070625727,1.0247785402200702,0.7407762488563083,0.35719632490017955,-0.1872172726046148,-0.0387765594159646,0.3202684946026894,-0.2822359829709585,0.33691145313066845,-0.470350416033684,-0.6005667232058284,-1.177297247130276,0.0034099106427852945,0.04525368766256174,-0.8467717698701313,-0.16748677842122747,0.8636588732357924,-0.5706219277160303,0.7791805562433903,0.9025411220376871,-0.5447352955486154,-0.36935413563784714,1.2363634618245085,-0.10977273285342513,-0.3728805191261349,-0.41669683023165704,0.7125551767551279,1.2308989702922601,0.0018258119986153602,-1.0994425241947587,-0.7338749161230764,-0.6157005702063758,-0.8851781836639453,-0.2486526466183249,-0.27515965895957306,-0.32387244576657365,-1.2253520937721474,0.3180368005568097,-0.5672949737837101,0.2662194631929826,0.018597173709066613,-0.3904708713274483,0.339476309205457,-0.6712062994448246,-0.9893539371073439,0.20168320331913905,0.42854604861267087,0.962580502800451,-0.7502334871436985,-0.054369736701681444,0.751491615298721,-0.7985894509344102,0.6974819661005178,0.12218948055080885,0.8759354628845509,0.7368330086944286,0.9976073617856652,-0.34338179944894337,-0.12540413575072798,0.048569814063773684,-0.15683881445801107
"""GSM1539248""",0.6272360567765964,-0.6410756643161145,-0.7616928923225899,-0.7134016656506764,-1.427713057155625,-0.03081550659846795,1.5319467217252658,0.3122801247443155,1.4030179844990796,1.5791043285306303,1.4673820063990974,1.5065389500812356,1.1767797283828454,1.4100469035397731,0.9016481346136056,1.1949553969419808,1.2898951546607893,1.3990030082032576,0.8469076992765826,0.7984216239440084,-1.325752880968728,-0.19753432686315922,1.5227467559617793,0.7319675059495105,1.2094634430940263,0.7336185835080417,-0.29838077490960246,-0.957233613065245,-0.6170201886258009,1.0289845568724922,1.1185003474938655,1.1627933968284203,-0.32165802839841007,0.9402205000899524,-0.6617255778124885,-0.3587785464483078,1.4043402940068834,1.5067271812586727,1.7180534182373335,-0.15976414806491426,3.171649692828845,3.207845702294275,-0.28802259708783445,2.8507205436098855,1.0011511350111166,-0.37641779568717587,2.2222144977330855,1.7629512813971355,0.9000029528542446,0.6039341362900214,-1.3893374077017586,-1.184027661951382,1.4180149816114838,-1.1049537684435062,0.829370925340791,-0.02877547502222598,-0.7713344251027654,1.4906652966502305,0.48697202790319255,1.4135417689394074,0.3995224597446717,-0.20325673660689075,-0.5325400393022026,0.9135493866891473,0.5482492811453088,-1.0519755548868839,-1.007786408141165,0.30677995155139287,0.8252854234283872,-1.5129561194415817,1.2681426710681822,1.8335664726900556,0.72969743653867,1.050607310418936,1.8859586052261323,1.6909095977289919,0.5754171310833831,-0.2126764320601171,1.5554821596922888,1.2674928898950637,1.2388367760989913,-0.8393287783327561,0.7981480473690188,-0.6376585402607504,0.9237964542571275,-0.751343027386958,-1.312221049250279,1.8671128882800272,1.7856969044674005,-0.14725021756354933,0.7471169471142625,2.062796758614116,0.12914591746141596,1.094743771296635,-0.19152563296161568,-1.409696269238165,-1.0611779334841285,-0.37959878840809336,-0.7089753778110056,-1.276714661549596,-1.1106580527925511,2.086646870069752,1.9037111904178496,0.14322158978686306,1.3242300917984946,-1.6654047510460146,1.2112095447010176,-0.7641707136781133,-0.4544693218419024,-1.1836779788262135,0.20802364641977375,1.2222357458201212,1.6325665746233309,0.25229956789049923,-0.6829092526042286,-1.0652584020399,-0.17824543532520082,0.03750804295843564,0.1325281742910753,-0.7592110319728383,1.1500198245449311,-0.23884363324726432,0.08670113941816139,3.462826372868,1.2592509224334876,1.154893160522386,-0.008508133680322216,2.851198658965802,2.239165482250369,-0.32687243741249566,-0.10148660746282812,0.20913564690020334,1.3816806943774504,2.7213058795032143,1.130933071004539,-0.8430653831599729
"""GSM1539249""",0.3858814327966438,-0.5893411046820463,-0.8255330172395855,-0.9149442522539402,-1.5771336659653379,-0.4254581548759926,-1.2766246079223236,0.48940362576028096,0.10175956807047969,-1.5637600563842096,-1.7956200329838505,-1.625154930785378,1.194434467566041,-1.5857727079782982,0.5881035937554836,1.3831503062312502,-1.008506353519006,-1.6387378984173215,0.6735319505164243,0.7474638191804875,0.5737750856040642,1.440339188525684,1.9912101491638399,0.597481287485186,0.8769026973658597,0.8258827228177765,0.44114906951305083,-0.1626183894920204,-0.31529279210921035,0.8962083936904496,1.0107222885781928,0.43892264462069114,-0.8588238885403874,1.073064899485283,0.9726625430523882,-0.7760277818694171,-1.7192511659053584,1.6474443805882792,1.963180120313495,1.6149551556648856,-0.5256744957485244,-1.1617384789392926,1.1316076785305902,2.045006996315647,1.4179190837274274,1.027205455269117,-0.16784002698258438,0.7611077017407613,0.8842541240726574,0.2622555428316128,0.5781198672928213,-1.3922527927451798,1.620216215963913,0.45152292684019046,1.0883247132642857,0.9221694539054284,0.9245635820024851,1.3621294199730392,-0.7542517302436681,1.1444475610965854,0.05649177836894205,0.9729228278314205,-1.0915351893188672,0.46867476548879466,0.34523835505627426,-0.8354487198998077,-1.74338172417335,0.17383350156184438,1.0307246202267428,0.6438128824413599,0.5943917057310313,0.7722901512938679,0.5740362325263412,1.0388528008586002,2.021548663542281,1.765554355978832,0.2862338756514273,-1.4521950216471207,1.114544533789975,1.164937714216376,0.810808486557584,0.8899493687467988,0.4932102643372639,-1.0147526877692603,0.9339528625708392,-0.7416597173592504,-0.9862148565509584,1.2985945669050858,0.7414707236096931,-0.2095118056326056,0.815390542080117,1.6097739842150824,0.25405438013902515,0.9953729675745216,-1.6937370985623696,-1.0019374594172854,-0.6549523154616493,-1.8369363557688854,-1.010672309178759,-1.1888265640504387,-1.1301617821345602,1.5885325746470969,1.914295822230097,-1.7886482161328126,1.252180284944801,0.5744588647241547,-2.240088434891297,-1.0980230009245333,-1.0447573083244361,-1.2829498488819444,-0.7075112534209864,1.2746320941699423,1.8326339401784848,0.10205779809989678,-0.04468890879010528,-1.4591054957147975,-1.510042415867308,-0.18941332767214364,0.26613292673836986,-0.594077168645945,1.1238588429399814,-1.442397134095664,-0.09623727553696078,0.42810561625537114,0.5826659363565909,0.9520710638042312,0.5199409806025572,-0.3372763122583356,0.7398283019507765,0.4282785672501389,0.1672850245325264,1.0283346931300639,1.1040805513493648,-0.08078658136206907,0.8666856198571146,-1.2903879609679698
"""GSM1539250""",0.879291738751983,-0.6786768148903678,1.2136325821055667,1.2000839027040129,-1.2390762712204562,0.5786132945495637,0.7401878840644759,0.39436519383036095,0.9584591537131472,0.7148738839455892,0.8038435355803445,0.8310310909803627,-0.26840763884240765,0.6230726515397047,-0.3625929285374687,-0.09197225542853137,0.05974019740173471,0.7109436828660766,-0.5610741611235409,-0.6224140089683258,0.5857366093487205,1.4911967487221363,0.0738669996027233,-0.708723534360708,-0.12110114084066603,-0.6193542507388915,2.7655778766200014,-0.3963906764790524,-0.1330623419529983,0.10919361861156766,-0.02400607263145247,-0.27864091147679243,-0.8395079048736319,-0.3646683754460553,1.006699342751893,1.2567933274409713,0.7515613734464297,0.05334248888061182,-0.1677984973772376,1.6050026518195564,0.2720751094412895,0.4225928097505574,1.294040965933711,2.1367686117112825,-0.27422357612722087,1.1042895299033992,-0.03501818050588676,0.10132994088103657,-0.35149625228321885,-0.504851850275998,1.1053619830464603,-0.010319706945718843,0.0072832603632009135,0.5391015128442938,-0.4776130470170359,0.9440748566735392,0.94452624293517,-0.24353297075210406,0.006995983703547779,-0.01976645662975789,-0.5684525450791622,1.226188192947605,-0.44101136425331555,-0.40592111018072485,-0.26739597453759284,-0.1639515011641767,-0.2430378785788378,-0.6167493701820237,-0.4662483971053856,1.0291081655292786,-0.48439489722967977,-0.048472801180596777,-0.2749630797583973,-0.35875395235645025,1.2973301997597992,0.08702288749609893,1.3388913655860941,0.9186024557566967,0.11107124316316427,0.3374665548345685,-0.26232908102028757,-0.9558968781943052,-0.42236688738196815,-0.054281302261705834,-0.3532179271590184,0.03128604922495982,-0.15802198690126176,0.3315558264546268,-0.16745950603305573,-0.7027273496923279,-0.42054028074139055,0.7372242470018536,-0.4010741685095691,0.8724325764508273,-0.8109598028369973,-0.01900447828444121,0.35078659272225793,0.8277060517909833,0.1517237365204253,-0.4492075542228875,-0.012789455786873667,0.13350557853304637,0.540078962609324,-0.38988748694940933,1.1549910874440892,0.19568123299175882,0.23796723804886813,-0.09639127001875884,0.054520013501042644,-0.3726735843050673,0.02028487516872573,0.9244605142110601,-0.35048437793042275,-0.6832200272824779,0.03146863024578272,-0.4552376363292694,0.1504291473015638,1.0521504739059917,-1.1327412174821965,0.4397044070103399,-0.25712047242352637,-0.29623732054088797,0.9562130546856097,-0.006725565921532364,-0.5040512831649372,0.6362720311451165,-1.0495873849258972,-0.47458412031049374,-0.3120856345195525,-0.988438221191353,0.32911048041473556,0.3665412587192526,0.1114717938648382,-0.492971290305568,-0.38076008020053415,0.7493380841584012
"""GSM1539251""",-1.5701782759311431,-0.6416891820438049,-0.7908757924884814,1.52556408620718,0.3403150425299137,-0.9777332243021806,0.17683809783360788,-1.0394453430868356,-0.22656705023315937,0.03295997098323935,0.6332649050021009,0.009502220991251123,-0.41700444819426946,-0.08901082085382839,-0.2891843087094664,-0.08477290429423343,0.8342515986914673,-0.09629227653017224,0.07377141605481324,-0.5873665812892198,-0.9527322030723686,-0.14538666341286136,0.4863500739315621,0.05051521368857503,-0.12722132544950795,-0.6044786892074758,1.6964528927330054,0.06355260061351085,-0.20600927324119386,0.2726431436368914,0.598245232932272,-0.36023237887205756,0.007282882731696923,-0.2523279247288641,-0.5010109166900284,-1.1405716528055276,0.0015357834224885636,0.5149625426281882,0.5736015937533111,0.17998438879787929,0.7018508706326075,-0.054200579472257975,-0.5418031947975157,-0.7271836488403461,1.3268620221892984,-0.7118136357155428,0.7012126577077238,1.053404385096425,-0.3256613878400913,0.2700700659458254,-0.46852796485149406,-0.07493787229043847,0.25436743762075853,0.5917765213980968,0.2169591759600031,-0.6198222018019641,-1.1122700054589818,-0.29945794424632544,-2.3765403703685934,0.6715743605446592,-0.2979634744580328,-0.5426981925711534,-0.5257424505503671,0.8359904983520388,0.2274982299793541,-0.571143424400138,-0.026351660386809916,-0.30033577958810276,-0.16683348389095728,-0.49927988062513673,0.0525846341972827,0.3566230318756399,-0.17260599061903495,-0.4521562108448319,-1.6560035924415062,-0.23819181693362795,-1.5049162648704317,1.3140133278242319,0.8546286893503446,1.4236954544608358,0.2874152602734918,0.9102863960562529,-0.48905121758632225,0.16172323182217493,-0.16147083875774104,-0.7591296109755171,0.31309269898102937,0.04329774852339615,0.2161837162547006,-0.3761089093384161,0.07208431784382896,0.35175149479383055,-0.10608231779732609,0.9219175660450355,0.30321515912186253,-0.7701482708134622,0.39322806289995704,0.7209216015264166,-1.4542307880652992,-0.6935969904911512,-0.7616015392663659,0.6131035340932169,0.6843014085072184,-0.40971782780844146,-1.0157599547605316,-0.9550829400750234,0.6378105706246738,-0.15247437259540697,-0.41868949338982,-0.187471527164618,-0.016174489765115593,-1.1033244881993858,-0.5188112621595318,-0.28104745823182437,-0.5203624456939567,0.32847238845278426,-0.007717367152362829,0.22971432531414693,0.7898285368587903,-0.7161653633229851,-0.3593438030760089,0.09550088989388997,-0.16911949001382623,-0.5761270222205834,0.39574474724595093,1.0445450258757574,0.6180336268339587,0.1290303545378957,0.4498163752974511,-0.44057327567482135,-0.1430989090356395,-0.10147284240025216,-0.551814103984098,-0.34568763810074987,-0.26969693509859205,-0.8247585124893178
"""GSM1539252""",0.48676470333574023,-0.6618762551738835,-0.7692109531141357,-0.9199777263010105,1.004571001718924,0.5532306249574609,-1.2366240162785738,-0.9391681415390719,0.5153419937380976,-1.6723145117697649,-1.3244696555403261,-1.5370448580843366,-0.7500715698118412,-1.6488124336599268,-0.7493588939553719,-0.6388796254890926,-0.9286153171609733,-1.6689047324163209,-0.7950374488781862,-1.0522356920332705,-1.111539591394616,-0.5811215498545078,-0.4872803771083164,-0.8392946694999286,-0.8507446846000484,-1.149261937145927,-0.5763295580665201,-0.7948474753753351,-1.1063823681696223,-0.26128501677235333,-0.08239965793487912,-0.8696227597883387,-0.6944645034899707,-1.0959022356872048,-0.8187627315816314,-0.18521251370953054,-1.8182640080748864,-0.5590988751814931,-0.27744705920399354,0.04066362899607225,-0.898068825543161,-0.9756992918176222,-0.6955915523926339,0.9887893836585302,0.4997082538776058,-0.7118136357155428,-1.1892839266382664,-0.47309100067222976,-1.0075306448309727,-0.9257552956666794,-0.878759365143428,-1.1354973049576467,-0.2988973031115713,0.7511700420065475,-0.7122833989670353,-0.9444757600041227,-0.9133091563834004,-0.7123232631553416,0.3611268295676371,-0.7373927046515617,-0.5987444837381657,-0.6577454422397632,-0.4972020831570259,-0.9853770935108019,-0.7981063249212725,-1.1283799798128742,-1.056585621154613,-0.8318521415667064,-0.8674495028672126,-0.8528959804476911,-0.6429619243945844,-0.3505789423345275,-0.8422539282491909,-0.8589615302173674,1.2179602563345338,-0.8120431199027468,0.5800663146381942,-0.22141496992172963,-0.5361079991104533,0.17024617179628093,-1.3594003092841105,-0.7036007052249825,-0.8082961503530495,-1.5156342898609991,-0.38019419724150433,-0.6948010715983713,-1.178813249843471,-0.3289920325931482,-0.39027705952451747,-0.681473242346035,-0.7889783778024771,0.18572718110057923,-0.5417368604189908,0.7185787057930253,-1.347177330157621,-1.9298544372172421,-0.49360595375777483,-0.47995001792565284,-1.1000386311623727,-0.48779315517024086,-0.758519508643376,0.10435020364158049,0.3293566878404765,-0.8937553997976018,-1.4323733234030984,-1.0397536180999274,0.16646711767637953,-0.9966413330542044,-1.3324264761411322,-1.2253523110890305,-1.7464389084521605,-1.6437830557509547,-0.8290534061424889,-0.792408693498426,-0.19573892617524183,-0.9695125305071882,-1.104878881504406,-0.8185006331065999,-0.5087551220889758,-1.2219821979270757,-0.9293808295190576,-1.3203441636830606,-0.3177461742232187,-0.8988353663932513,-0.8878194786270092,0.6319692318493734,-1.0341283076688133,-1.2226686891565397,-0.9032135220025735,1.170999051308117,0.9088338734048396,-0.54664287638534,-0.8724090623593773,-0.33005238657126834,-0.9770596511225572,-0.7580801554056948
"""GSM1539253""",0.44188519996517234,-0.591918404221007,1.2913714255923479,-1.0085375432962993,1.165051398235095,0.5722574651018775,0.942664241629589,0.8636277902710017,-0.02114526528687852,0.9403744647754197,-0.9976409972458965,0.8522066940554412,0.8871869699360253,0.8653779679233974,0.513713590922417,1.1378562017724065,-0.48834635297898193,0.7564186651251616,0.3606180302073329,0.6054900508556795,-0.3517523437928109,1.557117987155437,1.6956263702979912,0.7897131338618878,0.9244489262521459,0.5248523461924482,0.0086718717959483,0.30580339035738074,1.0984576022255295,1.0251755957854547,1.4225788461943276,0.5083540269894149,0.6997315643201116,0.9870633700466545,1.2813794824876057,-0.9902341463748932,0.9223713309531272,1.3544400144928828,1.5402972030669633,2.1396453586706357,-0.5291088204357255,0.5536082622449054,1.239848743477474,-0.6578951583433001,1.1953227581071495,1.2377041612688684,-0.4099164290637091,1.6558392934739907,0.6419952676007109,0.36972536117024607,1.019215559748329,0.5045687880256072,1.2554877227689845,-1.2333434202352391,0.5609987448414606,1.493625146946352,0.9667372836110751,1.141472046056698,-0.10856106645313346,1.4144116618600953,0.06785359905311439,1.3746305216314,-0.09613365180320264,0.09013813726969074,0.27047537095462515,0.6326978445463722,1.3149293826151416,0.47856950768167905,0.21802923120173423,0.9388039519099384,0.3581264633661665,1.117892247911281,0.43628957950921193,0.6792839695120526,1.4652587000953083,1.1226321737464386,0.992150174906562,0.4826779132114986,1.2807579812306187,1.675402515871888,0.9579923997865051,1.1929086245598712,0.6486798416173901,0.496248451292145,0.7022154046175818,1.812983010339174,-0.11185337619327644,0.9973881083344526,1.893424592321077,-0.8583954985152018,0.45224052526655045,1.5667470167618354,0.37408597186091647,-0.0678162754672292,-0.9742851311660632,0.6675397934279189,0.15051069707883197,0.7372199199890295,0.0052662069516261675,-0.36587158511470236,0.9929156286533423,1.7776522093064517,1.3761286497787546,-0.49359240792211084,-0.6955991013013695,0.3686564085512782,0.34355031721307555,0.6415566915564431,-0.10173790950219949,-0.11217557170838824,0.5451661942665346,-0.7816106669397507,1.5621593112573466,0.026602049056261935,0.8890235727426617,-0.378861779954018,0.14025944388295158,1.3136477730055998,-0.6410615950226318,0.5981350632409025,0.655068397268943,0.9768797087369523,1.5113450887218056,0.14517113287679675,0.5140757548526242,0.11785943991761369,-0.40724330021790545,1.3561255196326603,0.8444813171306642,0.015600053298179836,-0.1683403643908524,0.9135527499554721,1.5667804122673559,-0.5851239713036321,0.39529801254901087,0.5688594540670233
"""GSM1539254""",0.4388820728575694,-0.5942291498940767,-0.8046867620204873,-0.9542137444603535,1.0461850818197604,0.10527903416903797,1.3564453860780068,-0.7199228596605445,0.01902784390503799,0.9641695904525697,0.4756130877299713,0.9464975515325208,0.9899499897821501,1.1175910287642037,0.6770506593269252,1.0806955106106575,-0.8635679984692788,0.9956301344687419,0.6593994402934463,0.5998032214968092,1.2902337107381632,1.7453934161484521,1.5959906852353751,0.9356166835017954,1.0197036146404306,0.6130338691456123,-0.47168536193311783,-0.43787008563461327,-0.49353273820754345,1.2757496603149299,1.474059904903565,0.4130690549518683,-1.0300826228400297,0.8186801587133696,1.8329316238239795,-0.2927747633861659,0.8659826051015195,1.8884885610969089,1.963180120313495,2.2115400099959244,-0.3723671418256625,0.7897648684547612,1.4369586820988183,-0.8311901136700984,1.2957294547011284,1.4486713163006202,-0.1802761350118123,1.207861945477123,0.8566933259584841,0.008142565638491903,-0.04143306441466053,-0.925831382582107,1.3202941332066567,1.161564434456453,0.9142519903828354,1.9598796906244653,1.3446001161532009,1.4694693369716543,0.09777113147890064,1.2858815132704193,0.07554090488964374,1.4765506032827604,-0.19979096439125174,0.40703990506598625,0.16428187949659778,-0.4267351901129571,0.3591757361899177,0.2964094591859674,0.854741479053558,-0.13456085125623757,0.4126793891419818,1.2976438420103389,0.32767178330369046,0.5783971802021485,0.6864605804832298,1.1694130920745103,0.593072811168479,-0.24679980566092496,1.0347827038656185,0.7600472744135118,0.8965535650261787,1.1206003428997822,0.3311246422437113,-0.8209066597402003,0.8809962218406087,-0.7101755878316317,-0.3197937857769065,0.8950095035727966,1.2984671377820431,0.05050861294271402,0.9422474703739686,1.3194144249209572,0.13434134547740556,-0.4685133185154098,-1.2185675688343651,-0.8806980687096606,-0.8220586177122413,-0.08760908536533876,-1.1987525726022539,-0.42061121261919027,-0.6912075090661169,1.9847284170322197,1.7807016656857044,-1.4201071005314272,-0.6200334353924578,0.1483295237952376,0.1608027019638053,-0.9564095033704121,-1.0324958817739107,-0.868591723520642,-0.32941230740585453,-0.5744668575066769,1.328846157716788,-0.1042274628504855,-1.0639645850305632,-0.8564130115200225,-1.2390248618149762,-0.2508965876760565,0.04666630304701703,-1.2638781538303636,0.7191724787400419,-1.7118238212157484,-0.14007931757093012,0.14931365174990996,0.5121886286270775,-0.7853890737217587,0.0992506174594914,0.4429875083729951,1.059399509891992,0.03650540923374848,1.0522566204963297,0.17666567692633756,0.889599198319662,-0.3894465069990657,1.067719954611322,-0.8737617395096586
"""GSM1539255""",0.2463291414983948,-0.5978252941280613,-0.7965835106872989,-0.8427854649701426,-1.5416080398690963,-1.1006844114089094,0.33102135591377346,-0.885160361687234,0.39100435399096045,0.4596532459659724,-1.8416169079533535,0.6110139348855053,1.6853603955979641,0.5030137174746515,1.8018977476528246,1.7695767584422244,-0.8873335823882103,0.45160673085258185,1.7611739098863581,1.6228366883042555,-0.9517203413151111,1.4716690679529516,2.121517886592148,1.6807556051682813,2.3671814188659765,1.3047327809253082,-0.24063687198217087,-2.28248525242492,-0.9096537170785705,1.8115283903672907,2.11897322917855,1.3276512145826418,-1.093346107743517,1.4278085360045325,1.5667064838320555,-0.908156410102091,0.33264872032207604,2.35669575228298,2.4891191380997126,1.6972012313599119,-0.7136724961790182,0.16726776835462454,1.2068000243332904,1.7388457151563452,1.9616846749055472,1.1421730993936619,-0.3009146668496123,2.0015550442502654,1.656814698958179,1.199309452378787,-0.19884911478398154,-1.1689756777534746,1.9514531216743491,0.6883705589181148,1.6035877942424643,1.5254686837881022,1.098770006600202,2.4441798290871466,-0.402301636015014,1.9076163281220253,1.2321278345977877,1.3692845829735543,-0.9308396132836949,0.03938204235229976,1.5855305713431347,-2.348471040884391,0.8571878061713907,1.4689387531909763,1.3121218804959638,-0.26504542231174444,1.4317643612047373,2.91710699250801,1.290615505108988,1.7358980592170434,1.2104832716410296,2.131793436651901,0.11948294326260073,-2.242710120037825,1.9096092097459292,2.444241586829327,1.6895665515071756,0.6971108570302558,1.7758126863134274,-1.9263823154499449,1.695468311000062,-0.6311658626374267,0.2121797783177425,1.9992423632069092,2.305359124099823,0.4555374237948361,1.6401324787424514,2.37492365935692,1.2141028421302014,-1.0614482655510413,-2.3240282602905222,-0.9493447329951532,-1.4631193847791617,-2.480191150513417,-2.2462397601280957,-1.9630870199482269,-1.3302364630373198,2.2475231214381806,2.1329338027498532,-2.6228503726478753,1.4398334294438033,1.0807669124594192,-0.11532726977969557,-1.1062617387406606,-1.3130926002850476,-2.4538831545802458,-1.0806624787036885,1.4764258976956464,2.5156168230478264,0.9610172325386154,-0.16071114551288168,-2.36967663761619,-1.872876652259874,-0.7802965183778205,1.079195495688601,-0.2881583777543811,1.5837312701203639,-2.466156443591513,-1.5220429779835167,0.21312919232803018,1.4530597319160097,-1.1306132232454749,0.9771931350454413,1.6602962545677098,1.7722907807071735,-0.7264976445893064,-0.27196575843437304,1.60644472440093,2.122009267854647,-0.7779119619815303,1.575033035953101,-1.9648267530966914
"""GSM1539256""",0.440405918442884,-0.6632549757678587,1.3951464626637398,-0.9335110401738634,1.0036538505016845,1.206956341145732,0.9551531882368687,-0.5813336447266311,-0.4752385462990896,0.7406552150296628,-1.5399277609666038,0.6172068893468092,1.3240920725483103,0.692959451323559,1.115725054292853,1.310734843041578,-0.5946993248899137,0.79256363875376,0.6691292524749909,1.1957041274912472,-0.8516486802976818,1.5128368784911905,1.901895007883604,1.0118078766246812,1.2094634430940263,1.1104337097035375,0.04094019112899771,-1.771287718500044,-0.9849640844049858,1.6367476279226487,1.9431116725690483,0.9263255713005144,-1.480441405833319,1.0696412012096816,1.5887699700384712,-0.2816800242154637,0.4923770969545013,1.9814052562015674,2.0442042266232656,2.063557759984825,0.2107683271433342,0.2239801862418887,1.2257637906683356,-0.8328850175391403,1.6373762601950428,1.1223248892766318,0.05270409177731586,1.4138961642703876,1.3011320812041194,0.3926608525261276,0.1751127588378823,-1.300961895609711,1.4873308579359443,-0.9982097851074201,0.9962140935460319,1.6967285471787565,1.1903912527963973,1.8776665660879372,-2.541579153830656,1.5953396330577363,0.3375074886263759,1.3692845829735543,-0.42321777601086247,-0.15043068853742472,0.60550412296384,-2.1188359294123655,0.04637437452018432,0.6659092622873083,0.9416286062167838,-0.11681159566992926,0.6944283103685787,1.8283329802308346,0.8219642755291167,1.3784576132805098,1.1278808557042501,1.6107548041890776,0.9281310678827827,-0.4608734255079856,1.382011359105896,0.4418006081609422,1.1061028632384902,-0.0028980440829996625,1.014811704988396,-1.489484786855789,1.1793047648090142,1.4169656370944939,0.630109109139161,1.618715207304177,1.552224542786125,-0.039181950452591124,1.0992010905978207,1.7760371518639633,-0.005658311331049137,-1.26250282083144,-1.7094791300348928,-1.6471333649196909,-1.610251665542571,-0.5939425485901599,-2.0055660481797415,-1.9390261989924473,-0.9937567337794204,2.4817698482392214,1.8870249113179112,-1.965753661096202,0.8625947262891484,1.8355098857014933,0.7560008213730662,-0.9693702819603327,-1.0911916486389177,-1.4968606433169984,-0.8594989019395848,1.1215504714925228,1.7388706129045988,0.30319076276433676,-0.9447615025339602,-2.069387750376282,-1.861005051165882,-0.24613184993524143,-0.10608356881730557,-0.6414379837102462,1.154819615799905,-1.1945234847511919,-0.34591949102152325,0.7931017633429124,1.1127212502438693,-0.9295208849923351,0.3701691222625275,0.7450294147709586,1.0750846942033796,0.8872289087730265,0.17845582788718428,1.5304735810643346,1.4088815050821444,0.09247188294389326,1.0881040547644267,-1.683286164947477
"""GSM1539257""",0.5508577895807251,-0.6315992019081861,-0.7907691219319011,-0.9424894685054072,1.3420795643127008,-0.04949558392331859,-0.6845410678298322,-0.3256688590732619,0.19073724346078783,-0.5528371094632165,0.6712854774238493,-0.9203366731955835,-1.2088667789794574,-0.8397148276785664,-0.8661504731993147,-0.6851796461973795,0.7574514343621425,-0.8709407282057556,-0.8952018395907482,-1.2049004371926473,0.5880611000386115,0.2882545683738032,-0.5147579928542539,-0.4473813149629794,-0.7897422781424895,-1.2690240172757907,0.8086715274839548,-0.853198824315535,-0.422429887946904,-0.180128550204259,0.3016938070642183,-0.7135314742114245,1.2762324486468193,-0.48586915185310325,0.46951237938121027,-0.9600480357909101,-0.9093579818788793,-0.20333639408457105,-0.23583840619070123,0.6345093939788037,1.1266928961416136,-0.9371406475666906,0.05657851871294074,-0.7591369447740574,-0.02033641565653074,-0.13261916648466582,0.9895944160906862,0.9831073642989834,-0.8232063775088656,-0.5375943867498626,0.9327411730585494,-0.5034308557449582,-0.18456289983002322,-0.2313183722412398,-0.6191970589527882,0.3494302322560222,-0.1353615150383118,-0.8698730652150123,0.7008198342557218,0.8539188284849347,-0.8508522405265844,0.4157244224292809,1.1021676491924535,0.4816803779310972,-0.49872454464045274,-0.6395378657226457,-0.21944284579607176,-0.5112741044171377,-0.852284380116535,0.835879041400218,-0.9754320959443915,-0.42304066167387727,-0.7838435559085521,-1.4502327285533905,0.961962624431268,-1.1823075113234087,1.3353293568951525,2.4092299546786595,0.6052978604462586,1.7569772631135914,-0.07350492342718858,0.590701419881134,-0.797807886114118,0.8613525853757265,-0.8881269933426902,-0.6678029258505447,-0.6703742758403961,-0.48008501081900584,-0.15184277504928867,-0.9542045162824367,-0.5757788166806674,-0.25871251049089516,-0.2509746649712004,-0.8063314854245172,1.1426600518395864,-1.1783858519628463,0.003580187532291172,2.0675434266007726,-0.6341809425973449,0.4876525835934571,-0.8428008433292906,0.7299329926809431,0.4729773413359952,0.9256577381334707,-0.23594998190751387,-1.262464317684457,-0.4286958735937784,-0.6529224238334651,-0.2387459782665469,0.7781229833755587,1.1818023486123141,0.574365046444317,-0.3081328535138311,-0.33179899697814047,0.7305604552189296,0.798159730277261,0.8884067097528326,0.018406967431935838,-0.7687592358999729,-0.8693875546300139,-0.7055555299782829,1.6561442849697086,-0.20398439245122518,0.3226892257617492,-1.2419514702171204,-0.42701606693741767,-0.8069316926754964,-0.24785643041261246,0.3739934411125484,-0.8863012406367423,-0.19074964940827022,0.878557886292059,0.10431025846703999,0.36721872666378685,-0.7121865940741686,-1.084627855529064
"""GSM1539258""",0.6919786801982011,-0.6766890839818512,-0.749416314409969,-1.0259046688014808,-0.15975261102508323,0.7579729416465579,-0.7716824696406387,-1.037246420296618,0.23278928772053414,-0.8112829129056195,-0.6646849742304192,-0.7368369726516442,-0.662188110759975,-0.7851027060885223,-0.8167837874957183,-0.6133826340602999,-0.6760174396505633,-0.8796230180279847,-0.8032816686107981,-0.9315239262265006,0.05833617884201476,-0.7811515215649993,-0.6559374684365409,-0.6273249728326574,-0.6892976652620448,-0.8725217213592567,-0.32485626871060214,0.5503818033036254,-0.30740031455890005,0.07312323787555754,-0.13632216531112173,-0.8038948181602674,0.17762455457393084,-0.8131680671594642,-1.183237022635713,1.2201516140645066,-0.4945402573174775,-0.4997842109190167,-0.5712034976698531,-0.6907790258828559,-0.3862917719903648,-0.9930943292564015,-0.8580410633290187,-0.921686030639448,0.2874970072522526,-1.1170075951834713,-0.7170928814707648,-0.4813274221736345,-0.6319327052576701,-0.8831459335290424,0.39605759436096,0.7320163179292571,-0.3332293891338849,0.6763167995714285,-0.5972611443770279,-1.0868685279036054,-1.2229519665633481,-0.6619827387955847,1.2685620979988743,-0.09051359807992287,-0.36065653116496027,-1.1016649388008994,-0.03235210254287948,0.34486241820201147,-0.7305076915049653,0.4025362489993523,-1.0975629105589453,-0.6076733592500764,-0.7254531918399302,0.3536349551750275,-0.6735774427090457,-0.4621828404468527,-0.833659859289029,-0.6026659013581124,-0.15902340104075116,-0.42133598931189814,1.1782782358547212,0.5967424663938687,-0.341800235809642,-0.07508822500635821,-0.706925011735516,-0.31082897658738007,-0.6330664170741747,0.18827306697766186,-0.976159839969637,-0.7353215937285975,0.5234783371026285,-0.534036554248395,-0.3450083630213746,-0.6075505944625839,-0.5825311000636931,-0.25066498782205077,-0.6106136878879272,-0.4116247732954989,-0.5101133710840215,-0.3364527492716131,-0.09024598593712226,0.5758274400553252,0.0852262953578812,-0.23862258857180824,0.2949624419121935,0.0890413067466367,0.09380976586063756,-0.34160311879458455,-1.0007493043351334,-0.008143289067508289,0.2703049333266889,0.7686058776379873,-0.11619970906448383,0.11922102637704148,0.2711555169657852,-1.074581102350388,-0.7606325171330551,-0.685634806890424,-1.157088958059968,0.09026167745001042,0.1838992134729418,0.19973997640343133,-0.7904310836191266,-0.5004274393758766,-0.6981725052471621,0.2353501472436721,0.6902500037224767,-0.5717906042122689,-0.7410695226350101,-0.6277704309496134,-0.6331920070228948,-1.4483954674005184,-0.29449462591891046,0.27617831441308355,0.1988885869415445,-0.4301721144914515,-0.8781295223429425,-0.9069266610432042,-0.5948068944084894,0.25020311717730065
"""GSM1539259""",0.5508577895807251,-0.6563955735364733,-0.8520098707511752,-0.9995782962280675,-0.597189854424599,-0.06637385072944882,-0.5462080544734088,0.07986895688448604,1.0773947131807085,-0.38200519998595306,-0.9954052270960172,-0.39995983196210794,0.3624974115571855,-0.4136134796989547,-0.1405294280760759,0.5463503347082219,-0.5978849166884707,-0.44818074546865716,-0.2684136087399153,0.13396205230125424,1.019273292872656,-0.6735042047205263,0.9030391958469163,-0.26141445780590206,0.2416486209647359,0.04106295286931209,-0.2082909318034891,-1.1579692153482986,-0.8205391907826145,-0.01176307541020811,0.18571387924735694,-0.5028409877575527,-0.7104233005741295,0.4338740158511738,-0.9775103347730391,-1.0521581374461775,-0.48155249101895775,0.8455040586585395,0.9494562071466927,-0.3429544205982181,-0.24110753839301377,-0.8175801963772005,-0.8233626289363076,1.867377957195945,0.6914224634409253,-0.9788075737162327,0.32714415265284746,0.1670951569255668,-0.08821548790348745,-0.4869999703319335,0.29263521390055897,-0.9340260575584374,0.34015028861154395,0.5462750114006029,-0.323348200714749,-0.9128223629284778,-1.1923695959535225,0.3861167558277291,1.2264581674592434,0.20578288393035982,-0.2862564190875158,-0.9029782922769745,-0.39915452485418107,0.5551986625624532,-0.340664176772341,-0.34735703224348413,-0.9141161257946496,-0.3814187151221269,-0.4276586883345107,0.1333417122920115,-0.4375583580808603,0.07909615518280187,-0.030628880734887676,0.031075202534625705,0.9849611981379728,0.4132936186862585,1.0473005581257906,-0.333909721417116,-0.28126616787583014,0.055446839937020063,-0.3406836855847396,-0.5496049300935212,-0.35320013906185077,-0.7021123758888349,-0.5914557947378868,-0.7991736526971484,0.41728226216954806,0.2706537976394974,0.09062507529818546,-0.7503369634319288,-0.5984945317831887,0.7209970027109489,-0.22434162510004252,0.6128531359755911,-1.1032365742367194,-0.7745491105459512,-0.6514217014716557,-0.37376741079592285,-0.8363344807350304,-0.9001059446918831,-0.8774743020809469,0.7348025082812956,0.4132323704535872,-1.3216382966414144,1.2533626805749856,1.4259394660980815,-0.30042731758496277,-0.8851781836639453,-1.1036114832153436,-1.1675245672075194,-1.2545827990056588,1.1664881750525202,0.6790245937958747,-0.37020783503722043,0.193730802040856,-0.9619606428790481,-0.7021855987286952,0.2390503570498958,-0.5082150313375081,-1.0124108477431963,0.10499487675266427,-0.898647349115419,0.13909415868404518,-0.1275868591714792,-0.3951173496131426,0.6482888705606549,-0.6176707847281487,-1.3552225674735316,-0.040709649991680766,-1.5079293836289396,0.6460705788348279,0.7205316986778537,0.30207153149236193,-0.3227680225506678,-0.40515930223783164,-0.31150042684906826
"""GSM1539260""",0.5370622545379696,-0.6534704260267217,-0.7985998279250611,1.410715271517006,0.03977142854131572,0.6085476349744771,-0.43600110103232537,-0.9075949639318039,-0.7881671472039182,-0.6023339768966103,0.5935950665197529,-0.45248093638809805,0.09069218543058315,-0.49773190475226653,-0.42183769712473235,-0.04454123905398546,0.8283203365404632,-0.4446152478393776,-0.4448582775252574,-0.4321796819430789,-0.5597319196384672,-0.6374377293283515,0.4002427474953966,-0.03116937539829854,-0.25499287552609057,-0.4976153172410626,-0.12112982382401705,0.3866821525433163,0.3465871403090386,0.2889290007618056,0.3788561009189297,-0.3892137729399721,0.30055793539842646,-0.09539538807193695,-1.086560910215471,-1.1205634009940904,-0.43131245706577476,0.3624127954664618,0.3238340284654361,-0.6576439094650021,-0.0005170408400222106,-1.0702667086426345,-0.7146030622068699,-0.7374201424729007,0.7110143074122314,-0.7766217733457931,0.07559827702077142,0.25897124661199084,-0.29975233440526355,-0.3181457348483062,0.4132354774487128,0.24300391593792708,0.4541557495379587,0.7351725758231586,-0.2589679150197775,-0.7341519513787299,-1.2953119117259695,-0.07967948023537547,-1.1621082394055693,0.16280702014684345,-0.4424399884727869,-0.849161642499699,0.5109340314935501,-0.8319809695234457,-0.20451567372342022,0.31920010229075313,-0.8221376567650931,-0.3494947405341845,-0.2948441231124708,0.3259177513519181,-0.35691710040403063,-0.13735159823413418,-0.4814854429910917,-0.3141618448413633,1.7462105058964006,0.00493639007326398,0.8109326860662881,1.2326682513816245,-0.03317841787049237,0.6167534511965853,0.10298104950316285,0.12544734938216753,-0.41670434190991096,-0.07007510856387003,-0.4188612318228285,-0.5442104533437501,-0.9043043621083384,-0.1049630964123327,-0.03463552122674901,-0.27164855417270617,-0.27412150305500815,-0.15198291854404067,-0.16951753179114465,-1.839524784279807,-0.3831380084630054,0.22847575585652677,1.3974026027905473,0.9298714451916525,0.51623083556491,0.29697674468408447,0.6099735764567726,0.3317730513924203,0.28040458748518776,-0.1858944104222737,0.6246340605986014,-0.10854075702134744,-0.47652320274515547,0.23910915276858383,0.3479970963838906,0.1738699846223155,-0.20917677983308464,0.5403611097522442,-0.23316764610619983,-0.6473875243330272,1.054949967204287,0.7521737503770332,0.39373039008434935,1.3082564640157697,-0.24118459511744186,-0.1464639289225803,-0.13399624039275193,0.231515558350323,1.1358828039627376,0.024122318010391438,-0.17192911464321597,-1.9649381107028518,-0.05093690085969479,-1.3292082514400752,0.03502157498631857,0.9516759447924056,0.9149465310820131,0.6861377385970585,-0.6003611113913389,-0.18090863471794666,-0.24095608901216078,1.12992487960193
"""GSM1539261""",0.4950153016250278,-0.6684818648616793,-0.8958836229765261,-0.8991390527807206,1.318184201211441,1.0696205566237682,0.18813180334726243,1.0072848193602686,0.5153419937380976,0.12558973859241634,-0.39652546469187777,0.09799806876976302,-0.45969296122190206,0.03247464856187711,-0.8678300633613577,-0.28200633262879876,0.48658457296721747,-0.10739404980923409,-0.6668130881300404,-0.6524673538324819,1.3118098369983993,-0.6635984954571086,-0.37559599828542006,-0.18307726091363452,-0.6699636032502571,-0.69347041602448,-1.027303888433355,-0.23289017725050393,0.19995741575244658,-0.16210144784728006,0.012118785434962788,-0.970932331586274,0.19739309141718456,-0.4562937047883454,-0.8202517983637054,0.4273837821859315,0.017458926602713924,-0.2879682292637624,-0.26395936175364654,-0.3876694842703937,0.27159400384186416,-0.5625502637426893,-0.9123989747552226,-0.9004116183146873,0.7454830341074098,-0.9494907859883448,-0.12337485230188004,-0.04907788916139108,-0.7772313704017035,-0.9918191310547871,0.4047235048749674,0.18383626023179434,-0.0055905817336558365,0.7442553677101517,-0.18556945556920884,-0.7818214712810708,-1.1914753811508605,-0.9741893597219818,-0.6065715405176202,0.1529196977987928,-0.6200855569420555,-0.7794657091496126,0.7446917886449438,0.37620573947159686,-0.8047057762770531,0.3683256406348876,-0.3797995481954378,-0.6632169385188409,-0.34003232968302893,0.48253803063895423,-0.59703546325766,-0.5246891209281199,-0.9171456779569932,-0.7836747012033671,0.8035204434657219,-0.6908952976665118,1.2381523591107488,1.6830651033579322,0.10316832967638184,0.7777170817762863,-0.4162763003545671,-0.9277611648981986,-0.6279460396925467,-0.02483256963334436,0.13491473674753685,-0.7224606348573558,-0.9917682226912453,-0.5149267783030007,-0.40713117697080303,-0.4456802019438439,-0.7491098616283076,0.24947419769988918,-0.38068078422381135,-0.9000065777487785,-0.9001774724304229,0.5424544443998687,0.5040864645738987,0.906429864509993,0.4853409860246165,0.03280337113690443,1.1806785881017963,0.6821477926253625,0.05279582729434876,-0.7431557304844629,-1.2884631027974864,-1.6533269574180465,0.28737491874556953,0.2749799623966927,0.5277303545322776,0.38234832969629673,0.06061496812820366,-1.3231930280275732,-0.7800905607361023,-0.566496301409623,-0.035994365878407146,0.6116437668405761,-0.039209750211518506,0.8051579769250484,-0.10420140054796187,0.5133400642266515,-0.652493266758449,0.19709673609992556,0.6996331464256926,0.6008625968151158,-0.5807331486694233,-0.8310392961401851,-0.1933616386952883,-0.8751327876141962,0.005505862853068897,0.1205242115938893,0.6468101474570568,1.2735368189220797,-1.0261628543407675,1.688854634997746,-0.35355125621534284,0.6018718948723766
"""GSM1539262""",0.5473183160033335,-0.6045482023825515,1.2823397749761378,-0.8760273055072377,-0.21541090401819243,0.5594430532590756,1.633338802378976,1.22008699713854,0.9320521831794093,1.3634614491746218,-1.5505585987556192,1.3384680795929416,0.9827195492842595,1.449757342037628,0.7470875548627598,0.9692536976803665,0.6496125178519282,1.2915945108257063,0.37260300732852314,0.7758517223780573,-0.8181910609504502,1.210702334900895,1.5754687046656508,0.6399023092170045,1.3387379717821861,0.6605918200302919,-0.10952377689860453,0.26091211886823823,0.47728664998873654,1.2169009021079527,1.1439334502028722,1.081749418035944,0.45967991591746077,0.8706729555971149,1.1977154477417964,1.681165365922909,1.339726857461386,1.5841487563925212,1.4714290251047728,1.2157878554620993,0.34860973053028244,1.4250268695845434,0.9611322935528995,1.7983873911602188,0.5346769064860979,0.9373629843558958,-0.27807912677334135,1.1586676348084055,0.911923478413872,0.23525439271531645,1.1053619830464603,0.333000192346171,1.0518508695428197,1.4738835680224043,0.817409436632119,1.0325460363837382,0.8573243451449571,1.734810325889777,0.6160942352057625,1.4423321426616973,-0.032579998677082445,1.0207629508964553,1.0168575251303245,-0.1596044468003556,0.22611561441506295,-0.012684698540315493,1.0423868612724512,0.32748419439070364,0.8702903434886887,0.7573781386988158,0.4970445751269728,1.0548012668490512,0.3601259769227872,1.0388528008586002,0.17699684422200923,1.5820419101642627,1.0077303928215653,1.0660308761434363,1.134985501020613,1.0123060637457892,1.0192046333453193,0.21398621168556414,0.39952727478088423,-0.17653453358391216,0.10974979105114954,-0.002021410136139233,0.8255018926705556,1.1868054591995365,0.8514267918376835,-0.4348567293709971,0.569581371154226,1.0666072870842525,-0.23825578139093018,0.6334614890147727,-0.9970549480105064,0.37364386986487186,1.1015908541353197,0.3865331787144265,0.246578809403563,1.1995968191211244,0.5197823107497533,2.0391312228609775,1.540231088221729,0.008164090947524193,0.8803672414257908,0.4041414535975706,0.13114543318386543,0.47293518326832534,0.20326053929737575,-0.08606225114632561,0.558977407736235,0.817472723614592,1.154672015079882,-0.10917169564193818,-0.8396621028064354,-0.2774466109708482,0.17059243749492536,0.39136188390384513,-0.3557612599947821,0.7936819534084947,0.8784344802380354,1.0959862916152552,0.9818537853202676,0.06733845555003276,0.527636651282635,0.7486105977128218,-0.4168764111981853,0.9715276459858813,1.382705727953097,-1.1101009808692066,1.2136545410770982,-0.07380513734100752,0.5885337069188613,-0.573719294187732,1.0062388308570809,0.41645914168933773
"""GSM1539263""",0.7147111558320776,-0.6334851420850177,-0.8248880901826524,1.306168245990344,0.3273619304798182,0.2101945037091557,-0.2808577324636914,0.5321768768789101,0.845597593052783,0.07079434343836045,-1.1223545350711566,0.005389004352905887,-1.3457620724873842,0.11667762052677348,-0.804754201585391,-1.5201350018001667,0.6951953669437027,0.35840916219568236,-0.9346554374006645,-1.0302420411842101,-0.33633961914945915,-1.4770149168927442,-1.4341910393210655,-0.9305217930500881,-0.8554282781368872,-1.0037015655820754,-0.2594476123308933,0.10148350452531377,-0.8408443681621045,-1.470957509800069,-1.4706945486957064,-0.7473703912505003,-0.7516045075691429,-1.6744197801501743,-1.2937801163445797,-0.21104192177669032,0.29319068507792695,-1.6816807790574317,-1.6970511285272873,-1.4245910154693286,1.8190514339734452,0.0717792417415071,-1.4180011039514504,-0.8111648871080983,-1.710905127671158,-1.308291785804176,1.4772639342407747,-1.4359668593843695,-1.0580252557000636,-0.694196013807154,-1.456250439030932,-0.5515155633561468,-1.5707294688719975,0.9124502572376937,-1.3310215080029622,-1.1385265102334077,-1.000965300943683,-1.073827069906898,0.728304555017854,-1.4790532929474247,-0.4326572395647773,-1.4980369895905146,-0.730890456244855,0.7345997230091554,-0.7863715396544235,-0.33402767424113533,-0.16934973573929532,-0.9668086595794103,-1.1817590962923676,-1.3559941470237729,-0.6420211920093826,-0.9817284583500578,-0.6553286555617818,-0.7728652824557594,-2.003890833719764,-1.152434869828713,-0.17198923981996422,-0.8467699774664096,-1.519427461152315,-1.720441700127918,-1.454390003376388,-0.2516665196966387,-0.6806819192106357,-0.2598419782345584,-0.392789896797287,-0.6325853745671028,0.376893714324931,-1.108601993773077,-0.8340059154832852,-0.47563333230630495,-1.1305960053729627,-1.6328102515042906,-0.5646984443516385,1.2989910765566381,0.3040233056334139,-0.6070848349769183,0.31289667618447814,-1.0347209265736126,-0.03877236700235665,-0.07293917495495418,-0.7894203431454982,-1.9347712600365439,-1.495872456060377,1.2757933161381587,0.10197026368167889,-0.13060145429541523,1.362211939815207,-1.019217782107666,-0.18878884866341084,-0.03834313035108638,-0.6031608635928991,0.6957323659775477,-1.284866934144114,-0.5978513163673801,-0.6671967702619549,0.20307218886745573,-0.15660678925535249,-1.9217710581121812,-0.47782016163925495,-0.8061378665293181,-1.100561225779908,0.27905747986692303,-1.4852003989990343,1.1190700766674304,-0.7158089272188441,1.6335996165936901,-0.9114934026637156,-0.7349380917066666,-1.6549838596223838,-0.3538158556349446,-0.04958644731641649,-2.1737568501801405,-0.6951813215368234,1.2332901328707657,-1.1248586115706314,-0.4492572018511609
"""GSM1539264""",-1.6819895655462758,-0.6092468087286386,1.2572485638381694,-1.000201455141146,0.9002935572899539,0.43755843624314844,-0.8316936241232917,-0.9625472711982418,0.38580614517331124,-0.6671095278754346,0.9913298361450164,-0.42762703059002716,-1.274171468424217,-0.3381559716795497,-0.9971497521005486,-1.3821255471108083,-0.3815047029617174,-0.4272677403205204,-0.8124415278325311,-1.0895670240600948,-0.6157039064145504,0.6734339013943414,-1.7543158610321834,-0.9314490605760135,-1.0187575858234958,-0.7970221197485394,2.3706629287562384,-0.5869374353130054,-1.212023037130404,-1.7868021522734887,-1.7127507866132854,-1.257199146007755,-0.46028983289972764,-1.402679562723002,0.9478363424987266,0.20706055523755187,-0.3682130072943695,-1.8679724764734265,-1.663373631220139,-0.3774603249945667,-0.5051987302293126,-0.33927918914812877,0.906705243001159,-0.731637378880406,-1.3627801536584547,1.0365343674425203,-0.6514221316261248,-1.5307481243783148,-1.462379600026875,-0.6993050239454899,-0.10565402283876915,-1.1794761411520112,-1.6415942735374567,-1.352926923427234,-1.2043707270335402,0.735823444427798,1.0781474060363718,-1.2666583763783115,-0.3152725175251785,-1.3881608018277796,-0.8286632819290906,1.107187957777659,-1.192215468601523,0.007100849296558814,-0.6948772778305592,0.16439059372224576,-0.4561383536566098,-0.5167060751313153,-1.230918510085337,-0.1749530491848991,-0.9962348297933091,-0.8636393451572004,-0.732595821877513,-1.2338250110335842,-0.8610209477796756,-1.7607764178481295,-1.856555849689754,-0.7153567474792517,-1.5825467719222082,-0.6783677240979405,-1.1610490026316989,-1.5058248676271526,-0.7687086619048817,-0.30751440524772666,-1.0690685753379123,0.5849536932961041,-0.8627003026783169,-1.8911602152170233,-0.8044441947524924,-0.3441291997471281,-1.1298646719889927,-2.2292473475578363,-0.6466944565175882,0.9273652594072711,0.020810373792748478,-0.9175670744989165,-0.7145054987477839,-0.4863329620995419,-0.2256043571783354,1.285762403124956,-0.3116745422046372,-1.7436846051523802,-2.3879553684312875,-0.4627563836255759,-1.1843277136081598,-0.25340387456930424,-0.5763841087338984,-1.3767584759441769,-0.5510766262878534,-1.0097877591396462,-0.8509631204763626,-1.102760211855542,-1.3878137542892643,-0.4122402115819972,1.46202017811476,-0.06391364504083671,-0.203871815340274,-1.0045091553572492,-0.31234413453142057,-0.55918756519482,-1.246532987535611,-0.5596806957055371,-1.3683840785229122,-0.9471424631257465,-1.191547078035185,0.690346903810339,0.11005623006782092,0.6612250740578893,-1.6348592441200942,0.7100272985097268,-0.6235770256861233,-0.870735694089394,-0.9797816206853769,-0.8002610663689774,-1.7845695527631993,-0.6110625454723179
"""GSM1539265""",0.6761848481120212,-0.644284337722866,-0.7844750144838865,-1.0035385734744446,1.1359833370049404,-0.5901117861622914,1.5602309804004955,0.6779293909278111,0.5361457925768959,1.5911101334977487,-0.9048544603284993,1.609525623619103,0.6317542528968126,1.5768203751968428,0.8046106943423774,-0.03330012082350432,-0.2415897571351543,1.512644993359679,0.08030808629935299,0.9441203297263371,-0.7692583925236356,0.2754123095615209,0.5507069246939919,-0.26653066751902676,0.6703292509037568,1.0096653751586562,-0.6232147311178148,0.4003199859852245,-0.06260404490107542,0.10298565050768721,-0.1851751770339076,0.6814448449362753,-0.4562629360489791,0.5912983800943223,0.8172367190023043,-0.2536866057506167,1.5934081685217565,0.33963668184093826,0.31289657670301024,-0.20878633174599462,-0.4922124409840691,2.4180530195347294,0.802099866625237,-0.8335601982793186,-1.367417424698691,0.7986182364218113,0.02316083570666502,-0.3471241479760999,0.751545823215191,0.11342045757376949,-1.1431794292553386,0.35010706766939503,0.6096199380680344,-0.8855264847090473,0.29631822840490235,0.5006644835365288,1.0496578780146406,1.4505642293656278,0.6684046303100093,-0.39822040779059437,-0.17979401816194926,0.7083826050997852,-0.7597661577609687,0.4417286638477346,-0.3490073685543083,-0.049419407995875395,0.9446024152871143,-0.00854500454810161,0.7759028187454465,-1.232123055582466,0.5409798249532355,-0.3087931580449486,-0.060367511141628645,1.17676481722797,-0.7600186345553382,1.5780837719136085,0.057659499282814476,-1.5213112128252781,-0.5608122902509765,-0.5042712871076558,0.23274083462008718,-0.16967815811044332,0.5089182007007246,0.22012602264218745,0.8703208289379976,-0.6743587074574491,1.0249115923997114,0.35843073173312046,-0.7296971396872258,-0.6682483369789834,0.33740611653113955,0.1156787133343296,-0.6110653108008404,0.5838210070426293,-1.2645732982828766,0.019830819100185637,-0.22662662332002972,-0.9620475696206323,-0.486774272168085,0.06933698961758535,0.2282974171164785,0.7765873883394392,0.15976792668418055,-0.9420723191814694,-0.18858619651787023,1.5068812523573667,0.34968900104015904,0.2987223580733448,-0.31784934921338415,-0.39508983200147374,0.401172544271217,-0.4791926461836082,0.9848292209154668,-0.10282948465415914,-0.5768780529151418,-0.32532428038730954,-0.04199957003569211,-1.2611983411317371,-0.4714680115578342,-0.10054648846336002,0.8284192841628298,-0.5636780958907615,-1.0247872351274165,-0.14192556629789696,0.8915780779310896,0.6988208050137381,-0.569269658778968,0.9131582791430919,-0.11901464984422751,0.5176814305765759,-0.813212380567638,0.4702018046493962,0.4838413827095973,-0.5927205641605334,1.1468382022441317,-0.20222233529485603
"""GSM1539266""",0.8505441181305936,-0.6596031244444105,-0.8187237814759685,0.7769607254852021,-1.5759448120376236,-0.08866333518193976,-0.39503780082149825,0.41178381721023183,0.6937093264877571,0.08021590843268515,0.8087363889230773,0.2144408463116467,-0.18864248268290826,0.25831915791386484,-0.26389637981998487,-0.5946037154135417,0.3663628674614319,0.15323012016605517,-0.643647440476215,0.00802605338719356,0.5472831946809072,-1.3743866816639096,-0.08478388199893021,-0.7161928004527675,-0.21707052936468452,0.09297311157932026,-1.1145629778229935,1.572694109465006,1.6122233355836064,-0.34141297061630566,-0.4440519005867878,-0.006086369238534991,0.6810028722936337,-0.13464161795013915,-1.3415779672481318,1.3374579573105292,0.3662371852995743,-0.7581449456133963,-0.47893270507756897,-1.2019988881298767,-0.8609770463891195,0.38007513620258876,-1.483524325457,1.1799545549544752,-1.180608031722651,-1.2773255473192646,-0.9592860053943051,-0.9880017160429132,-0.2349698493659571,-0.5055439680218499,1.192928430309603,1.5547938714316534,-0.4421984732304666,0.6961063336840587,-0.326482517194378,-0.9493498602602645,-0.8500419400815129,0.13743635730111087,-0.29294855029064326,-1.1366339704257051,-0.5301993342906623,-0.9975732533512125,-0.5146317762311988,-0.024358441338416546,-0.48331243021732756,1.1830251920339678,-0.9931604329869254,-0.8883660650042626,-0.0778168448163363,0.9501819780755222,-0.27072518737850304,-0.8506096521248736,0.10257277340991618,0.17546682674928174,-1.9006234367935788,0.6227412593370762,0.6011454737144702,-0.5285421888153454,-1.1403767502716606,-1.1007807409851869,-0.6648226144875297,-0.9961951520672049,-0.22202714956170794,1.018383112461628,0.7951382508227148,-0.7310129201206663,0.7252092082328759,0.20805185169755053,-0.6739743660384934,-0.7700051798442892,0.09557905822595965,-0.5164067964563753,-0.6739742693852548,-0.6005575850592428,1.5586677755331204,1.2633247053088166,1.4430375478277377,0.2690687794212019,1.302189618428776,2.3722982861502384,1.0996009625784386,-0.640650857155295,-0.3020063065233955,0.4722435362460775,-0.6938393088713423,0.6902900773257823,0.14440395300569467,1.4147750934092804,1.181339898801683,1.600839282018538,0.7190209956498181,-0.7137853273743178,0.18494977688087053,-0.26273638413246797,-0.757690730948252,1.79437704531552,0.7254250214753176,0.6873208093128907,-0.47618078261042307,0.7423973691413553,-0.06857890036783128,0.8756443152402946,0.45270359467572185,-0.9628904084839331,0.014532916436330387,-0.5162009223859383,-1.013634405102758,-1.377245520871958,-0.4477864456681752,1.2728135788204193,-2.1824829865447777,-0.19997645905810227,-0.6652798376878895,0.16592033090075123,0.11448371476720608,0.8875361646648336
"""GSM1539267""",-1.6399176906587143,-0.6429624119862702,-0.8363715175717722,-1.0326722463628257,-1.2725178962513926,-0.5281770669492553,-0.04651976910058441,0.09475837307667503,-0.7311807819837128,0.0828616085402155,1.4088229635371228,0.16627859429886757,0.6057063927794425,0.27553280158180443,1.0507781809751964,0.5483871715053469,-0.13175837966336063,0.17265114697617756,0.6043372539801053,1.0285182005633378,0.4640102749182315,-1.2180245261146108,0.617629939922218,0.34305371059846845,0.7373353781860988,1.1501872073940882,0.24733467794542485,-0.9555807779392699,0.06237517960129533,0.1224303612593858,-0.16266113658271902,0.9746276810294809,0.2240976320136323,0.9870633700466545,-1.3036565721218307,-0.08087291542327049,0.32471836253832226,0.52258756287325,0.8128096902806056,-1.2612945502718087,0.38024712013773637,-0.2691665664987095,-1.1766832056115024,-0.9197045428478267,-1.1322290681380411,-1.100381715797779,0.7168301401182536,-0.3771363606323527,0.9134302708690026,0.7283863044534394,-0.29328881810295504,-0.07868558288434671,0.33880487812796145,-0.726762515576252,0.4966352828323494,-1.0709407367852724,-0.9068441700385098,1.5516685390512353,0.4980058619530808,-0.5092375152402351,0.4419332032619927,-1.3494269957831981,-0.5346058652634621,0.7690499109587791,0.6092954590998926,-0.32055072401348284,-0.07377206272959952,0.2916203254103493,0.588330969944277,-0.12301356043684913,1.0283980731506177,-0.12486437002872972,0.6772319825143828,1.4602867274689584,-0.27554456977747277,1.508642469302425,-2.3714058050747964,-1.6916564802532013,-0.15942396866707995,-0.8476163164909924,0.4126934694673901,1.2459789611110321,1.1585957459232756,-0.15108653315156093,1.1117696654230593,-0.7722508791787783,1.405617913329242,0.7875597964118949,-0.1503101210432094,-0.44002981548536163,0.982606419397303,-0.07466308642511398,-0.31217799286611714,1.3213474484795127,-0.35296533113208406,0.27064061476510926,-0.9273432211199187,-1.0674005515826024,-0.13401938043710937,0.5481604575911764,-0.4105118953562006,0.4176643600663227,0.02939553043428372,0.6147626237823048,1.5890358061935976,1.221941574847768,-1.339635760893471,-0.07404173232637858,0.7567387783748027,-0.961943484847376,0.2951222023348156,1.388800606222984,1.2324389552538573,0.1253551863389846,0.08493273847790916,-0.15046703371116366,-0.013313104936990245,-0.4831816406585199,0.11136330915992776,1.054735467656121,0.9569743468802226,-0.11472496667047918,-1.048222865182788,0.4784386594677583,0.9960663384381947,1.3499227386758572,-0.1395937613319108,-0.25280350327781825,0.2565631281844985,1.4307221851272027,-0.31903703179771536,-1.590280199225924,1.0765974663686668,0.07205266462341,1.158452599489351,-0.8430653831599729
"""GSM1539268""",0.5098451421241227,-0.6021749657676756,-0.7274953663951808,-1.0472016501954269,1.0942200451145503,1.1394380956099064,2.6529049822515445,1.4614248165853252,0.13555590407299445,2.1782257636682614,1.6759257541305133,2.127334621201148,0.3423063420384284,2.0191663979102144,0.7189582664311415,0.338076175178162,0.9848614936579273,1.9996464204061084,0.34240552783502065,0.5106394655227482,-1.193466195431642,-0.2329145217787175,0.6021237049954726,0.44178850352265997,0.5204806742933994,0.5119678338456074,0.2853795143180572,1.097425205158412,1.5704496944499526,0.01882900972505513,-0.38202588530349146,0.728438213183315,0.7192490326198607,0.5728226793863498,0.5274633206094015,1.1761221560820505,1.7228701943167515,0.10048071273667816,0.05590671452883533,-0.3808074818743533,0.9961571235339577,2.5555093964496765,0.1494195331381595,1.0135876751742467,-0.9801670897270517,0.31782283461181926,1.5324860767398907,-0.25561546299432203,0.3081147387691814,0.4335142487021984,0.9432813345449568,0.9092142125489566,0.4890944808140737,1.3230495229956143,0.3766893693184956,0.38193037500155796,0.4842334523127329,0.6683123327270262,-0.855436872636664,0.06448982033932699,0.17431806318741838,0.2525264201596652,0.07014863604224869,-0.22785210625185645,0.487414295748171,1.209053028168745,2.8715806529353065,0.2508260947518274,0.32871751739232863,0.9936946892261802,0.5038708077158444,-0.18397385657659784,0.25062951936842587,0.42726985992733996,-0.16755246421563372,0.7055974309219901,-0.494106567858239,0.04721801094220023,0.0799888817505663,-0.19255542431425543,0.33158385071103497,0.23792476874887697,0.4081591976724265,1.304771494579083,-0.7468192212206602,-0.6010708804671053,0.23822048899596712,0.34812141546259356,-0.2669469567531406,-0.47998554250330344,0.07894662738893582,-0.043789202681948615,-0.33854658037053426,-1.1993482959972652,0.30003376752807037,1.1206491729661245,1.4035574386271308,0.42279222815622636,1.4158488798796638,2.5195041967650433,1.7499471388073862,-0.16682679076081308,-0.055929449961666114,0.3517716643082515,1.3784745022821914,0.6605039066707991,1.6722049963124452,1.247179685231373,1.387224814461442,1.1339303639741878,1.1160107206039327,1.5201597415370667,0.7526322919437655,0.2871620876029075,0.2000803113134921,1.2260567652603973,1.133794068908061,0.42885819333019515,-0.39865980935286255,1.2024550912585754,0.6164571860792531,1.2495499128934073,0.7282811019500678,0.7655398304217369,0.6787945271574836,-1.0642553352121982,-0.3423056654107397,2.548447116003588,0.21259607583127474,-0.3034270628646106,-1.037423654494757,-1.4206456954709763,1.0213952001979574,0.5748035603207445,0.2641020991915218,1.1580973803218118
"""GSM1539269""",0.7340780850528614,1.471134074925024,-0.754253031522265,1.1125031434964083,-1.2595948751094235,1.0008599487385366,0.39683342742015365,-0.8183263942545247,-1.9048870045300021,0.5906933367377477,1.185984540252428,0.623727017944585,-1.0070651631050354,0.5632490297178664,-0.6004276689391173,-0.6096346843037164,1.1628633410545863,0.571685600806318,-1.0712238730986583,-0.869216493464163,0.1793991134163938,-0.46871304152400994,-0.90086123439557,-0.8332171852526126,-0.6028952400957273,-1.082995269439575,0.2888204870422028,1.0000916158070516,2.097266969162014,-1.170631177006534,-0.9833075256737873,-0.06619507921188593,2.07212176477026,-0.7715285963838313,-0.002469579693580418,1.233164272516128,0.6042340831831331,-1.0545880163659371,-1.1057375020305926,-0.5527580552376598,-1.6935577219819065,0.3986414590482347,-0.2612563066861108,-0.6665415027506795,-1.1191007425271444,-0.20652082485063752,-1.8150194919607774,-1.1181961762318997,-0.35861152108380095,0.211365104561553,0.8331311532906047,2.3830476672454073,-1.208377476268771,0.9688291593396032,-1.0022484561924925,0.874044701308847,0.4983124308913606,-0.43558471487932576,0.6763486105584186,-0.9945907853843491,-0.7441357149267905,0.2682399947444849,0.5057261620902628,1.0727153460504146,0.24557001168229114,1.350370650762916,0.7983783490815788,-0.4705973951512689,-1.0389046206463948,0.7803907793453122,-0.9616686164849474,-0.9022298256851623,-0.7127385224445713,-0.49118017088696553,-0.07170408485573725,-0.6430249433200297,0.3842262878170588,0.14624963515491984,-0.9105515118869325,0.8829637718986469,-0.7191991376585414,0.7312964301610906,-0.6994789556272726,1.5560150471893222,-1.3991645850710246,-0.7516405190710621,0.09792921583133894,0.2358959894692966,-0.9731349878461715,-0.5259877595141935,-0.46013517586484687,-0.9131012835514134,-0.5086361103461347,0.6604780240249292,0.7702183943390406,2.0187268865659194,1.634098004241236,0.15094546906182543,1.4693252387990854,2.4980244606176183,1.5760548143812554,-0.6769884396538433,-0.07189989939478522,1.1749658329006307,-0.4494057420148123,-1.2322944855384828,1.5292430964369188,2.6674021037084255,1.6971979603835847,1.4502548934747443,1.6302832639887037,-0.8598566553455483,-1.3554673161665052,-0.17702720536043995,0.22171775433105637,1.8596441469640081,1.7996593351378658,1.945139265698912,-0.8319027353876451,1.4877120145755751,-0.6580255660953572,0.9050181184898889,1.0438256186033734,-1.444781345829732,-0.23442216909686725,0.41360758941795683,-0.6606634051802668,0.5010022434294893,-0.7836617169404269,-0.6304582822204037,-1.1846729638284865,-1.513410238434807,0.26649056749488864,-1.0021221950462096,-0.4272068456900394,1.3555050106368558
"""GSM1539270""",-1.6562813780867929,-0.6132291734313347,-0.7543791647149843,-0.9938539330136316,1.4534450617918155,-0.8864802193339723,-0.33669978285507596,-1.1043273194043417,0.5408365033641925,-0.029843469992520112,0.2681172945361653,0.23900584913675882,0.9498586990565527,0.11335063799945962,0.9709523680516257,0.6807871914308536,-0.4688078359977638,0.21098753348230234,0.8887291895061944,1.1436999260923402,-1.0805274263496056,-1.4971188849502177,0.684647596798479,1.13710976266124,1.0700377545131277,1.1647739873750604,1.5818712255740817,-0.5303250359153099,-0.8852263715373627,0.6448526048578757,0.3431197676824092,1.2132625277636762,-0.21336375592508733,0.7398373939614208,-1.2585393662095354,0.44043411643293245,0.3533792422512729,0.3630751238431444,0.9111442011060489,-1.1955392276406853,1.1694280785146531,-0.25369019533511045,-1.421830371255387,-0.6896061537092323,-0.36528615734844455,-1.0496755442744026,1.2681176033353676,-0.4005533638344043,1.174536387040009,0.7271122511469524,-0.46852796485149406,-0.863075608682069,0.5808813010788275,-1.028064931432894,0.9590295172875545,-0.9974738299941361,-0.8274501512936677,1.244069476530888,0.25935744601615524,0.07197949389322668,0.7562798487421132,-1.0869542701333197,-0.8606366372539822,0.46539249524947557,0.7710074214442615,-1.219049341351969,1.1855913286935242,0.7143131289844997,1.042770974934277,-0.408329002327309,1.0773098642804277,0.045640385339057114,1.361748482242386,1.4280027005318707,-0.13062778543321793,1.501226119198761,-2.4247939918006125,-1.8931988685493923,-0.1998881648530514,0.20263990681182925,0.5063173964155835,0.6367800433578341,1.2756261911144635,-1.4548029490314776,1.4570130373468804,-0.5718130850621562,1.2374553883754404,0.9557929022815567,-0.046364176764927816,0.7941554905338886,0.7742257289207932,-0.014007860667198778,0.1091871183836333,0.9545487798289807,-1.399405737897418,-0.7842441366516318,-1.0303809310277512,-2.1322006440984946,-0.22329509359566485,-0.39113783632770877,-0.5082820394350405,0.06191049838626207,0.44101646625187,-0.7829086228305313,1.9202234817201278,0.06160118872205766,0.6301054070005014,-0.8554734760754581,-0.37929174707724556,-1.1518719613389066,-0.6100485563909888,1.5567885864295696,1.3229982509137368,0.5722802534390119,-0.32647095703815454,-0.9401512085906736,-0.8246653848262943,-0.8251354635068802,0.576966930038291,-0.90851044352792,1.164413190462048,-0.9258531997519757,-1.6497713430373966,1.2583641648969484,1.2485842767980029,1.0039309266380578,0.8388304905234398,0.7533885729659211,1.1481958663715188,1.134277237961421,-0.4231112600392428,-0.28244132813799466,0.9914244982515243,1.6393277143906084,1.0934069759287177,-0.9571423674257044
"""GSM1539271""",0.5930148673344579,-0.6500080206590926,-0.8413116139537226,-0.9774005758366203,0.29820591134892266,0.254069657750053,-0.10942375185527889,3.4922043290286546,-0.0847050314188197,0.2039024392122166,0.707401373082117,0.06879321779829224,-1.2919695768882433,0.11817184882266817,-0.8654557282427824,-1.1466554801996662,1.2206280137151453,0.1413874098547996,-0.8794820499320202,-1.0487405009582587,1.3188014097077594,-1.6448253856670874,-0.9249517742272613,-1.1840012070274188,-1.0690472325524312,-0.9895774062288578,-0.27927228078507416,2.2266622852185214,3.160823906129007,-1.6051101230905676,-1.3964028604101717,-0.2701939894177625,2.374706929044396,-1.104001331753622,-1.413788263887788,0.606444830493249,0.32066928831309277,-1.462568148376808,-0.9677349646700031,-1.4284460695509071,0.6502655805220424,-0.07400052942278897,-1.6625975313068464,-0.663665485363476,-1.963967752981138,-1.5445222703194608,0.5210429046193924,-1.1700803176345282,-0.950615490020676,-0.4916055165363956,-0.06841308006343672,2.0139515538828383,-1.1051934103382297,-1.108898905980006,-1.280129018221703,-1.1931362405087234,-1.0540005112207897,-0.9033955277215077,0.7863668878676585,-1.0028251655954308,-0.565310924526523,-1.4658936168785002,0.6216722552831003,0.5060566557258764,-0.49821785195907453,1.918544934858736,0.7077085331651245,-0.9151802027712297,-1.2877760272786136,-0.0782374308926821,-0.4503433882341818,-0.8658370217374028,-0.8034545362969135,-0.4846675984132254,-0.32684437099173985,-0.7891209310746611,-0.32136464183232516,-0.4438997202465389,-1.250039584764615,-0.36934125560483083,-0.5010269429232501,0.524365977551356,-0.6708311115154234,1.9510653134756344,-0.7804446290059636,-0.7556712289548874,-0.1891948310521113,-0.31237534555908586,-1.0267857935126647,-1.3143616610190798,-0.8687724855843713,-0.3093645132146767,-0.5184670185543081,0.8174424444278353,-0.029975221654364056,2.441710317923187,2.84974130350726,0.418473898765202,1.996219543466074,2.2573193042856747,2.1542870884140073,-0.6050127501799999,-0.9903071775133494,1.0597331128945846,-0.08623845500498421,0.18563232921838366,1.8491475181774772,2.1016707864260176,3.1760117899723364,1.6988451960330357,1.6884174724776932,-0.15323368668350212,-0.25258758557616956,-0.3972938806449412,0.0783958458928765,1.8179563227987883,2.2073753215287297,1.7304180963156928,-1.4960422486447598,3.0561270745940585,-0.825858066270615,1.636225891009704,1.5568799771926343,0.3195686850261331,-0.22584931840260897,0.48162759214834505,-1.5302703582081885,0.39450125426848187,-1.043661719441017,-0.11625213338314282,-0.3386380883410728,-1.9178776083011293,0.01172735869264654,1.891742617496223,-1.0935635013591722,2.0460465340447604
"""GSM1539272""",0.49356724278208547,1.8556610421795219,-0.8407741202273334,1.0755508098293494,1.3062618793487346,-0.14579395991605226,-0.7723898831997248,1.0505096513054364,-0.009534229525937712,-0.763834780888231,-0.864252146684803,-0.5730511496605709,-0.2705276421110938,-0.45034265918888583,-0.19627151218142785,-0.3446634643667774,-0.5004146961129594,-0.4716651216601449,-0.5409183504297788,-0.08194451738831468,-0.2932458351242316,0.10293870681714541,-0.2709995382097356,-0.677736935367856,-0.6399155518554741,-0.07530769528030085,-0.7833588327968324,-0.7566910337141596,-1.507166555969147,-0.8749244769150881,-1.2833615509279817,-0.23286371415883564,-0.8274509711653619,-0.3490083995551031,0.18211674712116507,0.3487229592077935,-0.36110231159674866,-0.6832212233143432,-0.8929100308954012,-0.5492291375888191,2.014041242803481,-0.7138141050508209,0.5192252096061502,-0.6408630917466263,-0.7888856473396046,0.4551593067772362,1.3409056307744036,-0.9677482180888619,-0.018767499286489707,-0.5636813037301636,-2.8445056778412727,-0.9995353453824531,-0.8435013315169874,2.048793855738457,-0.46123976147320234,-0.023002534720733214,0.6212270867077241,0.003240025516888941,-0.04322165932839497,-0.896995836491425,-0.47516171261530676,0.48793707295333416,-0.9161766320841431,0.7632514417527444,-0.3785063450612418,0.1719677287334785,-0.8641162916709153,-0.6797117141423634,0.0816506132340516,-2.8243850686803675,-0.25691068220065155,-0.605556762616939,-0.31855058309218137,0.15704513217070787,-0.3196059345518249,-0.26822307594061234,-0.2722670691103459,-1.0824589389407673,-0.9008983525883083,-1.1409251405820007,-0.6251654055695985,-1.373772674399924,-0.27684951197382646,-0.7609259224281096,-0.4638357337450682,-0.6443899248997357,0.367326538758946,-0.6782274524286924,-0.8413443872573856,0.07031836992447626,-0.7227203846968081,-0.7948890634161835,-0.3502008471826188,0.6480191160572805,0.6586083128386161,-1.041350524893727,-0.9671862747122696,-1.2248420985054738,0.3715033171066781,-0.29596628336747394,-1.1284371382340768,-0.7160166388464236,-0.9927862723436996,0.4579364596900702,1.327788304555952,-0.6145955165963828,1.709388232707147,-1.0661322066775984,-0.9069714315919375,0.36168729121993315,-1.1338303904673062,0.9004658849223831,-0.28477728243555794,-0.5353214398620272,-1.0987621419907216,-0.10307712529852602,-0.6467370806351517,-0.9982330565819901,0.05338080317371463,-0.8786235582975903,-0.21965974238073943,0.42672070449584765,-1.2447244577167973,1.8190104283102206,-0.27372956715692504,0.7029822864087858,0.20569293515438133,-1.0498527366103823,-0.8991456301681661,-0.2579001749281966,0.891658596981554,-1.1859932560106992,-0.17270358284064843,2.8580555184699556,-0.29747199962050547,-0.5896907899472652
"""GSM1539273""",0.4022277761595476,1.3894471720193977,-0.7295701605945101,0.47968610863943945,-0.8349409879973338,1.8364109402692868,-1.5702519111291875,-0.17053296887748579,-1.0248280667500638,-1.7806411445480193,1.0027976212818464,-1.8589522818626658,-1.0339138423553836e-05,-2.0339783722509286,0.022144242173555997,-0.19207899555868113,-0.599143578595966,-1.9657046502410194,-0.5043988602892291,0.2005902727103691,0.3206307465320137,-0.17753266933047765,-0.3143299467892751,-0.6410062170398361,-0.24372704130618225,0.29241989749722025,-0.10626749895725407,-0.10908714828157667,0.12812602758940697,-0.33707543148324887,-0.9209213870520243,0.09364569225783417,-0.10943748311123203,-0.1881292401670074,0.3557546425523036,0.759545242744135,-2.2765858578065177,-0.1672562867681739,-0.35458857728422594,-0.1962537276762518,-0.007221347120847664,-1.0137930834711135,0.5260252201058367,-0.7547450493717068,-1.1680139542703463,0.4823616326735282,-0.3372637540236782,-0.972486255901587,0.24549494177783587,0.05326425020790767,0.37948089430142884,-0.4842738798314583,-0.17728622971884636,1.039560618959863,-0.30996932969495433,0.4280635704164356,0.8717521878450254,0.4499547354119583,-0.7136858010441505,-0.9335281185747202,-0.11201577720812565,0.6972347249625157,1.7909633317522424,0.5077478219960901,0.0625338589741784,0.008159583122396334,-1.1802859925192304,-0.5033646740944624,-0.41117061375928043,0.46456100964136016,-0.08340031404565854,-0.595557168141427,-0.32125428886807667,0.686030140739813,-0.6726464513327216,0.3519898778775346,0.009065516793534536,-0.050549810328918775,-0.9898823411599029,-0.630608414457673,-0.20763460932575564,0.6230490065415837,-0.01718713103748639,-0.5168264622202304,-0.1372839477056758,-0.6921635344830243,1.0223432794452427,0.2813130159591181,-0.7490422854850465,-0.7177387829827047,0.2530680301646202,-0.09858268783034799,-0.7052726538791216,0.5468736217072979,0.22569501356274074,-0.6779290959602566,-0.3390656011358222,-0.699168391533717,-0.5457011508325376,-0.4661757021689466,-0.15142824209306452,0.008864287080206533,-0.055929449961666114,0.16838779486846758,1.3375640895879113,0.681916971721532,-0.21447250867782305,-0.4083251529746221,0.012439720860341758,0.08529838043229121,0.5033591327430587,1.4087069821432354,0.04158056627154741,-0.23493094087251573,0.6068646074233311,0.44353372564522014,-0.1032806753934777,-0.8881603607900727,-0.7273082562605527,-0.3616512957049693,0.1353014136801782,0.30343172609057695,-0.7243566506156381,0.05660951388622059,0.32636252140576033,0.8372167445575032,-0.7443196622533209,-0.5754707499278886,-0.7160069922239282,0.21775352853673133,-2.2521447926019516,-1.4049370654251965,1.2287117539543375,0.16222952677444002,0.12347596476816414,-0.5504564281683522
"""GSM1539274""",0.6311483438081377,-0.6119659169819422,1.393992252962488,0.9342730939256956,1.3261362524815288,-0.45145819215213756,0.22734734391617656,-0.981016245664271,-0.18886541789494193,0.7299930567385627,-0.33975892519030404,0.8310310909803627,-0.8395590807651322,0.7152630262682969,-0.3361223320123767,-0.9696232749191759,0.17276895759896896,0.8196888774920229,-0.6731491434857415,-0.3153366605870867,-0.5545564695300669,0.26703583931932906,-0.9324081308427403,-0.978842409722825,-0.6940333825524337,-0.06351630061192538,-1.5450830048908144,-1.6962591761547547,-1.1160721153653173,-0.4467033733949251,-0.7735462123183263,0.07778623022913977,-0.7357105136287824,-0.6102891855359981,0.3008828888418432,-1.1819993415463204,0.8999308415266668,-1.073543017455578,-1.009184113371473,-0.27298450382329886,0.315629411546998,0.3380936354323012,0.4369645329515537,-0.6778536413105601,-1.4849255270901764,0.9108927119453541,-0.27807912677334135,-0.9172058353550172,-0.2683232274790757,-0.5791018510145721,-0.6122513663812473,-0.33077694852459055,-1.1881188500936903,0.9163574995255939,-0.3923997285841572,0.3110841957501441,0.7815098808157359,-0.11910150964845814,-1.7947143492481121,-1.1398238547969437,-0.6245843449991918,0.4912483793912458,1.0751417983134635,0.573629798596002,-0.7356047988088785,0.41478903736898126,0.6782420478987969,-0.8037098141497259,-0.739536344814624,-0.5622900047482212,-0.32778285206577296,-0.7281993904343796,-0.6875791638120003,0.26265902959580406,-1.196599203496792,0.11718901867678892,-0.5313308234959789,-0.3736408536574812,-1.0712070390675246,-0.8666911487280189,-1.0694138750636715,0.027337071555504286,-0.4403040946519848,-0.3990831075630298,-0.020153551275857665,0.0516598400852044,0.16738341981097757,-0.4507879147793793,-0.8667218979277999,-0.3541221784156934,-0.4875139517424385,-1.3669404584519271,-0.5921281764123751,-0.15953154422469024,-0.03407760142344739,-0.6370062712425693,-0.9195210574336788,-0.6345837816868447,0.023839162503798143,-0.19012894264503974,-1.0882496819447982,-1.0358617909078627,-1.0390143285754487,0.23982455791987062,0.7177251615785741,-1.25554900050229,1.3781376397145946,-0.5145089053844096,-0.2887683489195855,-0.09686686088612431,0.06774108112064525,0.9274418736365604,-0.6715519813764664,-0.3551595877649211,-0.4575666316897654,-0.2941748747135342,-0.6157541954188651,-0.8967582360736671,-0.7553471499592703,-0.6514054006813282,-0.6638331308304783,-1.1521673195377538,-1.438298776109569,-0.3428183804375288,0.26819460682188423,-0.5706425409112468,-0.8069316926754964,0.23599562599667487,-0.8231656385313353,1.540392831949412,-1.9113478402021356,-0.7316501472948307,-0.6442480417902174,-0.34144211081569587,-0.03242655557517169,-0.6228655666744513
"""GSM1539275""",0.6940893937843026,1.36577177546287,1.2226808125475117,0.2938225190260997,-0.963948909030505,0.2043030803109049,1.8265482474654706,-0.894183669381997,-1.4327622830214746,1.5637363038208074,0.13832822334606082,1.6723741913381536,-0.38772335316575546,1.7239587382095123,0.04412791395925418,-0.5451436212772097,-0.37383189263645406,1.570109519781978,-0.4650224805129805,0.047389264966678675,1.4384170552073436,-0.06087178550504634,-0.2672323665548677,-0.9274705604198022,-0.283687406372687,0.1280931767219104,0.08581699516769058,-1.263965734543343,-0.23105141826226078,-0.459250761730764,-0.4393160451062029,0.08047428937641304,-0.3907722282947759,-0.30017175966301646,0.23402337674520485,-0.8630857743240448,1.474245682271322,-0.4128458552264785,-0.12695640134271774,-0.5698664484309243,-0.025895575224031245,1.7919998123702725,0.27819890718298773,-0.5851860145109499,-1.4115786333114024,0.35140152144951525,-0.2061533032153392,-0.7525642341724101,-0.18987308904646055,0.1744364138364506,-0.9592198446569873,-0.05488639064567972,-0.3150224581152606,-1.0473404571939562,-0.39148232661251897,0.08688348920051531,0.44842400714352204,0.35079790829974017,0.7950267285870412,-0.7450728864730151,-0.22857887764456236,0.17853525623079708,1.0150549026141893,0.64264742703134,0.04850554157759969,-0.18580116510036943,1.809363876087,-0.09956021457988364,-0.3184108641810882,-1.0046722691984031,0.09517630533664811,-0.4738027662613218,-0.2071350742656716,0.4136928475256103,0.056233343675724516,0.4643997395001032,0.5378320456666498,-0.8356947830790404,-0.653756275523769,-0.6769103527407114,-0.56004818041064,1.3913460422180155,-9.472652670484493e-05,-0.06871358641285895,0.1867109779498073,0.44898849348252323,1.1422992531610858,-0.08397754128668442,-0.5316693352059264,-0.5228512772266725,-0.41665319345321394,-0.9827825296074637,-0.5144664155792191,-0.9774702888967468,-1.0499629957340209,-0.10192998810409654,0.2930920974860078,-1.075382571797462,-0.49081578535671916,-0.8278893727898261,-0.05404659077485306,-0.42602915180326834,-0.6676150420189182,-0.8978671236678011,1.2973511977734378,1.013164022164224,0.9572528317433344,-0.2630874968259473,-0.09950399597540138,-0.8588438584511157,0.9699033414399824,1.1132091317352488,0.03048780922562951,-0.4198527546029206,0.47534336830617574,-0.18568756574413892,-0.27029819204948824,-1.4928064021979046,-0.8716119279075316,-0.4103240105608565,0.052082073899830605,-0.45748764543314424,-1.1964839294047025,-0.18839445587960263,0.39485351687748826,-1.0109819019228274,-0.16946378782883312,2.387962577546344,-0.25614605539474067,0.758223408830014,0.17617296084902814,-1.6356022801950005,0.523153064230934,0.4747873051893683,0.16961866681768592,-0.3235346432228711
"""GSM1539276""",-1.6576494481613842,-0.6002401247888985,-0.7433859262445311,-0.9939043176136606,-0.4726120419154036,-0.38321324889604563,1.121020673559479,-0.785280271561521,0.1879131096619054,1.2253995349301086,1.9427666910762278,1.140206398392422,-1.240119160408408,1.0924254641837823,-0.9047627503979319,-1.045419471596126,1.637376305849934,1.185860036496026,-0.47875798852839463,-0.7693982977763181,0.11792596661012712,0.15268244989596153,-0.9822959616558639,-0.5805980776143151,-0.4403867417546904,-0.898931305836164,0.19126655056575614,-1.1825531136951488,-0.48537876336939123,-0.879661536485354,-1.0773874786389157,-0.6585941080895829,0.16521748048150078,-1.126214148498193,0.5628959266760228,1.9817398510592545,1.2030083876074882,-0.9758402020810389,-0.9584816082605196,-0.04688071971195251,-0.6124677521969665,1.0993922265349556,0.6161411668795271,-0.7881760369976463,-0.5936790963900271,0.4083644728463585,-1.42105477392173,-0.8582175422862566,-0.8530779529255776,-0.6189713896967606,0.39605759436096,-0.2208194233806358,-1.0871102797140926,0.24364839850374756,-0.8616940977397703,0.6118018493134778,0.756316120793297,-0.6958319470670687,-0.6547407464070168,-0.7571101723887761,-0.36274399359049414,0.4912483793912458,2.004590048952688,0.8905432540897128,-0.7231854105614256,-0.31566769661772154,1.8551688255438783,-0.5379200714707305,-1.067893539153868,0.5781667017536695,-0.9754320959443915,-0.7487630826618129,-0.7081177943258953,-0.9796765213333405,-1.774915880522005,-0.876774141132961,-1.808335515812839,0.5569785137153552,-0.5287870984460008,-0.5717026517990917,-0.5756408423621099,-0.24878627244261303,-0.7180486876765539,-0.07953979889868276,-1.1136845508225843,-0.8983482740605897,-0.08367707998293213,-0.805949323609178,-0.8352549297842434,-0.2657348251907857,-0.5879310443585879,-1.2177182600679053,-0.633961211067167,-0.07629626734437715,0.8456575013104031,-1.2149890853083507,-0.7645861236435975,0.1719959326587926,-0.7066135043851288,0.501059036408321,-0.9786735908707209,-0.7773560337622544,-0.8949686898138579,1.6942597428279527,0.6563677698986461,-0.8772316908563935,-1.3914237787166301,-0.24459731011369662,-0.5671578644415858,0.4000493757289872,0.922215889007045,0.8305218093139083,-1.1652081160264347,-0.6119206791040863,0.0868226332247688,-0.027928657743227746,0.32114796032286136,-0.9202359313228212,-0.33886094432434516,-0.6856733174825238,-0.667881540307062,1.1530532147047978,-1.5639402931147228,-0.8327839724763036,-0.5058111362172032,0.017712388441627678,0.1048065326536782,1.7179367870802875,-0.5195589505029229,-0.03200871124329252,-0.4537719965823949,0.22742380238823307,-1.0594916521621696,-0.7736703238199475,-0.2566890558362539,-0.5259067310217073
"""GSM1539277""",0.44816260472924113,-0.6005637303199354,-0.7494016408425791,-1.0570560496902104,0.9029404228545812,-1.4455480716631717,-1.3332090367208815,-0.619491982032906,0.652080345483187,-1.800202632782747,-0.4177607414971405,-1.4634355387551314,0.5922824552402103,-1.6704671213463362,0.18875729039384984,0.13981371023507508,1.258247747848461,-1.6014912891457358,0.07799988967831283,0.6854123096544263,-0.6283371672942077,0.8023719336376613,0.29809558616416665,0.035195222565738864,0.7134651031410081,0.5914261048393071,-0.238315096096182,-1.9209659080410866,-1.6129803941684462,0.1572378759368548,0.38592619827171376,0.1258491544895835,-1.2104565526024098,0.5120379435345104,0.8375098477649551,-1.0639210745489667,-1.5593263234483596,0.6593233818003642,0.6944830169369461,0.33165880939270026,3.60148100454664,-1.2118023214569658,0.9787208412405444,-0.7970981144023839,-0.35723058676149433,1.055938960015734,2.7618625401373462,-0.5200880836791253,0.30264082868048947,-0.3211947280043497,-3.559367805648449,-1.8910551565991236,0.16288933789022628,0.8581280350208429,0.5646792341411049,0.43881633998963204,0.8272577876073133,0.8342498519861586,1.0323767241057682,-0.2778046310175981,-0.2966117802820611,0.782909924134025,-1.4983576656900832,-0.10898454914934429,-0.20648910198986686,-1.5098206374746796,-0.6985666145901851,-0.39233762382502363,0.5522909496657402,-3.4244894111441315,0.25159392602194025,-0.2589209596785868,-0.12071171169617918,0.7315161868304522,-0.664237379295559,1.1842757719967159,0.19287867282036877,-2.4931127922890397,-0.33817963385433714,-1.10622569271909,0.18861246386371044,-0.6257329240449753,0.28948332960761797,-2.52355145953897,0.2236838045211384,-0.666165885590296,-1.1328798611056345,-0.2279237567170687,-0.32665650458395945,0.1612726913150927,-0.12551471693940539,-0.38411669811835625,-0.14981787654564466,0.22233232209345433,-1.4874359553983532,-1.9110726748723923,-1.8211804454642928,-2.7124026571750073,-1.7291847724130054,-1.5694168279367893,-1.82728581881212,0.19880472109620698,0.2200565418247123,-1.8177806746738212,-0.6618017470055886,0.1597544198529389,0.5942862993392505,-1.4178948851577142,-1.8985138664127816,-2.1246381386556106,-1.967709178357408,-0.709252696779,0.5958722696216199,-0.3474900352034624,-0.525369139746908,-2.310184079529293,-2.1389442358413664,-1.9590586322392807,0.16294826512566588,-1.1247145129493885,0.44465721223939225,-2.8672303247125965,-2.1168285062796395,4.230626708632706,0.15913079259022667,0.03657892391539371,0.1470224144677792,-0.49190645529635696,-0.7608968895051486,-0.3019496233858185,-1.5683021690849726,0.560029140623084,-0.28846880477771136,1.7505502452165784,0.7091829781030061,-1.778630337731573
"""GSM1539278""",0.5729204696194925,-0.5420209938255668,-0.8106508790349554,0.7841278586063509,-1.4717501765375856,0.6128374480087647,2.7178123161807326,1.0230293811927769,-2.3508500236956396,2.158145125578831,2.0206444555949683,2.119327796026385,-1.2714160117625501,2.062333298654354,-0.983132834749625,-1.2053364452899156,0.048560441394730106,2.01733870821617,-0.8235422529123675,-1.2230497761561034,0.4722489086586762,-1.4205639588217613,-1.3493070228221082,-1.1630478497560088,-0.9223446797053726,-1.2708449190273465,0.19443487766647105,0.3857639023217312,1.3670955509643719,-1.4305098910248597,-1.3316499466375147,-0.956281364812812,1.3849001620471704,-1.3558992233709402,-1.1687902799578023,0.9778077447616388,1.7228701943167515,-1.443065447458213,-1.592148767434162,-1.114477869631975,-0.4267188859431508,3.045191421525462,-1.3252009341428372,0.5475395242067811,-0.6256041513305773,-1.52022301475139,-0.33061032475190344,-1.1379404319235842,-1.4051564546024178,-0.3941186506606842,-0.5445947279754549,1.602862060768399,-1.5527379746401448,-1.720028600716347,-1.1750870656770696,-1.1667471539721659,-1.1765777259272694,-1.638787736814167,0.7707285278227645,-0.9342441692418194,-0.7413468773293986,-1.366329311581883,-0.3038676313677165,0.3671047542070584,-0.3131092639181562,1.7007220720731355,2.855643300357107,-0.5157232950965609,-1.149927016631381,-0.5089984146529638,-1.2895051973075986,-0.8664235189306841,-0.93421064944277,-1.4990863546230637,-0.8981809940118464,-1.965793286655262,-0.10666235636090686,0.7749458261245753,-0.7623870134425529,-0.7848373166109269,-0.7492610670043035,-0.047715001613727055,-0.9948236382919788,1.5873490784702766,-1.5673804342907587,-0.5753588184859196,-3.3168739135294825,-1.3703741766013469,-0.7892136947808287,-0.5299891241996878,-1.1130632259354698,-1.2144944652790384,-0.49448644959664273,0.9092036673308597,2.263669803999709,0.7012306238853225,0.9249138179704691,0.8311047073976962,1.9262669017103848,0.3431470289964209,0.786294248648258,-1.7663061790939334,-2.017044581821365,1.7101219153601903,-1.4625938555457436,-2.260300202072982,0.7685304746202237,1.6226164427188763,0.9997652268953224,1.6386886444652233,0.884167713431602,-1.1324864450257586,-1.5192264363343675,-0.8437070761349426,2.2287418367253853,1.186967881197059,1.4518169497112712,0.8617288597302261,-0.2819830972116096,1.2351128128593467,-1.6908350229799582,0.4306729829376372,0.306349821767955,-1.2654931158676794,-1.686249199068194,0.7029822864087858,-0.31719065351551684,1.8530461881961156,-0.6791705850868963,-0.21864998635226834,1.0035795267301464,0.0030676190035067072,-0.8071445023342644,-0.6539944531911092,-1.8330793987350418,1.9247762910438753
"""GSM1539279""",0.6491641223163882,-0.565963601760298,1.1784644412000225,-0.9299340872691739,0.7309355773686907,0.6799426421113978,2.2434021624479823,2.8832731904187487,0.3617199500543118,1.7447870647761798,2.0950943163141074,1.667276619089653,-0.7692134584660549,1.6461327237628982,-1.0043563341069874,-0.7409323780174549,3.0598293393270084,1.6548608243288319,-0.778844794081269,-0.6293860556183197,-1.0534019491982698,-1.0261236104354914,-0.7729206851739149,-0.6824403057063391,-0.7507875377031266,-0.7120055649148875,-0.34477051049056573,2.4867214849461865,3.1155578695331023,-0.9563635653503983,-0.6362059759718353,-0.405507277285755,2.235929768593165,-0.9430107929363458,-1.194788043279952,1.67803810176845,1.644314309686301,-1.0290798165092556,-0.6189841997401487,-1.2632907774589042,1.5639550947810172,2.5753444442704327,-1.2187932523288478,-0.6830783787074319,-0.4849663733538819,-1.114447168701369,1.1394556867825392,-0.7552390018899907,-0.7673507096368934,-0.7953835081945646,0.11690069707063178,3.006682201320194,-0.9055199701187563,-1.5953591796904592,-0.8784373700467974,-0.9855693757088535,-0.9313562594718299,-0.798767446380904,0.5735969871229061,-0.43839975255908864,-0.7698595832097412,-1.238014551692968,0.017280016693044672,0.580561185392395,-1.0394212194207961,2.530676432705709,2.1539377268123565,-0.05661774275412106,-1.190576418551294,0.03370278502325229,-0.9909070570626037,-0.8809877864404837,-0.5501932937101129,-0.6638956960603384,-1.6725488035953089,-0.9107367617091305,0.7231724713892029,0.9855620246238856,-0.7452171002773358,-0.9519577806446677,-0.5840621129333345,-0.264165646774159,-0.8241403764050087,2.414192997589591,-1.1970784677064747,1.9793369729633563,-0.9244231974948616,-0.5746916552476762,-0.9103271108867911,-0.549158743278033,-0.836288756965446,-0.9423229325684714,-0.7598391084307301,0.9491117426427582,2.3234025790187447,2.749809815572402,2.8055478004621337,1.5577503066112142,2.7112757731582553,0.7813320648095095,2.463026530082195,-0.45978461146383975,-0.6654522681509172,1.7662534415598083,1.0818565375745803,-0.6851828761108018,0.4402678663116954,3.6460785856011766,3.9337035614384694,2.0203592183244217,2.3502073855215255,1.3116398933884896,-1.34277413399531,-0.5694401971426563,-0.009128208637710562,2.1781247125018974,2.531082110635689,2.8186306264005583,-0.24643648795654427,3.375012801869681,-1.086445676999639,1.723186222177854,2.028277151055663,0.7269781747082035,-0.59614846305041,1.0950325828353025,0.0052538113537870775,1.3293379064815238,-0.36102244283443935,0.6256546181685677,1.4366917724328685,0.8849345204125051,-1.1268736935394157,0.5061956858472515,-0.4744798032133071,2.9526972400888125
"""GSM1539280""",-1.6457166743375817,-0.5755654093204358,-0.7831503695354985,-0.9022452148913664,0.5756513475103683,0.688072382262376,1.4423234349215708,1.338424060433995,1.0531522750532898,1.3463486599874768,0.5892235869626709,1.303780785937089,-0.6356785990834878,1.3590680614259552,-0.6362760651811663,-0.5886321150643444,-0.24031395046121914,1.345138649947359,-0.6514165033737787,-0.498296150131307,0.7608040895545068,-0.8834657991241857,-0.6699957427206985,-0.22426766619728622,-0.750267705554347,-0.39936254279971123,-1.4413771977992584,1.4888850362951584,-0.16040359220963374,-0.27711892656664083,-0.4650053906388951,-0.7237827747466885,0.3396986180530455,-0.5843381809497306,-0.9761550064807375,-0.9321053572775752,1.1644003534291205,-0.7152838223283511,-0.337346253667306,-1.0172484957111685,-0.49610993022607125,1.2452613851189884,-0.9413348117980395,0.7882210933985256,-0.025512940941464564,-1.20783666607858,-0.9506468944043818,-0.8356572295605255,-0.4818824580480597,-0.8335067607099562,-0.07909394920528563,-0.22424357724162267,-0.5786770273377863,-1.3166582217661484,-0.5317694054328016,-0.8921167794788926,-0.8307792390659475,-0.19927871996292867,0.3854146700058898,-0.5757846272210935,-0.8160392012231391,-0.8155413011532765,-0.7320594258683666,-0.2876553498219709,-0.8226758347993254,-0.3999984100801071,1.9267677280321343,-0.5526125623227591,-0.6988928125157456,-0.2541088557541416,-0.5555355542386807,-0.7336071637357628,-0.9587450690001972,-0.7114528335308776,-0.3360606726875771,-0.3614387243103666,0.5742557736829527,0.08977132613606573,-0.819002155275399,-0.3850308229437286,-0.7244904990793992,-0.5605295022855409,-0.5758506141931995,0.3165546026084559,-0.9500544897819034,-0.5826070049371713,-1.0299718131053428,-0.7713009651141763,-0.7878248579867851,-0.32763289176098054,-0.27713852413472745,-0.895272875628779,-0.5884840032345079,0.1482659142479833,0.12901165330149303,-0.24835299419923307,0.787014813596299,0.36264925591876446,-0.07427499641207812,-0.6594982352818831,0.3258669538489116,-0.07132997028497574,-0.49080136001809216,-0.41126123103488416,-1.5680051869549632,-1.1660248701989497,0.14440395300569467,-0.2426086096206434,-0.5292829226911686,-0.03834313035108638,0.09140236753884043,-1.498278031481521,-0.8683285628580342,-0.7560031686642076,-0.8369626626689766,-0.2712376031216528,-0.22053890294127376,-0.19259018130923147,-0.018853363499750104,-0.30275377371167045,-0.32840332639865744,-0.22215707235152904,-0.20627861281403279,-1.0642258931059667,-0.8409428119928654,-0.054157531824290346,-0.43817269704438605,0.6477993156591945,-0.5421464517654492,0.04177781011592442,-1.32997266324861,1.1917399204709311,-0.9302521265123049,-0.4916046224843902,-0.4862078942566149,0.10508065290332948
"""GSM1539281""",0.454288856191809,-0.6142683534469884,-0.7803009443946768,-0.7754146748604561,0.5655972380238672,-0.5681690624230944,1.096666146263007,-0.8025267128193008,0.6845505657749161,1.284062369972255,0.34795418095967895,1.4485347680845722,-0.24217030570455636,1.3631989203857229,-0.44750002376583037,-0.22816457283714112,-0.6220268007138722,1.364105529905106,-0.5149553260736272,0.0160638899129353,0.7863318008658571,-1.3460398969273513,-0.09269155562134285,-0.42570508163413096,-0.5454732523691312,0.03806478461055598,-0.5538462317661673,-0.875853791223346,0.41495063067850657,-0.7179438705086969,-0.6803428351280422,-0.6503823987677289,0.3571315279450096,0.1290769657625858,-1.4307813018794682,-1.020237828608114,1.2658728187344503,-0.24249391243066437,-0.1237082504609148,-1.0957789668610771,-0.5303644020675097,0.9005422325698667,-1.3739436054512368,-0.8549932948142692,-0.43723593342793043,-1.255394272018622,-0.5010482004567067,-0.7071651750319956,-0.32776756990593164,-0.7087450069427567,0.055723890238809935,-0.07038109268966208,-0.6076724468000494,-1.3198626133039506,-0.8009779882837853,-1.2938321360110663,-1.2156434764687492,0.019746645157183416,0.4227359118931433,-0.7564373428498625,-0.4843831035381302,-1.4078309722761575,-1.1941098950064257,1.0703665030880543,-0.600538095695583,-0.07258361929647242,0.9497250307090023,-0.5150369374848764,-0.41667044578711737,0.26544522606844195,-0.5998406469252525,-0.39264143849647837,-0.2443378681488775,-0.17846286962509006,0.7514783575107103,0.04051831817639295,0.3032091672320058,-1.054236362509908,-0.7694061447923459,-0.4483008632597436,-0.5652374003706,-1.5195265290496611,-0.21975029624646442,0.3544981931306258,-0.4215935055274584,-0.6543534149037217,0.2552484731186778,-0.3685261591886766,-0.5672148583807368,-0.5074660556302586,-0.20423919859374245,-0.38193242729857185,-0.4070535453167909,-0.9564494189442238,-0.5754843855563174,0.6675397934279189,1.4430375478277377,-0.9136116792752458,0.2789359870940803,-0.43375761226305853,0.4279143002853021,-0.9676779165497846,-0.30286797252476616,-0.7599211454622524,-0.40123205778285664,1.0956450794309573,-0.31132715065697997,-0.17613024316591486,0.1446025784842712,-0.39508983200147374,0.19744122341645876,-0.2570794134695562,0.28940062423212687,-0.6774839742181832,-0.39273918279418507,0.005823928859198979,-0.5697329553184634,-0.17963368148185213,-0.8918100485840671,0.6555882928020051,-0.5294304983780744,-0.4150744730006434,0.13483523625769234,-0.1690986430215703,-0.4812924421939354,-0.8897348707123519,-0.4058891586357052,0.7650316114362269,-0.8991456301681661,-1.3160635274752692,-1.652874981364516,-1.2878798792327733,0.007230425768432395,-0.2205288273617866,-0.4886619479291833,0.047141010849619254
"""GSM1539282""",-1.6751695702006943,-0.6610140098756273,-0.879966167500686,-0.9086046863182005,1.3808034575207138,1.084215959351402,-1.2598532798019682,1.4178519154597948,1.113570578756401,-1.0829067805120516,-0.7541452241590951,-1.082821716812283,0.7954958029140591,-1.2551083025225056,0.532350040024359,0.47409769255454304,0.90088497321776,-1.115461849211221,-0.12926574798325063,0.7656642655001211,-0.7388104214797474,1.2981037657716126,0.6754347435272064,-0.11280742197017858,0.23980282140330647,0.6756707083464392,1.6087422573496604,0.7975572309398193,0.9584789843640433,0.828007679467893,0.2822190765335859,0.7497734895077021,0.9913099351579823,0.7423524512928126,1.5579818245671893,-0.7512701066349127,-1.1196600060617186,0.6268186806854427,0.8597641501860299,1.3203409585479025,-0.6060409737388198,-0.9764696356577819,1.329187450080792,0.19901207295306822,-0.43012527887373997,1.3270535333670506,-0.6297940219886932,0.12155759662317302,0.7162189345835305,0.062429891271905166,1.1053619830464603,1.1737260718519764,0.6720980973709152,0.6917324106075781,0.6244502436732737,1.406730086652525,1.331786031493949,1.4055324035295067,0.0758492245007892,-0.029928107036059387,-0.24621472705318645,1.1203924516946768,-0.19917930678987225,-0.4709414347850685,-0.25067034086053075,0.9490690050505045,-1.4036270522373047,-0.0700098525543078,0.6485314746905961,1.1331848286769772,0.06569237861147749,0.002514521198848021,0.2627377061975169,1.2476257542302427,-1.8305789539444306,1.3217839694960494,-2.078383061660183,0.17838268412577002,0.19938424389156867,-0.9270506433208644,0.4629665003378471,-0.26553564477394587,0.1502721031560283,0.9994971125936869,0.08917459188182622,-0.6856966192963149,1.4565342475241014,0.5687510586647916,0.09316027155532354,-0.5901240630097103,0.35593089261551036,0.6392453345600346,-0.5786186929568345,-0.4109888481166457,0.3169260558257249,1.544865295289005,1.5171242687051882,0.4999106155854223,0.9073895177848924,-1.3221827532577373,1.300220409166009,0.8178810114413381,0.9518927563194113,0.04927785879302464,1.0489858061966406,1.4484157555054216,-2.6834363698406465,1.124737138130314,1.3443264682925191,0.43727320411309223,1.139497294832464,0.9594048950146061,0.8174405916353996,-0.02923532825635141,-1.780589754627684,1.243305773761674,1.1193053117436016,0.779846109510409,-0.7188758652280475,0.7831277293190314,0.9351076437841391,0.3451999635013766,1.1877625678083645,-0.591077203877673,0.42301292233292903,-0.6787973287662926,-1.016779432380937,-1.0309290457263023,0.20790496708052858,-0.745446831265407,1.9473329908174062,0.20913564690020334,0.2633798187944152,-1.0930464430929763,0.8414072595911027,1.6458488904981556
"""GSM1539283""",0.40370940582494164,-0.6153948257146609,1.4829102551787392,1.2146248637938997,-1.4024163841625268,-0.2685792691940189,-1.4161269860526897,-0.835681058533656,0.08822850268948387,-1.7718456877305413,-0.5822229265815593,-1.8828766199556775,1.6721675800952949,-1.8917388351673974,2.076600847612054,1.6113733263758547,2.6978627935607378,-1.6800899330929298,2.172445185394863,1.7991683808525438,0.24987889141707587,0.8453166488584345,1.9314709687886522,1.832329298517493,2.321126242513946,1.7095869670928758,1.0251617106430997,0.5004817804168393,1.5117690198365592,1.3687069551259738,1.738939893826087,1.7282287774773184,-0.0218112188947571,1.5438687190441476,1.0142305811707752,0.18772978422039663,-1.721434060287041,2.0044640939301637,2.195825386013825,0.7065800974550605,2.130002076394699,-1.10550920291667,0.9188753666887407,1.2913849848513126,1.2801832934959525,0.987033117506958,1.0725862249751708,1.8336436908845497,2.045625137364177,1.5976338849004146,0.9103261578582243,0.7968952439461894,1.7851745341695309,1.3443669817651986,1.5713873345049534,0.5050915209487964,1.0282367979904963,2.571208600061286,-1.5107052790261422,1.6617797442823703,1.6552998570059363,0.7507825934062259,-1.1449701276401698,-3.205448365842328,1.2583519735108573,0.17350069312105332,-1.0862122457709416,2.063660251529473,1.7355762795413763,0.9163802373725244,2.0536238502208666,2.2981443675623425,2.006858306834415,2.0664852794498096,-0.2645396485748305,2.3934169321226446,-0.39645206332977295,-1.7737543314667101,1.761234754501242,0.524680596298455,1.88514899772277,-0.3879045931786133,2.6821157989794453,0.44827048046600776,0.5784131366125458,2.17136821843037,1.2374553883754404,1.9139922558820024,2.043082511964607,1.6972803625262334,1.7594260755497284,1.5486887226710122,1.7982877498025027,0.7400286293145123,-0.8683467984086399,1.0183872398738374,-0.19000176749748146,-1.5779665360491375,0.13391299100965248,0.4049015220782038,0.24352938625283405,2.313159144684976,1.8707021865478668,-0.37392455888252757,0.39226604768417694,0.2321618952687732,1.0807728393446607,0.5892918953123788,0.9770904450716688,-0.09770193620140132,0.3842850693553179,0.2326729973009985,2.729471204359508,1.5415910522933312,-1.422279364161589,-0.15046703371116366,-0.4940184539512358,0.2716195824370531,1.842326038534035,1.1775482010224252,1.9752062093514209,0.23901705195291706,0.13175749287174965,2.2707188919848376,1.8229329737314044,0.8744475764012626,1.3614814638683788,-1.1675168025478917,2.1998851164655755,1.6146795408203922,0.5468943049532726,0.9262810299905112,1.5123217093051524,1.3494490041703961,1.7505824306464957,-0.24544138527519996
"""GSM1539284""",0.8183154301050645,-0.6372663435766084,-0.7924905076686872,0.8213564184917087,-0.6315813620698926,0.2485892586339543,-0.40988875734265195,0.0015880084949616742,-1.0720265611614905,-0.2568896440910085,0.8853542667666693,-0.332431683523106,-0.8174581123963128,-0.34417548465848596,-0.5459146943973352,-1.4231138817648457,1.5403081152854077,-0.3928062080545064,-0.989515886028575,-0.7367847468765665,-1.0934079899439069,0.25066619429460796,-0.8103259460093359,-1.2206926283370838,-0.5227499573238353,-0.8005384429600987,0.17246295817868534,0.025435894668752793,-0.6136415568705319,-0.23917160633310341,-0.7686167805099849,-0.3159060684346503,-0.6924290818138602,-1.3723816202899104,0.1929309094827626,0.3222864191122914,-0.26374130619319847,-0.6555697646718662,-0.5252415574195366,-0.04963995328532231,3.3143954322855436,-0.17936091509894636,0.30203767061797654,-0.7292642468538596,-1.840608671255303,0.3329914110922156,2.906125056755031,-0.6675138084976265,-0.8602658148001989,-0.5761614387137326,0.9200653020452736,-0.5208098243788323,-0.7077961056924646,1.3393013136859933,-1.2647112942826766,0.2847863362540459,0.16816949329723802,-0.39821018690577964,0.24328794443326435,-0.9184134928360084,-0.658425770737082,0.18859018551068066,-0.6109679341632541,1.022471221601106,-0.34362398194217086,-0.951885896566921,-0.259153089747876,-0.6517393503069036,-0.9702735878994555,0.9936946892261802,-0.4782972985185232,-0.7223219131519549,-0.7985334452372248,-0.3903499323189945,-0.5385768338816986,-0.402593150203217,1.3780904497469748,-0.5552981664157507,-1.091877655195419,0.6418520628864472,-0.868797538786167,0.8125791563374248,-0.5268619214816554,-1.0332094781868475,-0.40029968231835117,-0.7312986099976367,-0.2873542484731933,-0.24988466079785382,-0.660450854709154,-1.2897960063509422,-0.4019375320580907,-0.6738213541860848,-0.5490836328613128,-0.8100968598721677,-0.2173255193735968,-0.973383632037846,-1.280214981107022,-0.7758398605068608,-0.7332021368484651,-0.2768629255849482,-1.1267849588263399,-0.15585780569929622,-0.22591797924906104,-0.935564863327146,1.1213762396443478,-0.47022570127068564,2.4598120552573786,-0.5009137740898851,-0.4565205547262601,-1.1191083227150183,-0.7003702046595848,0.8000675920215674,-0.49295305826892655,-0.5914182401713912,-0.1018750674912405,-0.5577055569408579,-1.0390254886815442,-0.7023026413506102,-1.5331345509854357,-0.17062095824777926,-0.7269485179036395,-0.05937885982275823,-0.2550719382202174,3.4269967126303933,-0.3546123717583158,-0.8570540205106095,-1.7539337809915363,-0.43165783169940874,-0.844856224857893,-1.2872824133484813,0.7585329188938807,-1.1819100602093338,0.45307482307253644,2.490875456815962,-0.6271623167804302,-0.9290253407471885
"""GSM1539285""",0.5047344381882218,-0.6176306340928086,1.352869782385001,-0.9610496595723903,0.811865055222766,0.052973981588728895,1.340916628118887,-0.22926942183206792,0.7097919811643676,1.4027164687934017,-0.26022198633158977,1.253716007425462,-0.2226996145339642,1.2415788482950563,-0.3727148434746956,-0.5704148717713002,-0.3426331216859103,1.2915945108257063,-0.5327833210942307,-0.10083710133861712,-0.8600856818257563,-0.9417559326446424,-0.3086572213940223,-0.32280670339034906,-0.2712772931753302,-0.3578799241880671,-0.5854459381708941,-0.061514101078359154,-0.7096925078512388,-0.28160533898055595,0.04366000382958892,-0.45369953522711903,-0.5522873585419585,-0.3596622254938461,-0.9657901017322039,0.7523821733597799,1.3474925933076853,-0.14252524139670136,-0.1645907311930674,-0.8144237172179655,0.5597484411121406,1.6685355324591484,-1.2938973890055094,1.031781842441336,-0.7064249972424717,-0.9893381241916728,0.43569569749762954,-0.8938522232105736,-0.44182040365844627,-0.7898120169910476,-0.6038322726526243,-0.8179518608741858,-0.028262812420467923,0.380948516718066,-0.17320029162670278,-1.209042071293962,-1.268284445722476,-0.23205100479071303,-0.8116033494322281,-0.8227460234090928,-0.3315796496286737,-1.1188736601797298,-1.0847029204713639,0.7651121306830323,-0.5761484477072226,-0.377034120173613,0.9872664830469902,-0.6800117414742505,-0.5642455070960469,-0.6228875980254819,-0.39855241944666314,-0.4723723887929577,-0.3672005729226211,-0.19225851309019654,0.8999600986705228,-0.2667972459650177,0.3012651258925905,-0.9323640121497057,-0.8125119892837241,-0.4064884129405923,-0.845730158199439,-0.49777378422911045,-0.2732878320732627,-1.167620010643047,-0.2239024714474473,0.5687562595937137,-1.1052985812849359,-0.18795968315048434,-0.36076726271120413,-0.2901416622848139,-0.15898090472046367,-0.255814542049563,-0.4472639786815753,-1.5616792377639224,-0.8643515671172834,-1.2459106931718662,-1.3000971957618765,-0.9675113817866303,-0.75636138666832,-0.2775013189436028,-0.736357415382936,0.28030945117977274,-0.20391965786485716,-1.3466609903861193,-0.933925747082378,0.005172850454700855,0.8353864878315276,-0.8915579859019142,-1.0274726759506525,-1.1620242646389742,-1.0645700964480496,-0.9951374531170306,-0.551578780149422,-0.6490013709837759,1.1842699449761316,-1.1808370925636564,-1.0755194548043354,-0.9920448505250278,-0.6496543527742248,-0.3316914558251427,-0.04490320373713041,-1.221168877595638,-0.8626822513322678,0.6123974312209114,-0.2934272969853186,-1.8039280237831592,-0.8911644655182289,0.7956678332531869,-0.5024302903912978,0.5805810509689624,-0.059489761577401684,-0.7975358288914532,-0.3735338677765867,0.17312791310899364,-0.14870332337406147,-1.4065626343003579
"""GSM1539286""",0.5746454190690784,-0.6936342303360772,-0.8572813145453348,0.3331562878866037,-0.7858360434264983,-0.27058124070043266,-0.32724847162486864,0.01783055219887284,-1.7227324109038695,0.08913293974969815,1.0502016625330772,0.44551259893336703,0.3095815421542771,0.4162658403585539,0.26922416338503435,0.11720954908722507,-0.19306864711218624,0.19942303925799132,-0.07596153526065219,0.5227466540064611,-0.03027762916462716,-0.09498866184488104,0.3354755637607576,-0.21137239223542387,0.041956765754040885,0.6909849989058282,0.2905302191414779,-0.564306418034728,0.5901643377121404,0.11416430650560862,0.10473721225013574,0.4007156149239679,-1.2928302923699542,0.4756778546760155,-0.14749435867388236,-0.10946506444614151,0.29319068507792695,0.7781543208605475,0.4766439211253798,0.08813086698367183,1.512811896070856,0.07105122716124553,0.2572044679228283,-0.6803005862982706,-0.8411193976671031,0.2992189983146904,1.9684622297545022,-0.4159650843451357,0.07667791599197417,0.3036520581243277,-0.16756603530699832,0.271191991698153,-0.24397695004210443,-1.0744226881695147,-0.08846453534020783,-0.08816941926203906,0.2120776038434666,0.7045650730478333,-0.7927055988670144,-0.11131242885174077,-0.01901002733190091,0.025337922675996993,-0.3021553017948646,0.18431407915002124,0.11879829823121918,-0.502157938513381,0.27188572171014613,-0.06212201167356943,-0.20935901225803497,-0.13456085125623757,0.26783644864540046,-0.46298555800401947,0.3693982248161785,0.4444513130323755,0.12740338425939682,0.7245883983547593,0.41261053792034846,-0.961409433742772,-0.6206608687906147,0.2470839634331588,-0.494082799935713,1.017770400792202,0.4936305949464565,-0.3277254028264628,0.618962574869794,-0.7625413778033838,-1.1655845999624546,0.12159041624621007,-0.6459555330514016,-0.6142834042786849,-0.054265455394424976,0.07916893447382643,-0.5765713693928979,-2.2714500935723922,0.23188889389408468,-0.186885898892787,-0.37540783400084293,-1.2124518317596091,-0.6936482744422043,0.5735484865895565,-0.49441642585661394,-0.42401654472257305,0.20617390942324945,-0.3690728102849184,2.0176044583765713,-0.3527666144385508,1.134395396380983,-0.07102719051617047,-0.1438317671407011,-0.8226599373137917,-0.2494240758441417,1.6469453334827073,0.9181061697314452,0.07146589671891906,-0.8347143549767267,-0.48038587904480856,-0.7670116119420254,-0.7142478114012716,-1.080498449533056,0.5029991488710565,0.14084997406190547,-0.0834051959942715,-0.39147193456323603,1.8371369139411626,0.4018155563414039,-2.204355925094866,-0.9073588813617648,0.31898102479263346,0.027825854963076727,0.8375200375585123,0.1988885869415445,-1.4216645879607746,1.5136171927947428,1.1059708466359144,0.4549236603019426,-0.5032100395364649
"""GSM1539287""",0.7734533625127854,1.849908730911643,1.1994674794093756,1.2008806766422393,-0.665777380089022,0.3964174585669254,-0.3550149978734798,-0.8455130823838858,-2.5750204811463244,0.05734229676796279,-0.7843830055677959,0.029007053913878224,-0.33824979546575074,0.173872149218022,-0.06629609634204525,-0.637242695498275,-0.5661401904358005,-0.06470770098878834,-0.8133308051740553,-0.10316993752245565,-0.5665788597087762,0.04934172979844465,-0.23547392770856512,-1.137490213627638,-0.4756544358060414,0.151941720754288,2.2693586470666314,0.7030113541683388,1.468004962229017,-0.5598968667676963,-0.7631163911690628,-0.006086369238534991,0.6439771606353639,-0.39970814161130896,0.4582725094834863,1.108145348428436,0.04430479525959689,-0.3620612779234452,-0.2906495462171863,-0.12467251468305786,-0.37138775282208786,0.20916270820030436,0.532764082203252,-0.7232123639782282,-1.7569131592681742,0.5939624288786411,-0.6573896647568372,-0.9880017160429132,-0.24482392553187135,-0.6055347694750678,-3.0539696288381077,0.20497858998251928,-0.4786928590483159,1.038487679684221,-0.6391090495567845,0.3893346210412503,0.6543164571106849,0.33039569018563747,1.1322462952254488,-1.0885925866365007,-0.48629277842049845,0.5393721031498964,1.1706782435422145,-0.3451348092893711,-0.4046995450566264,0.47337750867398615,-0.7440631511606197,-0.6176369399304273,-0.40019514233141384,-3.066642248672514,-0.27230896861539455,-0.8855189846141226,-0.4911808449380135,0.3193354832563869,-1.1108771852420207,0.40317369909476164,0.7777910834200626,-0.08175138214344406,-0.8198944282433702,-0.6956728631384097,-1.065212852855827,0.45112839937499,-0.3239029614328011,0.17522708311832802,-0.20436822172044097,-0.32470973788522434,0.367326538758946,0.07195556322282576,-0.7739049249541065,-1.1346292798329665,-0.6633689968278451,-0.8425427239879745,-0.6201394738377978,0.40744966749530903,-0.48508246205482763,0.7743615479244795,1.0197470989119035,-0.10858015275828782,0.6102024741120989,0.47153296215543533,0.6329786213642539,-0.5030185278122009,-0.41400071564558405,2.012904948786704,-0.522907478037145,-0.2165608374131918,-0.31132715065697997,0.011707279790496398,0.48375452295991944,0.3158850070222283,1.0590152937991268,-0.627721242276215,-0.03593096595474872,-0.434638035502579,-1.4218678061688097,0.40675482719570843,0.7241140484472991,0.35744597391117394,-1.5026260339973416,-0.14893872966725882,-0.28762408212684976,1.312472926589887,0.20164604441756726,-0.6965781120592426,-0.10876199057499394,0.2573330748007737,-1.9459469577034212,-1.110301945843516,-0.5170879416400274,1.3427375264420138,0.8908720492812263,-0.46213341721062506,0.11947359100842592,-0.3894465069990657,-0.2949291572795483,0.36473725984564836
"""GSM1539288""",0.6450357021538674,-0.705522743966149,-0.832681487022711,0.9326460696929834,-1.5797825666217828,0.6927644790857229,0.9641850923988559,1.8441397967657327,-0.16177881320215898,0.953113207272435,1.7752369929050773,0.8940925328049766,0.14752812777095536,0.953458667226689,0.7231878974199747,0.04665904704035522,1.2179247652998435,0.8196888774920229,-0.3691695212324077,0.3196404601123866,-0.9116206490974877,-1.14475825247669,0.15721056344153891,-0.054935889892722106,0.4410658216320733,0.29418006507352173,-0.4297565724871816,1.605781563975118,2.3710514212823837,0.19076262888688816,-0.39881672136405805,1.1645958567446297,1.4851041996249255,0.3294107746516918,-1.0722157875122937,1.7577982062729094,1.0705196482291521,0.07207396281761333,-0.008776861709897776,-1.5392636139361933,0.7740740250828487,1.003366638022318,-1.1452426024035203,1.2391091834723873,-1.7942121543749168,-1.1321733762689048,0.2788598783801799,-0.22031540035230157,0.4012647287387129,0.13102282912148647,0.4629032636379679,1.330428093263615,-0.2634840912266021,-0.9913502507526288,-0.05472247078487099,-1.1341117796657592,-1.1932715285113844,1.1520714123174858,-0.6628022906847341,-0.2694916064763963,-0.1544767132083699,-1.1550217631304283,1.7730981779441823,-0.8522590867201169,0.03453617947195225,1.4311751430130804,1.405751038636997,0.4791561513960465,-0.0997945634918946,0.5393336542991048,0.6346325260890848,-0.535501943512752,0.25555639847315764,0.5889792026376961,0.04686489581125432,0.9462030853207901,-0.11701290162300416,0.7407762488563083,-0.15680678496907977,0.051001739800899136,-0.14001094397601216,1.2627076704889333,0.33324552569750937,1.5368242089552777,0.2990487824638611,-0.7651313916334479,0.8082011250226916,0.7780325713819456,-0.6044788290624475,-0.7327202561273126,-0.21484960344478057,-0.321103041608953,-0.5281862577811092,-1.5960971899443814,0.6421581326992915,1.6724462806703093,0.7548609784616416,0.85869834829672,1.7345550289988665,2.0864445415095276,1.1481392605082672,0.668554725531081,0.5890174543344674,1.108896768876654,1.4437708278603676,0.34976315978514916,1.1246470908210748,1.3446384166564884,1.527889476193621,0.8762178686563589,1.5148161935685542,1.134959929984882,0.4067964522859839,0.0017101836163880546,0.6549733854076831,0.9170361505830925,1.442021913399743,0.8883901051906807,-0.7493836167629092,2.111938097979619,0.2071634351107244,1.507457628773263,0.7626178064997561,-0.15569066208585955,0.6534381644476935,-1.6778860097782897,-0.538991801133012,1.0858164245318656,0.7398283019507765,1.7410569179204032,0.6003804946800477,-1.047739417012535,0.5136427968834002,0.3929202476676254,0.5239957323711995,0.8183980241867743
"""GSM1539289""",-1.6152714701901478,-0.6442579522691296,-0.7870981920068498,0.3763141616663245,0.3484596324360602,0.04589263203623656,-0.007770228484147432,-1.014251744364555,-1.1643174703680381,0.12037651065085776,-0.6864931834541621,-0.24404429105718975,1.390674935495917,0.047015324687205255,1.3343082652060363,1.401244249050884,-0.3776958360700775,-0.07972927966194339,1.5189601174364242,1.5856313246819702,-0.8198280402880834,1.2221957551744278,1.784103420748555,1.336872500017491,1.5503079779902138,1.5997885783099464,0.6179851688965633,1.8254753126672545,1.2380513667022446,1.5790552754900884,1.3423504618271116,1.4019319325152162,0.7935901570761316,1.4237187936115254,1.2706213264648243,-1.0183359685463076,-0.005357873404659761,1.9387274632283895,1.8720920169161421,0.8632665643838511,-0.6478211665788306,-0.26549062624114267,0.9652931853705158,-0.6647995943094275,0.996404257109931,1.1373128968426423,-1.4470092030440544,1.1671331391490416,1.7976744943963747,0.457680764562467,-0.3310076725296476,1.1698515637879252,1.5676596074925693,1.1238075377627472,1.5748429449716799,1.2587474824926888,1.2251936661667138,2.23002441631052,-2.8641965632974737,1.3069860885439728,0.5217425672522387,1.3209957235434542,0.7227205831326701,-1.5833922948645633,0.5261077425282,0.6845079863578718,-0.2526377063208661,0.8783204939676943,1.3932940897175465,-0.48511691900286713,0.9288652291957576,1.3075054396462167,0.7061222480980732,1.621256333751121,-1.8261670882780787,2.1263382986720036,0.09416652981123691,-0.007669288053018026,1.5764981189522225,-1.2987223662074943,1.895438813026765,-1.0021406084953974,1.0415601021840961,0.7295951729367537,1.0635046591622095,-0.6811443297234739,-0.6400921583335465,0.8332659017889271,0.33415238157807914,0.5487610092775812,2.027829378555933,1.3873271728989847,0.2494683192295987,-0.22013524331229992,0.3513827034696493,0.8546904282243108,0.09864761571256767,0.3656238414953707,0.8224490366427727,-0.6373467880433954,0.3793137732952777,1.7901197236971176,1.6106016302638235,1.333069308287461,-0.7536840230592339,-0.3147378183163306,-1.9790252781031823,0.9433904476288428,0.8713443709509893,0.8421389534571035,0.7535126517342878,-0.6222711255479136,1.7354644210362982,0.5757143601447537,-1.057106891062381,0.5535348646477251,0.7572332390876284,0.34485271668568124,1.3540252590204656,0.8003816154519265,1.5425510696379159,0.6816295999889824,0.40385199383786724,-0.41517220355288637,1.1570290608812748,0.10200984908025283,0.6410157497846142,-0.42087194733010086,1.4306992040917408,1.3494260551686226,1.946035934385096,2.2625159279475473,-0.631388760688408,-0.6208365376369739,1.7917907822301489,0.09279081550725658
"""GSM1539290""",0.6919786801982011,-0.6410185220268945,-0.7944128514287921,-0.9714113929880283,1.3009631571433822,0.5998095847995435,-0.49284759314931004,-0.11256793686234148,1.2172152853017262,-0.3375342069448143,0.8530577446922983,-0.36522421986113457,0.6266433500779353,-0.22902111590122706,0.22567170470350428,0.5828729950976947,-0.47547682846706474,-0.33023303982320573,-0.09466387609683252,0.6546957187563135,0.8492857940620585,0.8484716132445014,0.4225534219848001,0.5024517207387732,0.3941059749408338,0.5035110128703292,2.2763232763568024,0.8125745877361795,-0.17190988089909284,0.31200910100955914,0.6389314651237284,0.40870214529275134,0.7439461748724188,0.8066452599784147,0.9478363424987266,-0.9311566545172467,-0.11123246374017912,0.3236126787693061,0.3238340284654361,0.4660026157969957,-0.16765616898156094,-0.7283888816980469,0.8906876276083597,1.1119245184413233,0.5457395521479715,1.0509452469228278,-0.8241850244545437,0.11946859839918883,0.5886568399667883,-0.42981612684938275,1.0769302877932705,-0.9221589970631898,0.576371274987058,1.8979133145556781,0.719115985985424,1.007456821670815,0.9279888233901634,0.9787508513309946,-0.4312214970828968,0.4522825276232385,-0.1355421486353935,0.9357549354935073,0.6136358648262765,0.4555893324171198,-0.16059189932600115,0.5765500956179244,-0.4689628518757925,-0.07227371130341677,0.5248290935103784,1.0847119830186078,0.027797570284771204,-0.21911613970725088,-0.08460685031844256,0.6461844102253324,0.14489616589970603,0.9987423929189987,0.4977434986414074,0.18422943916508502,-0.12935523941386518,-0.8079685330238624,0.4061961085616432,-0.8407041399451759,0.016712085054749314,0.3196945621337251,0.6894525765309423,-0.4580118238888033,0.8130773794899468,0.1678333284116432,-0.16379442678434022,-0.013026600726416274,-0.03011312630618572,0.2450893993179756,-0.3259391418250782,0.4965651917256711,0.2387983582823912,0.02424506274009569,0.33294102118976393,0.27851044713701684,0.36635457738609783,-0.7620007635032195,1.0238536372966083,0.9683536681425202,0.644603337771338,0.2983776420750256,0.44993175665592733,-0.8032124135992008,-0.25673491085787586,-0.900163915537313,0.4194888789603038,0.5251850753728899,0.417913968153394,0.33918186801633093,0.4287342900488367,-0.2918905490731659,-1.5142473278022852,0.1528249434071453,0.3665520535965234,0.731546132625045,0.027499570729431565,-0.6197953819820176,0.7041681780699931,0.31930901614875,0.7148377082276599,-0.14628800235869432,0.3364955127693533,0.6362720311451165,0.031192178717377932,-0.6744233615203657,0.3536965928165753,0.9943201808414289,0.7741594823145503,-0.5489105886394458,-0.9998962331287858,0.48310706065293624,0.7944584277301789,0.6869380091251398
"""GSM1539291""",0.661269772473605,1.5105162121778684,0.9373153732269697,1.106266359198374,-0.7799079500266051,0.5261101392492281,0.03002838288726742,1.357816645229713,0.8216218509444685,0.5196646517380852,0.7762098293668271,0.6369180594041407,-1.078010587855321,0.6656816681083458,-1.0346234023622074,-0.8777338496992518,-0.11577717694675917,0.6446920796056901,-1.0188748465973314,-1.3437606998604033,0.8805386380318471,0.36828433525587156,-1.3815489630537183,-0.7655517731388731,-0.991691416446249,-1.383069057636168,0.25248667031039834,-0.5924055448029701,-0.5434274672493659,-1.4990620126609002,-1.167777736294865,-1.3904181102772453,-0.1817983482615128,-1.3310992013922514,0.5700505156780313,-1.078774004126722,0.6835702374262309,-1.4352523348897446,-1.2341215517561508,0.3849268976570553,0.16643479040670175,0.45766296301748083,0.2966523860722902,1.273845697777313,-0.040347127356765836,0.42235291439160616,-0.21408273941287287,-0.9599777302904927,-1.3240886840178538,-0.26456242586149137,-0.5091991457400403,0.03665104740665719,-1.348953399036492,-1.1870920642991944,-0.9620653746793378,0.8034889155910875,0.6543164571106849,-1.6389470109185624,1.2609475076623038,-1.117274109720467,-0.8896969322283339,0.6972347249625157,0.6090152338417267,0.9075347355944,-0.4122048496851571,-0.048105627142772375,1.0090408634084242,-0.6626369779879808,-0.9533066344318573,-0.6608540883857478,-1.0463484714210158,-0.755129996120185,-0.7006800167413839,-1.1693226149073996,0.2630846920055544,-1.6084681587946514,0.5953186703342361,0.2621534195411033,-1.4683410149354126,0.2323824567776531,-1.2133010944435694,-0.8843045906787664,-0.9699597873030349,-0.20080446519241132,-1.4078677137769156,-0.034401352693622746,-0.32249014357105743,-0.8356202586694212,-0.7439954619611381,-0.5296363018514795,-1.2819690569107935,-0.596993517263485,-0.5773863780843616,1.5013739850945689,0.028536712898141237,0.08823943355025361,0.43640976956136285,-0.040149247544649644,0.4683441813047545,0.31594919221487283,0.06748794389585615,-1.0872573865142858,-1.2719615315606134,0.7078407406409525,0.4099404843831239,-1.0058782306336627,1.004073094277841,0.33891572511738105,-0.3921180568133661,-0.0322652396653811,-0.5390611737035722,0.8305218093139083,-1.3345634530352575,-0.6217820860672709,1.3112016405568732,0.24449844005604646,-0.38515421378812137,0.7944366321698185,-0.59586179927354,0.25582004551788656,-1.5005024063378019,0.29599677871192676,0.40385199383786724,-0.40904370951317254,-1.1953677473629851,1.5278854868809186,-0.3697358713421349,0.2221938540353977,-1.2877483960937035,-0.9510289254214163,0.2465467976038631,-0.3406080001060404,-0.7729238647188355,0.7089328067426015,-1.594805551106894,0.4344180457562501
"""GSM1539292""",0.8151694197614645,-0.6726017285849445,-0.8063949471960802,1.0317276472348618,-1.4003082485773637,0.41754109669774275,0.52903887095231,-0.9340863515184352,0.46365082930702267,0.6852833835632302,-0.9617437920227724,0.8037807749758926,-0.4058585503973623,0.7012582562534307,-0.47003460335806185,-0.45480887205664505,-0.7850122435413985,0.7660422537964596,-0.5846556911486911,-0.6061845643843425,-0.9379318098876976,-0.8512402926696099,-0.5266272724847025,-0.6923005912104871,-0.5543148592540239,-0.613106069363827,1.7469859026309262,-0.2761794627329052,-0.25211712927574176,-0.30270581195994717,-0.049865882033632764,-0.6143346720197522,-0.7535243748547928,-0.5561814413029276,-1.3646202649395724,0.6755661705161535,0.9572199621849883,-0.5765333876490442,-0.5598014127691581,-0.6798318575529418,-0.61709353431108,0.6251186542879319,-1.1643816204769875,1.5385159524353147,-0.02356705771606067,-1.1763136834161618,-0.6356857596106953,-0.3403257400386166,-0.5753167245306173,-0.22398035517139747,0.5528237715338649,-0.6305779101646244,-0.7040316157340994,0.1406940201121481,-0.5830878700280627,-0.9742065901786217,-1.3380490298418972,-0.6169970808458694,0.7319724613354167,-0.534442682224219,-0.45666789950894876,-1.35377697054338,-1.1615175662546324,-2.587930161023397,-0.026533415145116084,-0.0027974943910504817,-0.05590284289359481,-0.46107252091245304,-0.6443863974568682,0.5393336542991048,-0.7118974786837613,-0.7108860494192525,-0.572975870718423,-0.5157390820698159,0.43819655098414906,-0.5072069910593672,1.1438385790780048,-0.8552232050992085,-0.5076914090456753,1.0050134330099252,-0.4739725899314406,0.9453229982819332,-0.42368798244802397,-0.3336317836131419,-0.8951749039826707,-0.7217663045334809,-0.23428580310345837,-0.31607006278573374,-0.4263293516240489,-0.5656018035046426,-0.47734990452863846,-0.4692459131786787,-0.4411535501371911,1.3213474484795127,-0.49114597353701206,-0.5382660752673075,0.6430706107553782,-0.4817057181133637,-0.2547888806455669,0.025941540591291466,-0.78845223575598,-0.22339227280711138,-0.46115074776820636,-0.10995967628896682,0.4200691935116192,-0.32241080159133007,-0.9793007275438712,-0.3827543951598682,-0.5100268286181894,-0.311960850525005,-0.4854071952924444,0.979033379730924,-0.5637851903483738,-0.6825332393686669,1.4566249860700367,-0.0138055104101095,-0.8622855042779312,-0.27256494671179626,-0.7641185100443221,-0.5851051481234055,-0.6067810582650747,-0.6864462595216999,-0.15620687348671988,-0.3874840033258865,-0.2570982446988165,0.856684967797073,-0.3302764983169429,0.1587150561334557,-0.43827863314715054,-0.9862518892924006,0.40443257126043647,-0.051414217321258976,-0.6357534819881088,0.059966820697796214,-0.6595049442898346,-0.15384453567291972
"""GSM1539293""",0.5114912217391184,-0.6317281709794941,1.1114370129296935,1.167065182389724,1.0150819954334225,0.054862857613577655,0.7659956325759347,-0.8959721701661332,-0.11119698822508006,0.5667786863137858,-0.37415601773906837,0.6963562554034913,-0.6372664767710797,0.4434094357493421,-0.9900476214659355,-0.8798549465336009,0.07126658638847747,0.6480052876834776,-0.6854539342870933,-0.9962784663872245,0.3878014759758928,-1.0551437702283615,-0.5726463217826938,-0.5106505726189549,-1.0627704111488425,-1.0268610253366475,-1.2264936936199733,1.0744725459976698,0.9887234301565393,-1.3167343481428684,-0.9676324798029418,-0.8927220534112472,1.0055833135828696,-0.8739451471804295,-1.6971447087812925,0.665447609533612,0.6220280895403157,-0.5331653004178963,-0.8351747025357156,-1.0999193325502024,2.4799991451619263,0.5135894172610432,-1.421830371255387,-0.8348106523034166,-0.2363174408932774,-1.4245292693673692,2.259144654189573,-0.6579671568511585,-0.9817693287875607,-0.1846868327063958,0.14195591896378545,-0.16988150352380096,-0.9693346118839865,-0.9927296133432727,-1.0122390400307257,-1.2830330448935767,-1.6011863840605458,-0.8647607619971414,0.6604674411315347,-0.5242071593922477,-0.7769629564777104,-1.4922377074282727,-0.7724259780440706,0.8970034297482048,-0.20483978622690935,0.04825968002403889,0.4273496415872421,-0.7987623890050961,-1.1263913668061136,0.4108335809663938,-0.42741386363960654,-0.2372316292869586,-0.42510127255916397,-1.273922625487535,0.1511277657599723,-0.8749415136783181,0.3163205963066812,-0.3730419787749318,-0.5751901629480926,1.7676915105096482,-0.8395195414610892,0.18137215838817186,-0.7090632158475015,0.618010604221396,-1.0327930411647905,0.7106704730901835,-0.9197345036765329,-0.9500052431197759,-0.49546956258238684,-0.44145212943076106,-1.4310560423376284,-0.9568348649426431,-0.7715527564639204,-0.9383399047601397,0.49687023605690006,0.6859569965876501,0.7915867904274985,0.4485611626897415,0.4230991537593974,-0.07794661034459045,0.5718665411360261,-0.34400893393409554,-0.864687174941071,0.16335224294299666,-0.8920437004212277,-0.8476891371242863,1.9265439098413457,0.0411609485763818,0.3464966610056511,0.0006259696702452251,0.1432166114870667,-1.297411494186916,-0.8943971644911782,-0.8052347514259423,0.30833498366762957,0.034733878799919626,0.8078420829775433,0.6772307069555419,-0.5803048847522498,-0.02708777750363729,-1.0959177822718227,0.1569455747096022,0.6902500037224767,2.595504682474109,-0.5922942650515405,-1.166273633868255,0.0034625088108088268,1.0023694295875705,-0.1747768371841479,-0.36891234372690923,-0.14013978657903056,-0.6229470779945655,-0.14042674193641647,2.4821608042955927,-0.9268819802705842,0.7723746834727643
"""GSM1539294""",0.5131990280498614,-0.6114874487244591,-0.8026768085394714,-0.9623457900543776,0.5684175265757806,0.5975311040169684,0.3676007673541866,-0.7275647262389867,-0.37590744716876,0.4532039016918322,-1.3815139469585715,0.5389586351867791,1.0875974755543558,0.48102822787390714,0.9772258083997956,1.3024548657328225,-0.3421223258203843,0.40429787706987275,0.680753246329392,0.9586070374422085,-1.1184179864398942,0.7032047703368381,1.9398260304968789,1.3086032584136154,1.0311710581552769,0.9644152560687805,0.5669104839792828,-1.504815124551738,-0.539769993042875,1.1567300059095307,1.0207967625297605,0.6944694918644919,-0.884968710190267,1.178175574787487,0.5688096038029447,-1.120591038628418,0.4624985975365288,1.816071855675174,1.8769035660806896,0.9352533274316939,0.31865550238341617,0.44937558834873853,0.789737612248782,0.3367198769638166,0.8763096143616146,0.7132157379552563,0.6317410421015123,0.8938285443615043,0.9542915202477883,0.8282824150983825,-1.3569202475324056,-0.3987752754913825,1.1356825141227003,0.9774242660899545,1.0861448392782176,0.8861928632435703,0.7534416420102144,1.63676632998388,-0.22091716495340108,0.8368627350613513,0.45614661295275655,0.8624951571545402,-0.7981953100117684,0.3837467379990732,0.8515524425304655,-0.786646608853169,-0.37853608753745055,0.5686523538709263,1.0365761668651912,-1.3196096755430988,0.906223684243648,1.2824209240492772,0.5689968626445534,1.083713673024273,0.4847790646375854,1.7214248966404837,0.8015605927845975,-0.9188614645000567,0.8801941870231046,1.2633179736372817,0.9024661629589266,0.6791002908091044,0.9362518387305733,-0.30300247615283493,0.8230505958761979,-0.6276334437800721,0.5008865992168995,1.0553569204577522,0.9150728846865208,-0.42340547545671336,1.1139401801468776,1.4483883297802103,-0.08281855254735564,-0.18017046241616608,-1.0968416644509589,-0.44164019179486186,-0.6852958075760321,-0.7078052094745121,-0.926304873003031,-0.31065351113746004,-0.19867732625403722,1.4937762883019252,1.8016353304040749,-1.1943004780325752,1.4884342260856487,1.1432376747479374,0.6262032343609594,-0.44422591862749294,-0.6913854045195691,-1.087714937957533,0.7140523379086562,1.33903282511713,1.6476438155455773,0.3054204162112926,0.09507890382634425,-1.1018930878142106,-0.6619579304478586,-0.33761300830346125,0.5176885012702539,-1.027729162250004,1.1740334625851765,0.2598660393349908,0.029880082377271397,0.800958547986632,1.0411059844381658,-0.3049947982512067,0.24679421423163458,0.8118025549715879,1.2660856417633652,-0.7503848392948511,0.5085304404304624,0.6822747541916478,1.6679977669448243,-0.4284291922206438,1.2127784251186664,-0.5382339202292575
"""GSM1539295""",-1.6925004694071222,1.5682617325620059,1.2823397749761378,1.0729042191783766,-0.16622589248427072,1.404726916995987,-0.05295494595562132,-0.9789276554768477,-0.4599392638912351,0.5089260240146328,0.8136862342194828,0.7724830166414189,-0.54700920278975,0.6734207991720271,-0.7500820083475279,-0.4697694535681065,1.6653346794443364,0.659731690316759,-0.7487179598089477,-0.970427067073422,-0.8616319708495909,-1.0968763838395286,-0.4913720844631926,-0.71898820120113,-0.854685901833194,-1.045146600901394,-0.32207649558099877,0.07820898630117389,-0.5063968347699704,-0.36920823935164415,-0.07327559724299328,-0.5071024043587705,-1.1546471370344975,-0.6963032446124643,-0.8381726144738217,-0.9488890990623087,0.6835702374262309,-0.44554598879822876,-0.6414297978677711,-0.580056016628438,1.6986442628535081,0.6121515495804849,-1.1406288557225388,-0.7008945043761559,-0.2445579188595744,-1.0941654419854354,1.3585071088047487,-0.5297046217477043,-0.47060190571319954,-0.7696391163130981,0.5445995787657271,-0.25387236784407585,-0.3313418990682846,-1.282069869346784,-0.6711051426392418,-0.46601671575248454,-1.0300970997953398,-0.6947061454309326,-0.17902338551674696,-0.8785024248398181,-0.4372335639711115,-0.8324144826624519,-0.36709388847826135,0.08887612296489335,-0.6760671868532167,0.12763865628136511,0.37662118737550543,-0.8888567101990948,-0.701185206100356,0.7459846214181537,-0.6758746857067282,-0.6048973209760992,-0.72123197849481,-0.8494273991233223,0.9943337194310037,-0.7570069042814884,-1.9564430532231651,0.10517959093024183,-0.8676687947362602,-0.1973280318962888,-0.6220764283679406,-0.05131846010928177,-0.557063063967007,-0.21908854035362776,0.21024681938189752,0.6267473662963726,1.4633079442782906,0.052931118081113115,-0.4027042018489579,-0.7543191768340832,0.20539770013534492,-0.23742641754800897,-0.6577818905440038,0.9801159512286081,-0.2818694112336971,-0.012835929444672338,0.0028747367245057867,-0.48720698368698284,-0.3972780156850518,0.4901285026858749,0.12697748768577882,-0.19945207496203643,0.028397748296632663,-0.29352165560724564,1.0137633395855592,-0.10801084042972446,0.8060838475113001,-0.17613024316591486,-0.0899472135950149,0.060970519067391454,-0.4455758147226475,1.251669696130915,-0.8155045293068303,-0.8044804262581742,-1.0794156730007924,-0.09196047346450376,-0.5763084678523154,1.0313123750519475,-0.7451717802095231,0.09808856174207671,-0.4820128827552983,0.6509018131168243,0.5517047687415452,0.940898724293444,-0.5824281191930417,0.9630940683079534,-1.0856734293956203,-0.46853722083129234,-0.3211248967890317,1.2018949204889176,0.3407759821988585,-0.09676108330014879,-0.8164129053454763,1.2255585563874252,-0.5363874410394497,0.194006280976465
"""GSM1539296""",0.8274323176588794,-0.6013629450213647,-0.8620584449798039,-1.0648445746435264,1.5123724861179084,1.7646539503994099,-0.7621751377442787,-1.0421367871619494,0.2815162780586584,-1.00118407939722,1.1658096969531637,-1.0170743809014497,-0.6151256162729418,-1.0437547544894978,-0.9785503224839387,-0.6668546347786656,0.378779565258314,-0.9765138214835694,-0.7531812928757133,-0.8170442526604202,0.7915698219855088,-1.0505903240817944,-1.039229460939843,-0.8656056012768408,-0.8026939032810082,-0.9266981189064472,1.1723506613070391,0.5526094821762965,0.5103825780536053,-0.6299710616206211,-0.7893390839611072,-0.9261417293670969,0.850452976039687,-0.7401400559635625,-1.3551601099856525,-0.22011970593447902,-0.9540571324029475,-0.7993129466623612,-0.9049459845006299,-0.7384851563329125,-0.01582689739746047,-1.2825525203250756,-0.9111426223338592,-0.8123867664016909,-0.4529941977613779,-0.9663563060009353,-0.6432579922541637,-0.6073908958078066,-0.5928443743677545,-0.9588111032925067,0.8124982457755101,0.5791148993425921,-0.3358470787697427,0.982626380063339,-0.7891360415400791,-1.370415675173826,-1.1435321106650316,-1.0723815910889634,-0.2718103587912274,-0.40134363810852747,-0.7361798869158939,-0.9847496929303563,-0.3375471518683371,-0.7800690378912711,-0.8888226159623406,1.1013248825085138,-1.0462554930478267,-0.5755279096868774,-0.7610222551934787,0.8570103344345823,-0.3611061128146099,-0.8006027145348187,-0.7429314027427725,-0.9930221206664955,-2.0194800251434843,-0.794088520845376,0.8696911592205676,0.5801110235599065,-0.5489251294078604,-1.4833213499748508,-0.5911334136198538,-1.3513379422768859,-0.7182527681564097,1.1353379243178505,-0.7896663537070078,-0.6070272441069967,0.169143861440351,-0.6792529383890541,-0.6204122978839104,-0.5289078849113555,-0.5676039427470482,-0.7607986986855977,-0.5148800544190547,-0.13064549147609658,0.4801064326860417,0.8969324318628017,1.0119375522024883,1.271271380206857,0.6078422013373733,-0.006189189724902145,0.9303802997627952,-0.6495296202556234,-0.7407544242329541,0.9182089683851906,-1.151568399030043,0.09919401064209121,-0.6995560606305148,0.7004859571396216,0.37169345295146644,0.6320373990398288,0.7695522554837735,-0.9516522658361675,-1.1141245691705355,-0.8148299597113593,-1.2891687807587937,1.0860703903692104,0.8535425862483389,0.9336390408264433,-0.6406063974847028,0.26242472860089233,-0.2945548619363407,0.6866043168137761,1.168666318086017,0.18970912988111702,-0.7326308097014269,0.187696327125198,-0.48089999228559255,-2.073877257323315,-0.14676943389225025,0.18120623656591964,1.1882979972756338,0.6377483096390706,-1.3990727351083518,-0.2220501497072485,-0.6336585913679684,0.9147121258057815
"""GSM1539297""",0.8244454859156459,-0.6642717088674951,-0.764589750134195,1.1368489214793256,-1.3788956661379856,0.6719240734868837,-0.2740723211863896,0.19475232967905096,0.025458797538340388,-0.2899438755821108,0.7498147251342485,-0.16149666883705072,-1.1021573033332055,-0.19374562503204307,-0.9417664037808806,-1.1261432119577428,0.18554847157417023,-0.20458286765241154,-0.9956436489409061,-1.4017893085074298,-1.208592678980734,-0.8729320123100301,-1.1949032015743395,-1.0354075599099282,-1.0829877992837194,-1.4796460328944567,0.08883214924047764,0.16380666495448293,-1.4630770936166873,-1.1392614628448152,-1.0516444576415527,-1.110310829226483,-0.8041678972647317,-1.4196862170250582,-1.2470897368381306,-0.8541518006581014,-0.2502039393711943,-1.0616677868118307,-0.755090668752121,-0.6641013739467772,1.0440923304493603,-0.2312785928650757,-1.0768983530576863,1.2528738453364556,-0.8211465057459885,-1.101788561400625,0.8624491317407059,-0.979620826813174,-1.4387873323004179,-0.8884024858927031,-1.233989315844006,-0.8093827355857465,-1.0527845898467907,0.27977853187061674,-1.39349748518522,-1.2029612460649168,-1.5392642642397887,-1.2110308166485328,0.2442656188427121,-0.9287164105246399,-0.7080306689261218,-1.3505625943816344,-0.7168093581130193,0.28217315714696123,-0.6860635029365865,-0.47486575832852057,-0.5845605551971631,-0.8341806783837395,-1.5916389934224797,-1.1522488387315344,-0.7939984922372957,-0.800563971877378,-0.7154712996740975,-1.3062583727841315,1.31461652374691,-1.357734868603072,1.0961503256837828,-0.11788373472248459,-0.8599629055252062,-0.11603455986240054,-1.3958044181560154,-0.3511148299584647,-0.987807656410704,-0.36380158521317413,-1.0892724229187722,-0.634311886309263,-0.1308250085748849,-0.8570114690132837,-0.8185535338458797,-0.6685617396982526,-1.1369026662525736,-0.48215629842058483,-0.5832218512648316,0.742302060113776,-0.8897647538769612,-0.756880869169851,-0.31193080398440015,-0.2846211451965679,-0.5494925895814022,0.059961633248918594,-0.8437419427214916,-1.1237375328196393,-1.1004317724531678,-0.28393789289336746,1.0542127382731743,0.7410992540855565,-0.8261881202359586,-0.6603441178256233,-1.0064311225080063,-0.3274520179784269,-1.1594434363802422,1.236104405764909,-0.8935671685605117,-0.7704498113655349,1.2267901640690964,-0.5819719732172146,-0.6404775056956076,-0.3496021964258201,-1.439217144764073,-0.20515052083543928,-1.708533613497476,-1.0070489562877927,-0.24085681074813914,0.9246517421357836,-0.9245679833335821,0.6025204962775841,-1.1559149087126668,-0.6811848070006797,-1.1401125379113444,-0.3884853756008886,-0.4355319704538887,-0.5500416768755879,-0.06780456003756438,1.2270895154793517,-1.4084079147310775,-0.4032827979948545
"""GSM1539298""",0.833718180071324,1.8462532331130466,-0.8173461538506377,1.2899495339995528,0.0875615883795656,1.269069614445366,1.033201996647108,-0.28342771013094564,1.1503811969320776,0.8722922235118726,2.0546241843084894,0.8634009093494773,-0.2698339626701128,0.8364919673024157,-0.44907630742992444,-0.08413776752036793,-0.9684072534175648,0.8533065001724944,-0.4412614271054015,-0.7169612596390054,-0.22249890774260955,-0.794656748565808,-0.033991063868951774,-0.429157641893747,-0.284363429427056,-0.5352783864289009,-0.8262445268200923,0.5324116964212174,-0.21046698119062793,0.10711331810247925,0.3543614549495079,-0.3087832490527068,0.5732905273630852,-0.43821298522603486,-1.0747524302753777,-0.861357441068851,0.9454655738803233,-0.2358446030621815,0.04170152831512783,-0.24258374993267837,1.1642392953499683,0.7261808041813343,-1.0135471198008454,0.768491292629877,0.9235158931480687,-1.095452414691505,0.5019784899704325,0.45605613759987473,-0.3102278029944178,-0.5543187150943717,-0.4415589285122623,0.30992635452627876,0.1703193164420892,0.8004661947179423,-0.31727579388328286,-0.8361418747150648,-1.3266030771260102,-0.3870936428407265,0.9097621333001391,0.3546348940390091,-0.5544532330294536,-0.8505355016968572,-0.9150236971408229,0.3885665885235798,-0.760718867065756,0.4076171777342088,0.8018978069976865,-0.5040351738466188,-0.2678345329504807,-0.3293972831468372,-0.6069696289318183,-0.4220118136082113,-0.6480007768299566,-0.5652882754938103,0.02843725086543794,-0.29372146068454974,1.4476268891268007,1.3585026328238872,0.2587107863347864,1.2198270024707099,-0.06619474645941975,-0.7536309334969361,-0.6171539199694899,0.5755870473950087,-0.22906049598686937,-0.6289479199555869,0.10270960238936573,0.24256933875929296,0.1082837319253515,-0.5930211235014178,-0.14640757360797324,0.6497595866049697,-0.5581460621923312,0.5424656904269947,0.40596998684719454,0.22847575585652677,0.3969054547919492,0.8003588246822128,0.24748268136068446,0.3918952252623947,0.38282034861673064,0.742162604389534,0.9585202570477284,0.5956725186859462,1.022921730128043,-0.9904638402771873,1.1491533030281904,0.48195203629990413,0.7029308688918229,0.0285664115366537,0.6505115384407039,0.9502271915058639,-0.6234509157733001,-0.6721105932379975,-1.3814886516925946,0.5199948363905782,0.39373039008434935,0.5266736982428016,-0.31569860667455385,-0.8293771025233885,-0.4483636769934049,0.507712897379918,0.9073576777033432,1.0934097843495774,-0.3415472921043915,0.5556614257500033,-0.5760196180497328,0.11145839389399145,0.3258667365945557,-2.2205148768928726,0.8386721812893373,-0.42495956899930404,-0.10925670715409261,1.6002520718128972,-0.11197947953723433,0.5186823170260134
"""GSM1539299""",-1.6372968462660342,-0.6824368517038952,-0.8140960739030724,-0.7258635427636916,0.7418392115119118,-0.015374045912525527,0.7342676390391086,0.01808053011119265,-0.7014313841584614,0.8919601270211752,-0.4298508437552274,0.9054939109125619,0.22987049584732744,0.8682734753313913,-0.1923508720726865,0.2174243490592972,-0.5897059653632282,0.7956307006073788,-0.28003039922000833,-0.2318239724709146,1.7640975258818374,-0.7762903463610636,0.3633956782607658,-0.13226227922918937,-0.1009091715326344,-0.16029706162373694,-0.054082650854488455,-0.7290778497362679,0.17231787372519705,0.32352753905911075,-0.001893746645600217,-0.25303995946898983,0.1732418170802508,0.2566935272789868,-1.3716937179115005,-1.0875360156060754,1.0378426650701271,0.21538812922145395,0.30444935524148975,-0.40800771858569834,0.3648643677920506,0.7595992437077072,-0.9226157809500577,-0.8050691794089828,0.571780402880193,-0.9971360579768512,0.47408118704957547,0.6353581617334817,-0.10699710409449248,-0.17031958543177458,-0.04664705377682518,-0.538912732008273,0.17646194204099996,-1.394622236919245,-0.5235945661091361,-1.2988073435306582,-1.407868235322515,0.14480585991800968,1.1158292955018647,0.06404485927644646,-0.3052643682060014,-1.0833397999659726,-0.7432855128240735,0.7941158856592598,-0.05036050014344921,0.49577301008186314,1.0397124555192527,-0.2592619220147288,0.058222924996891724,-0.04009147153712917,-0.39544211799674894,0.1060787579274386,-0.07352127463904184,-0.41484938887315675,0.855127720975541,0.13884439983287658,1.1766576719082043,-0.10011187695774915,0.39070202555846734,0.26676955832663046,0.15622691539568107,0.03158914576600786,-0.16162015239479413,0.2339634058096586,-0.4439147124028329,-0.6405422451266068,0.11286333817323323,-0.0443835378094057,0.08827299488249744,-0.1935525912634373,-0.5249114552135944,0.8036131043826424,-0.17665574341590407,0.13174490102336886,-0.02580297616757841,0.1924274971554329,-0.23697931643808381,-0.01837653563960073,0.60199018770292,-0.717751186241686,0.09626414666170192,0.6283679817463069,0.7346852376912131,1.3439594207825805,-0.428491813556324,-0.6747442186173265,0.3972443591573451,-0.41653174750935434,0.11746803030763155,0.2272955346646309,-0.3211224911065679,-0.49942737579231244,0.3548780913197439,-0.5483424311222465,1.122757822111043,0.28693438459786846,0.07992706813285018,0.3691303234175031,-0.46415370681009654,0.03812455413062268,-0.28516355728246345,-0.04643570963707317,0.7528798466583315,0.28612339422467953,-0.24215886979360382,0.47898516286963155,0.10301876392843902,1.2021753314389707,0.028914772432076317,-0.27240173128207446,-0.3726000030177478,0.5027779850645911,-0.01852103111310489,0.3663023844179533,0.3314454119616931,0.1948208862577398
"""GSM1539300""",0.6511861914807807,-0.6206110094408672,-0.8744943157122561,-0.9341522097675166,1.4432869625757692,0.792001921287078,-0.6126896093474844,1.5367693101231206,1.1117675625523806,-0.8080001730967749,1.3805698549195513,-0.7036113265285519,0.2337412277488957,-0.703728678859676,-0.18115069401984393,0.455946521373548,-0.3639154678288704,-0.8737664957800666,-0.3183973446883468,-0.11952601824575289,2.4053225525119255,-0.5742325558537601,0.5029790536436325,-0.19791798533032456,-0.5775370233582962,-0.17925058499342025,0.14851291440403125,0.636558394906967,0.14271758430483633,0.5096921554722454,0.4434873457384704,-0.058314701885693807,0.0017824041333456514,0.224002132797895,-1.2421121420092398,-1.1541375320841907,-0.774007119779809,0.7020836659456343,0.7017658738988005,-0.12467251468305786,0.27260586806371684,-0.9803878288091008,-0.7900273123738314,-0.9244398614489113,0.37789844600494765,-0.8464772556898443,0.6594782489767611,0.5382688653396231,0.17000183117960083,-0.36673523515705636,0.39605759436096,-0.08124621383019717,0.5269610357585238,-1.3567510025497147,-0.013763176520575205,-0.9607635716482712,-0.9979492708852108,0.06453543612534239,-1.0879937650771492,0.2778524597592641,-0.3906346684946547,-0.8324144826624519,-0.30444819990373523,0.677106402156031,-0.3109861317660292,0.7296927504713102,-0.870158654903113,-0.4172983477354661,-0.10476333376206981,0.3536349551750275,-0.01667367529954491,0.3204305137044391,-0.22525764947208257,-0.10778341285856656,0.45374973947778435,0.3277726951458681,1.1037787371026475,0.6987149518369609,0.1435725192345772,0.9926116533925563,0.12695539146577836,0.309382350966631,-0.17945925035615484,0.6577047605872418,-0.4525440598388939,-0.579566501705835,-0.1089226079092704,0.7320010030081164,0.07509051811880504,-0.7223378969202665,0.3006824666688625,1.421521314760687,-0.29988691397903905,-1.744192712936956,0.4363228299379567,0.5593004291542555,0.7291308670785229,0.9351405347041867,0.711443297533218,-0.8698729718924294,0.6393134921632749,0.8358894500534776,0.9972865055682372,-0.022117009018920067,1.3018565788846046,0.9957932041442976,-0.7654388528657153,-0.050517602186220735,0.15373607422951316,0.4602188236068141,0.1613173889368687,0.8029063280983879,0.20585822849351146,-0.26709946952431773,-0.20730575181587096,0.9924237143254716,0.29957341535610404,0.9021930966939458,-0.4291566119180583,0.28189730684965375,0.2615752751828975,0.07103236180192234,1.4445320662212597,0.5041637079470657,0.3137552506856212,-1.7011879633578015,-0.33322291633346035,-0.7070489955482042,-0.050085567960256504,0.7945733409286995,0.1378906036810787,0.45400228075878063,0.45233105732931456,0.3981873118916807,0.36381044880847435,1.0076180933150494
"""GSM1539301""",-1.6073637085965646,-0.5173136138172812,-0.8185954258344774,-0.926451159789635,1.5199542592562234,0.810426117173724,1.142488533119614,-1.0069312448273198,0.7058253212456967,0.7596168232352806,1.1320776469384932,0.8886272543879267,0.5647433329649282,0.67085576236169,0.1205245977731251,0.7007603611164787,0.039018057197264894,0.8671196262751562,-0.41551455335575815,0.011612949975150302,-0.8267843735804874,1.5362364747367976,0.6662823740126482,0.26954195853796153,0.3429965768997309,0.0946023452458838,-0.6484334835736615,0.3455171036561522,0.5951351906096476,0.7830279733714521,0.7575078470721535,0.21939839981006862,-0.2437420571342417,0.507551490666267,1.2744575204426194,-0.8174071009034262,0.8601281043934507,0.8033500783830162,0.7119725549066059,1.518484404650057,1.0175462181712023,0.10168145613679713,1.294040965933711,-0.8935353020580871,0.7892664914596598,1.2020773177657256,0.8931317499972266,0.748316506274615,0.5137078419329603,0.3657609422622715,0.6397946214566255,0.256769875071026,0.8170748627016657,1.6725532965413317,0.0820699485275546,1.5132907288752324,0.9507843595823691,0.30747779067680703,0.1289657002734105,0.7902157790270964,-0.1572395002777995,1.2126464724410357,-0.5689784552625649,-0.2364912893651176,0.4275638290434029,-0.28859938542463104,1.5982453514258337,-0.1883258398023325,0.09427540976320342,0.5781667017536695,0.19631724704089215,0.5579515825213923,0.06777487380374,0.32187266435325357,1.6716590982377055,0.4287682703815655,0.24104678335134647,0.3285305667591131,0.5282354758136891,1.5251028437021463,0.26972522386830866,0.31649452434711545,0.23646914886753295,0.09333252463342759,0.41438326347697035,-0.6300922915208516,0.14290058529268904,0.7907792746467572,0.4310435452754384,-0.4433551305655063,0.15641501796102264,1.0929911269520665,-0.2449244694360972,-1.4532300286115445,0.26858865662578724,0.08357329025081578,0.6564279568198126,0.32146660098395985,-0.1789657570969256,1.0211675229630433,-0.09785789389393805,0.8749024271281334,1.0720203509980821,-0.4458700084631932,-0.4662457974227572,0.6956133694134412,1.2264298741650304,0.4377833861323952,-0.035848270974072956,0.04534218054122377,0.0710851895659613,-0.6123124185849709,0.42021918257713037,-0.2599046013595662,-0.10435424427699394,0.3629129218122975,-0.4337522194176986,0.8911456765306639,-0.16553548126805998,0.1546091215584801,0.40114121103129374,0.19532695333018574,1.527844991863093,1.3091010937359617,0.4601432812548103,-1.6750141253666908,-0.2602088925372812,1.2490710019824947,0.6634791126187151,0.20629350307453548,0.268369932452386,1.3383526623998716,0.8664568894382507,2.0361814335445882,0.4427313109514747,-0.06233282724670616
"""GSM1539302""",-1.6884219714034125,1.456745298859828,-0.7591510824189188,1.4843121260298122,-0.5160612745214467,0.6846723639542447,0.5500208612550158,-0.11955857071774748,-2.610710757672101,0.6369192782864582,0.5732034859257106,0.6461892705744909,0.10179104656105609,0.5259024529271044,-0.19684485495773654,-0.09375508274675841,-0.6616672729158787,0.6330990987453764,-0.5806199987196192,-0.39691582536012454,1.1741834027462512,-0.7236086587390764,0.36556626545548854,-0.3879505106226484,-0.01770070000704442,-0.2755121216769783,-0.64024167108672,0.23785865826002087,-0.26703117871648596,0.7286182488486606,0.6562578140106307,0.04393204705594838,0.194583445823024,-0.11330022661333475,-0.8694528389420679,0.7541314284635507,0.5353658380350846,-0.03352615695718428,0.1748715084241178,-0.21894557742915702,-0.45180896566969025,0.2438114819717676,-0.6679216721200719,-0.658255169895949,0.659754293238703,-0.5363999760585195,-1.1227790452142923,0.2142416573745008,-0.08488125460701663,-0.3505436176826569,-0.01369100371182718,0.022421870138513527,0.37276987717453963,-1.2853715261534178,0.1325859503096553,-1.0607691693636978,-1.1199068910526622,0.13199765305643413,-0.11562896103111844,0.21940397776536907,-0.3891187786981849,-0.8574002967047264,-0.625264969516912,0.10866769882751284,-0.26989395459150456,0.6531483315453047,-0.08698399643719769,-0.4409966344614737,0.007741533068089633,0.2212137407195218,0.02449712790198711,-0.02026077244804133,-0.2337236823057078,0.12485272719982073,0.6375194602217452,0.25663761773122273,-1.7826245784971446,0.3376791102799883,0.14105480216716193,0.2613678733365157,0.048166222363667306,-0.6257329240449753,-0.2738513321126358,-0.13240975144817652,-0.60694013209894,-0.7296844314324958,-0.8910045043144951,0.4333352395024511,0.10648312120266949,-0.1121696698458924,0.30722760304454866,0.3730130438600826,-0.44501526733436025,1.4769633787433534,-0.7539005997180581,0.8509563686426884,-0.3796094645449882,-0.027093041942313944,0.5778965905200343,0.9336908495854577,0.19549718126323004,0.6086349480035742,0.7376093524589008,-0.2830700220634596,-0.9867660347792614,-0.4490960172167866,-1.0008628389279635,-0.13471463113154553,0.8786397661230028,0.01278439342166251,-0.32387244576657365,-1.4929351043744925,-0.2819508296708999,-0.32980831803603367,-1.1627896079180133,0.26971318434224645,-0.05915335285024652,0.0719798082516255,-0.11172483634670771,0.03247408579306807,0.12963123601335036,-0.30670545977770247,0.934721357107512,-0.6579128983655591,0.1252028448204313,1.4862684426237214,-0.4101077795266532,-0.6376667310148307,-0.11277026182133629,1.3427375264420138,1.6595262542459046,-0.6584259437969351,-0.41089038909707265,-0.5655263146714951,0.1265349301645268,0.2799126447029994
"""GSM1539303""",0.7147111558320776,-0.6111102844744138,-0.8324184390440149,-0.9092314814999869,1.3820968901674466,0.4580218879696613,-0.6647050010192662,-0.9531893363198963,1.3033249222743157,-0.9307276802159108,-1.6251278472124393,-0.9066029667912535,-0.7826745617014655,-1.0666937531894114,-0.8167837874957183,-0.7304477505690142,-0.49869530423058406,-0.7937436137774007,-0.8611546485207665,-1.0459848221121333,0.46315403821393514,1.7023073386045653,-0.7660602542189615,-0.9599677822981721,-0.9170048856470341,-1.1621537547541414,-0.5246731639452341,-0.12481008242864626,-1.1601915158768197,-0.47885488185235325,-0.31829199723143703,-1.4060815308729466,-1.3985761771795386,-1.0926335529817062,1.3363333983375667,0.6536197932263743,-0.9453707743923697,-0.5710563501950546,-0.5439457442926933,2.1572217437553096,0.04993253870983626,-1.1109917828578668,1.3236783153785274,-0.7330466624523317,-0.2059761829120724,1.3540454882583066,-0.7511844678518045,-0.39171376086038623,-1.2260240427276847,-1.0223457985575044,-0.8504449863656651,-0.9126030838008337,-0.32169927755962424,0.7138463623003237,-0.9203533619320472,1.6069295532684233,1.164319806841814,-1.2235650686325767,0.27484639282752976,-0.5307431549520675,-0.726253771194378,1.436008854643888,-0.9246493116328016,0.2415786335099255,-1.0869777315503748,-0.6191682238358356,-0.7775288575651679,-1.049220006188575,-0.8735753269934984,-0.9372338812323798,-0.8531094449483134,-0.6012391059163622,-1.1572073594423165,-1.1744635635727798,0.4637290429015055,-1.3394307367617415,1.1547126632869014,-0.4267967771169853,-0.7170898566615136,-0.3915462617166019,-1.0206507545900383,-0.8523618844617499,-0.8419938738154251,-0.9432641331861219,-1.2271343449729468,-0.6680966887204322,-0.49228750456793613,-0.7401298698359607,-0.1959981803242756,-0.972889604549713,-0.7299498902062532,0.16325620961920012,-0.6391664327695173,-0.19684182753593252,0.0013750338509013955,-1.5000678216444805,0.25766370203309974,-0.3651219233985512,-0.20156413851069443,-0.6073605615465836,-0.6952116369369988,-0.5289448095424826,-0.067868798065133,0.7280660376816784,-1.0842980714320278,-0.8086694524498517,-1.5977446510033981,-0.7322119484142572,-1.1955435887030288,-0.3706552805515754,-1.9308379155562503,-1.1089114860503755,-0.9615292591495381,-0.6028421438186632,-1.016346111209794,-0.6769342892655854,-1.2585144845217069,-0.20946123091507374,-1.0014831599765004,-1.0660297208839673,-1.065973102314898,-0.19682085735638372,0.424866227044235,-0.45686011356666417,-1.1373219439768072,-0.04570582717392282,-1.5196628971602983,-1.820828069754852,-1.1718155933756929,-0.623711816827637,1.317743964794136,-0.6352321643035986,-1.0791940548484833,-0.22586156096127238,-1.333550835207438,-0.22127905118077512
"""GSM1539304""",0.5490703006971172,1.6145704383608175,1.1793179563087475,1.2866672869884632,1.3612045890468607,0.5693872933764141,0.15366296296257922,-0.48746552527918985,-0.10113312938105048,0.09036985319499645,-1.4189587598155669,0.08329258889249029,0.3698977545311699,0.17215576537779015,-0.021280262582418514,0.7268268874488109,-0.3408866592748406,0.2474536741258849,-0.1789912822507288,-0.0016042885475267786,1.4204808112441287,-0.7505642645207371,0.7024729586793037,0.5437280135954277,0.27242020475530887,-0.18618427641593205,0.16251841167090325,-1.6284779498554536,-0.44643165632488013,0.30646375013029753,0.6804218157088768,-0.26244051986320954,-1.075380335938415,0.5751199422760332,-0.9451660742468551,-0.8325989786120302,0.17345065047145988,0.5698555992346568,0.5581001169898602,-0.3566250580600346,-0.12010632927323098,-0.4138961644892096,-0.9389282261141699,-0.7365887483303356,0.7498296060206195,-1.3998869401148752,-0.025251822664474583,0.5207911034537619,-0.067890500250892,-0.10785103274229638,0.8026944992806174,-0.9842344140971535,0.576371274987058,-1.6219789219853014,0.14853563663050182,-0.7719774421745096,-1.37593011375063,-0.08824799882768837,0.8710479276479154,0.5330202056244988,-0.4558473351700092,-0.9975732533512125,-1.122857256288047,1.103410978862592,-0.14662238557730514,-0.9091079589408161,-1.0122430521603527,-0.07138581275271275,-0.24684343155828076,0.9163802373725244,-0.14704087193506482,0.5332079187788079,-0.2545094287380679,-0.21754157403777882,2.316318201985436,0.03102752008133499,1.0808519677561494,-0.26206288169167347,0.34179964617665953,0.5723374019539216,-0.016356089189249176,0.5159919186602883,-0.28719586709016215,-0.9383830657520604,0.3098654231144525,1.1348447726393907,1.2740246598615597,0.035333579083178454,0.7290679109910527,-0.7902173361358341,-0.10407318945269761,0.9410533324679926,-0.19396876984502673,-0.8893235137569521,-0.8499853642202319,-0.717501099311562,-0.5350359643508017,-0.05037044702982494,-0.8298220621818638,-0.8080294577068298,-0.7292380829819215,0.616353583464379,0.47013280361652154,-1.5072088326299393,0.3886225075425091,1.6147189250566196,1.004073094277841,-0.8127703005530064,-1.4261200331034687,-0.5032647102726456,-1.0971587388334263,0.5529384053907496,0.07498501289568814,-0.2757032804025457,-0.881961550913272,-1.0385292876802021,-1.2559703008340453,0.0920795950370162,-0.5445907342133468,-0.4070887731163573,-0.28061940655188844,-0.5636780958907615,0.6186470164990567,0.19215188555881657,-0.28775270888765203,-0.6619374368021839,-0.47422318815381287,-1.0844399796402722,0.13698556698209155,-1.4143483511537795,0.1568680816089855,-0.8867178453699761,-0.10544526177504907,0.06422666361906564,-0.32842515711661824,-1.0608424213893302
"""GSM1539305""",0.8122406575559665,-0.6073052424314224,-0.8394812934041441,-0.9665443006918648,-0.2092524738657117,0.29975373803018174,0.6296169687840381,0.9447220272891882,0.3847511285198952,0.38833482732993213,0.05693330879270344,0.20802442003021276,-0.029880667113861843,0.26569800548322986,0.016623652169754526,0.5728687640867655,-0.4013686812041117,0.28429969176087555,-0.48380558448516114,-0.014438427002291546,-1.2037460010705883,-0.9863451479563102,0.4391344251313739,0.19109669307658714,0.1999170018649601,-0.1711606233198688,2.449946044028239,0.9459057351463054,1.7319057355752163,0.07929591929549332,0.22848922588494572,0.29796136363050935,1.7446755429740752,0.41514391371753784,-1.1458966265297692,-0.43552130257478044,0.07146688726358327,0.24209019723297193,0.3737616297984158,-0.657379197373748,-1.106586501324724,-0.39219148012859617,-1.2485799951554304,-0.9043839089325393,0.12486847431674987,-1.4606584360479353,-0.7454377789158474,0.9096109233240348,0.12429742164584874,0.07708955132954591,0.37069639049867137,1.5021881160874528,0.1440669528779414,-0.9997619746466037,-0.12303023996622509,-1.081689748387342,-1.4417126306705785,-0.11143952392379114,0.2521299570330332,1.0933427576376344,-0.3472548102686669,-1.220669159628062,1.0851798114375204,-0.005419325941815887,-0.09818512134263145,1.3533781709496655,0.7256300586332323,0.00594543689626355,-0.29340964984158957,0.2474505921193002,-0.5804364252190136,0.23649826401643922,-0.13197767126913054,-0.4737291504645241,0.18617373821951033,0.18902632385466636,1.2851031232663253,1.7143255109858195,0.8532585542886796,1.4572316674975125,0.802666063335534,-2.111991065519056,-0.21298136817702462,1.527242824704637,-0.3532179271590184,-0.6167390290377148,0.6452454051990503,0.11617377276307791,0.19961172735441962,-0.781851713329681,0.028645903466934935,0.7644069427773083,-0.03924697685912525,0.5607388754911864,1.937412935730536,1.0370016243927649,1.2995079200881445,1.9417678979534845,1.588851634223055,1.0465866345555856,1.21256701418294,0.7265075190529746,0.540078962609324,1.0091250870997646,-0.8367339646663808,-1.1483234184387767,0.08466071915811282,1.6285391113628982,1.1769895548811253,1.5891787770612897,1.3418864014775536,-1.101622631881433,-0.046278599536305476,-0.22255584221431454,1.2755178964615204,1.5405882534573707,1.214689845314928,1.947593556749594,-0.5348511708023673,0.6951398294550925,-0.039898796188968084,1.4369450554301957,1.91662051313032,-0.9592850515839321,-0.3713641759810138,0.4579528133294491,-0.6151542306469083,0.2106186444763613,0.9593216480176984,0.10789708624895264,0.09322272668371219,-0.038510618807825255,0.5378919888455074,0.3129186101950646,-0.009343962525569231,1.6822005786789997
"""GSM1539306""",0.5508577895807251,-0.650454664697201,1.04743559839919,-0.9079109338250114,-0.5698415650829939,0.9244015992217899,1.3073367865664611,-0.4360700338584722,0.5986372765323643,1.0364529440521566,0.15074681994085953,0.8522066940554412,-0.5696585224407597,0.9670944704352915,-0.565720551431447,-0.4706898002236512,0.3079692725538444,0.8772846336929943,-0.48599915627390733,-0.7638729445823808,-0.9298851525088314,0.36937330911159677,0.018762677157452327,-0.404600333005214,-0.17834302888107428,-0.8151109012465927,0.19126655056575614,0.0076907292134929,0.5332256830470319,0.011970576258747334,0.28824963833558026,-0.2744674869007122,1.1163254684398474,-0.5471363886427968,0.2938569163764783,1.1381381716282457,0.9052501445034676,0.006461523658325019,0.09964268379406829,0.5744290240010077,0.4061942052797242,1.1232554898003966,0.48197154776904744,1.535044037293304,0.1992690970628478,0.1138003209443579,0.8505479420424722,0.8385021476658527,-0.11639837171795646,-0.14187632711990283,-0.9985363471594919,0.21709941723405737,0.10561991092264125,0.1852985973387683,-0.6131687202779433,0.4034272961897635,0.012161431939871166,-0.017493386906547122,0.5596926424494285,1.0068761792214729,-0.46560938920386485,0.08910560591169436,1.7937666785484165,0.2070149363982444,-0.054688961789247446,0.9490690050505045,0.7784901451683423,-0.11584226116088098,-0.852284380116535,-1.0617610122432168,-0.8818550557478961,-0.08843556984322284,-0.6013173293347315,-0.5631409567217267,0.5546500866219205,-0.22297180566776165,0.8122195450077231,2.2382932464788303,1.1008574197877048,1.1242233019599701,0.5390471463838987,0.48316935429417995,-0.5906549761157581,0.9068814389174882,-0.5827769341492162,1.0508071803120458,-0.9574300527966907,-0.06684051669786449,0.13747455461481026,-0.8266536923420866,-0.49134617141338427,0.03124190511048179,-0.599986828057037,-1.2198709291518983,1.6284743664996273,0.07898862535166096,0.5848755219576357,2.084913271205096,0.9878465094988037,-0.04435809736148913,0.8397447494678951,0.930969866843036,0.5274111959140182,1.529631769981368,1.690588009847176,-0.707273782077977,0.6611092769578998,0.36622917500752383,0.7038045122376584,0.9401781635681522,1.1221664287676871,1.8490600234411645,-0.3387538241885528,-0.3026076923477017,2.0052361877808518,0.9892770665925199,0.8375378320828208,1.0654477377079072,-0.8943682835293535,0.8581534688916574,-0.1738030582447901,1.8341556543106985,1.4691830002067665,0.09639401057004246,-0.2610265199020834,-1.3281547546391814,-0.12211575274208919,0.44998034279956933,0.9966693904791637,-0.7700464596399422,-1.3698261078629752,0.33737322641065703,0.32004203240519824,0.27074568579307434,-0.2622004013672307,0.8104003915875597
"""GSM1539307""",0.6653993746112722,1.6012293652021536,-0.8150840797734765,1.0709339860609748,-0.03147954769477817,0.6031679727117683,-0.10157671770421636,-1.001734561725778,-0.23231807957337816,0.020711836064682736,-0.4705307781552409,0.03883809887474843,-0.6424428130252375,0.08475286558720713,-0.9891317950669417,-0.75508946781555,-0.00860217675862063,0.049871799140062394,-0.8358990047026257,-1.0471189559655756,-1.1443016892195663,1.1093780553202766,-0.6893993334192754,-0.7108230742113112,-0.7088875610565161,-0.9704260943660831,-0.18641898352885744,0.1974189413807812,0.4230348335239856,-0.4698906745507587,-0.25199958424192653,-1.004405018246352,0.9870127573552949,-1.1270376049176802,0.6416360181796927,2.195322257942928,0.12114719484145232,-0.4178982604425438,-0.7815427566442239,0.8836117833771604,-0.5129823055079429,-0.6145247773152501,0.8823148105582532,-0.7893863082756262,-0.05065711785227701,0.6962351622307376,-0.8071333841334117,-0.26007558840663714,-1.0333307821311866,-1.0139868813672486,1.192928430309603,0.7109503649533088,-0.4042096525184893,-1.4082560265940267,-0.797072608491576,0.6825544694741621,0.40158436843015805,-1.0946803485699657,-0.2393398934659182,-0.3930601073871272,-0.6136401248701415,0.5944583962713174,0.7939885024721358,-0.10041440157709228,-0.894496292703572,0.469943583329596,0.18690423384478325,-0.8308011038399801,-1.2102420883934761,0.7909728299293033,-0.7961066677019991,-0.6765929181365128,-1.0051052020290132,-1.1131647928193371,0.17549169371349005,-1.1315749387227554,0.7492210356590139,1.2126637532988824,-0.4381571764976938,0.740158335028893,-0.59036698034503,-1.0256962222701385,-0.8132621861905055,0.46201600984277,-0.9030292507071739,-0.7036892294519613,-0.42645805980200746,-0.6282702615625888,-0.36227022621378685,-0.9938518410963405,-0.8010782457486114,-0.527483563188913,-0.39439193079975005,1.504879467602471,-0.3866852623417183,0.23578646024093183,0.9337276927058777,0.883814141169992,-0.22482934453674602,0.23542645534479759,0.6725783767996415,-0.10633783625261001,-0.24979041646854236,-0.32584759166403343,-1.4884433096857013,-0.23195703104811874,0.8145323043162198,0.7041578207538848,0.26538468523128883,0.1497992816574411,0.5404559543887493,-1.323669676947922,-0.9988866623488974,-0.8090329623035938,-0.6624464006261318,-0.0030692021853848572,1.0338215314590757,0.8684768443236622,-0.6780409190351637,0.5987544955404731,-1.2336587205287306,0.025711343623209478,0.9949063444158412,-0.5908214503117325,-0.9367263089227388,1.3668833257566921,-0.6344224927202549,-0.1488123920893635,-0.4066951078178991,0.6234310775038749,0.4501109993228346,-0.02258389183027023,-0.9964282608850802,-0.5411331154149622,-1.1959529016807011,0.8044890858883735
"""GSM1539308""",0.7415229914039707,-0.6808499964471034,-0.7771633379908574,-0.9190203636645096,0.914951349573563,-0.9522739249756873,0.5722544505933739,0.02728980160291193,1.1599104560967006,0.6106262476165628,-1.1068231417569687,0.7033758869634442,1.3512403040982273,0.5189679932784615,1.1354972318030851,1.3428964692207987,-0.16016499587764393,0.6771512222403533,1.1042232597819095,1.210510850405082,-0.5524097983490415,0.9324584355248621,1.7799084735705655,1.2285755438275723,1.810243367523642,1.1795069252883303,-0.47802030275036034,-0.33188000221108405,-0.14180857041052397,1.2169009021079527,1.224598865460621,1.0418009484498079,-0.6430943418697421,1.1600208435236765,0.9448791076511883,-0.19041958753046065,0.7615917641911614,1.7293930940559432,1.506779268495554,1.1779624487768376,3.2449526873825523,0.501146439471345,0.8949439163328311,1.1968262269422538,0.9063215929127959,0.8589283568390884,3.093843752666256,1.2603650361706067,1.2293112490493425,0.5285498527366621,0.37948089430142884,-0.6268618453049427,1.551222439340401,-1.174992038064004,1.2060435332884474,0.9603326060503306,0.7303265493633649,1.7256902783089652,-0.09910511299345381,1.3103223105354003,0.23868419001583333,0.9357549354935073,-0.015815166640575407,0.6373596763476724,0.5482492811453088,-0.9494594304322291,0.2017768047880565,0.6974654870153719,0.9911923619980805,0.5097801003123611,0.9660611636972238,1.4255178288391028,0.7539748583068657,1.0270964156951545,0.5959155844341624,1.5780837719136085,1.6154287953096556,-0.6959041378250294,1.2008913974202524,0.6217115759730226,1.3101831568798061,-1.2757676475151976,1.3197771760315438,-0.6603777934503944,1.3095847607681181,-0.9249132110787102,-0.4557210160294625,1.5380782160604538,1.1192572498584636,-0.2309249571258393,1.5509882633937355,1.4839554930828724,0.4229738691474891,-1.5849630764061224,-1.3831484775722995,-0.49281499263355666,-0.8172143414569234,-0.6935361780249609,-0.9453289918538195,-1.1045911885988027,0.17409716019299892,1.3035060737863802,1.6128699936318287,-1.5330753662485779,-0.33601860430693564,0.40753563493513567,2.1727512795922177,-0.5572465666503116,-0.7027310114045984,-0.8513509275584381,0.27479572417441006,-0.6032186893784364,1.7609261099852926,0.11770507332037199,-1.6569816550760366,-1.3717259566999738,-0.914693790788977,-0.7338373056993424,0.5573857587515103,-0.04697827931912709,1.2911975999607943,-0.7259622683671434,-0.4416836356678228,4.049522660317617,0.7455384352458062,-1.8247430084787777,-0.07034308665259822,0.4206271685348849,1.0892661267776103,-0.07886442897088314,-0.31072809933895723,-0.31976834080850086,0.8212219945996648,2.7850706356673665,1.3572819552400373,-0.71963531873927
"""GSM1539309""",-1.6933069575191835,-0.6951900786352018,-0.8089864481138295,-0.8749385051043472,0.04422950073954748,-1.7827556605729513,-1.080241672294335,-0.18319921367135342,-0.02191989189052377,-1.1983843311149442,-1.8594429431078197,-1.0846785199185298,2.062179985036418,-1.0973760475630536,1.9614098515407814,2.133807822407104,-0.7860943077134125,-1.0742295563439948,2.2432996272686565,1.8878030877368128,-0.9745650498396582,1.4787881342150653,1.7899100699538955,1.9005862238265883,2.0771429223014612,1.7413589215908432,-0.6315538244841495,0.5269501462035676,1.015988107701096,1.976702262582083,2.187986833960739,1.807346414183013,-1.1695979748714342,1.8710170945095392,1.3420959287363055,0.4262910012707185,-0.9758301873079156,1.667930470287704,1.6854158705063689,1.6303606357930336,-1.5048037978621254,-1.112788260229154,1.1361536638421703,-0.7950934884834557,2.09725052405741,1.027205455269117,-0.9861823105052537,2.2148543107626466,1.895989123863122,1.9469526942643458,0.055723890238809935,0.08231648721996554,2.0460107610783527,-1.169548494372996,2.047429745879792,1.270735647909423,0.9110814465230032,1.0335455939180518,0.9510632757509293,2.2570757425121273,2.3028001988954645,1.0420551020186486,-0.002750200271373647,-0.669742437859412,2.081146821644272,-0.06575072677210232,-1.2137981304734355,2.1003856774072402,1.8350710475791312,0.11806379275675596,1.7846719149303905,2.609141290911334,1.7412338440392714,1.595335805644691,1.1757058141140873,1.0935691463527732,-2.2069838752473587,0.6482875190113394,1.963415966008128,2.444241586829327,1.7320428021924976,1.3648096827478975,1.7185231413794038,-0.7186801693344452,1.490441384351461,-0.6632130683458355,1.1953880831132961,1.8649341332397853,3.2228769838178235,2.170675056344786,1.6493929800258358,2.0684113070754875,2.765060429775727,1.022626698914343,-1.062759709616881,-0.18483109356383676,-0.3601022551489258,-0.0337127539201639,-0.429068921773262,-0.9756271688182927,0.12542658820081662,1.7301154877866887,1.2761617914829044,-1.7536171652889883,-0.6420691410226462,2.896895612222142,-1.9546527362535293,0.1785567013163155,-0.5695391465650584,-0.44004053344577276,-0.5834606278364876,-1.2835311620980703,1.4387572760099543,2.0815795114982025,-1.0601331881438811,-0.5772190502715832,-0.864151780940165,0.7225358309564596,2.1189781575208952,-0.6282924730253727,1.5837312701203639,-0.45748764543314424,1.222105245846,-0.2001356983940616,1.4935649285473276,0.9363728043726884,1.7528109788542194,-1.2106738645145123,1.8151211231633604,-1.13063154915078,-0.22545841684249332,0.4327001499705465,0.9796333241441361,-0.909166905636852,1.2964631728746794,-0.03429593270437499
"""GSM1539310""",0.6785079295830815,-0.6800651508017989,1.3495360750376881,-0.8689383494001044,-0.006542430353485314,0.9257571289412385,-0.9115289167238337,-0.3413947814660744,0.9584591537131472,-1.0988798274872298,-0.002664989512978763,-1.024010560557629,-1.1658552492778393,-1.0502247029135003,-1.125868283209138,-1.0276880134575919,-0.790722287949843,-0.9243057514519749,-0.9125176424250276,-1.3455862146599553,-0.7889112907022287,1.8766282454377055,-1.0313091710667692,-0.9446647605271887,-1.1389500363611063,-1.58149283510227,0.984136902009082,-1.337748345242635,-0.7822148570820112,-1.0999587268828612,-0.9753819215153323,-1.904660366180019,-0.4077767553364765,-1.6307519899608023,1.578041653772841,-0.9141828793512442,-0.9556940305457787,-1.1618253637448777,-0.8909046728541418,1.9908190005941944,-0.14123948530402056,-1.0352851734417794,1.5876019154334948,1.8323918600235989,-0.5124227864354874,1.454802410920099,-0.8947236932445336,-1.0122996955752093,-1.6018869762267398,-1.3435179884648416,-0.6916992685568681,-1.0741731865092554,-1.1089573437379125,0.8341372958983045,-1.343676782096811,1.7145157375553874,1.478326053054415,-1.9931173654235053,0.8634092790650508,-1.0971423811413683,-0.6563581590554486,1.5781691897725647,-0.05959682905032699,0.3776818333141799,-1.0670715096825716,-0.3851309768200331,-1.6175369052426878,-1.0027654715695171,-1.7442698027904495,-0.804810148599878,-0.899593356373362,-0.6425256324120387,-0.8514149282026116,-1.6938693997528256,0.88144475313547,-2.200924531550534,1.3686317556175212,0.2494303869049811,-1.2038325847855351,-1.3709591738981708,-1.5350201053193357,-1.7988051508911278,-0.8881432905205776,-0.9684506054158787,-0.8049403645817748,0.6270150494028325,-0.08498275506925135,-1.250400554599108,-0.5381999164293637,-0.8087218911210257,-1.3321346451034473,-0.7397145382000065,-0.5086891739957801,1.0962085376993511,-1.1439348766115311,-0.5718453291023812,-0.6453587910692411,-0.08649388847831366,-1.1908353632010396,-1.2673404500495713,0.029000779986088875,-1.090115217239063,-1.1063583323226527,-1.182285166210231,-1.7906537946531997,-0.9591317780188209,-0.8648933466509567,-0.9051926393575164,-0.8235869671294305,-1.396642168951826,-1.7315995322053814,-1.327697300946243,-1.21297311793971,-0.5687750776518017,-0.8814893708474045,-1.2910730654043605,-0.7177244046389709,0.072825874485955,-0.9063825311343792,-0.8703354831669377,-1.9328935818042383,-1.8117926118882401,-0.1536035718628877,-0.2913458470975598,-1.669859041637487,0.9865741183856507,-1.4993795047638272,-2.154401502094613,-1.2053776629490567,0.7685330175703801,0.2407547411725828,-0.652507986067435,-1.3077844836072445,-0.4840597984957205,-2.1980743565396974,-1.010595791508244
"""GSM1539311""",0.42808385596187004,1.41288074979795,-0.7893059411595484,0.405159597829473,-0.05068615338948792,-1.9808435119368855,-1.481764872487682,-0.46124588694336843,-1.1138450529489388,-1.4438683354267086,0.23537883451684796,-1.4895022828667266,1.91033580479691,-1.4396766540359989,2.3865828599126786,1.7416981641676617,2.6418146277941457,-1.6036842069844766,2.374483406841165,2.168581779320284,-0.7802487978068806,-1.1705240078395103,1.2384530336569977,1.1751817471521881,2.0953846054644236,2.0339905135671947,-0.7270478791004538,-1.7727942646095123,-0.9662470628875962,1.5844613227479942,1.5766452815099692,2.171762144169807,-1.2728180051766875,1.7497419184916025,-1.1636861111932115,-0.8542120638745339,-1.578763030936648,1.1426080548264446,0.9708225632794406,-1.4738484178131557,0.8156554961340797,-0.92191927086043,-1.036255401281629,-0.7957274744156929,1.0366752625883653,-0.962249063357491,1.5397262756110273,0.8512518722811256,2.2445937524731594,2.0038948003607997,0.8331311532906047,-1.0498881192611393,1.4410126468250752,0.5853646858440613,2.017387643856611,-1.1441269780865624,-0.46961955594327265,1.5884099980655482,-0.9346840507928142,1.086158837819524,2.769685672862552,-0.9485045606727603,-1.1864433764737818,-0.5650330351997039,2.1505978949012667,-2.1415578245361613,-0.8739828767546092,2.2737464897025443,2.0713956041622774,0.8918689992886897,2.242175909852788,1.1762169449247306,2.1004238890614064,2.0131887822515564,-0.2593352038487582,1.566334209576489,-0.30720865341526193,-1.498571052470159,1.3940581121667606,-0.7592515912146566,2.1603152744240544,1.8682700472485518,2.513064434539591,-1.5816283545157526,1.8408368431136317,-0.6368417057964465,1.249293292380031,1.247258513784068,0.964054049677492,2.6446511929444094,2.6581713451448485,0.7866253919624517,1.189501447806555,0.8674047326563248,-0.42555842925027404,-1.075091366064598,-0.977758523030129,-1.4235943410790377,-1.2640017241800745,-1.4556861418402443,-0.6718580383696605,0.9937524421034661,0.7617848455367877,-0.7195288750924933,1.0963748316462654,2.052355457715487,-0.04884952565959836,-1.1501012868893081,-0.83208705158691,-0.619985587930807,-0.8805011325427338,0.6170152277487305,1.568658621525747,2.664554161481058,0.5575236069362517,-0.8349266490890186,-0.6679698780009475,-0.5416634919548879,2.8769598515625003,-1.2004125719289607,1.8409213366131583,-0.25437110286839165,-1.637959187562847,1.0403450276928554,1.9271178009338847,1.1029190639002746,2.0478415550314217,-0.10888519078861271,1.227869112460931,-0.9268572250996532,0.6171930976756765,0.33497555476694185,1.565619067776245,1.6630203190517263,1.7174166841173153,-0.6476068806375614
"""GSM1539312""",0.6591890394975136,-0.6916122215932008,1.295439797381767,0.7611432941467399,-1.554460836934029,1.2893816505380922,1.1653087173094983,1.327674236911368,0.8671483021084265,1.4673201745867386,0.1580186146977784,1.4165976941646687,-0.9632918072803365,1.4722753310038554,-0.6736844748034574,-1.1093299281953433,0.02898408433219361,1.453646843691481,-0.7751625459589145,-0.43388345387193433,3.017474126774869,0.09836218206488559,-1.1686384769768097,-0.5534594904683354,-0.8840850861987671,-0.4204246002855794,-1.3176379977118615,1.9508222224091318,0.061221883066980266,-1.0758379905936744,-0.9385959806469802,-0.2806985592421139,-1.0025850758329609,-1.0063270997635687,-0.024149097904021217,0.6911814583592207,1.2337663171780715,-1.078819042982377,-1.0638840506450982,-0.5094915010649398,-0.721574735919575,2.4865302315735036,0.2572044679228283,1.2552895283387548,-1.7138461116656214,0.3632680767699524,-0.5654412743945176,-1.039833103165466,-0.5447198219099019,-0.5578875488105876,0.9327411730585494,1.011790200297704,-1.015518529454046,-1.1467624977639561,-0.9246341200942924,-0.04343950746206336,0.6853303812126142,-0.508678981834884,-0.8375450947498909,-1.1362436048173785,-0.621598394144232,0.4327523042022371,-0.5723828488903947,-0.8327795798901645,-0.7888316512983878,0.4548862683335948,0.8183600463405988,-0.9498808660635749,-1.0612420688316035,1.0538222647219107,-0.5686205813854869,-0.911323207094726,-0.5682026977607398,-0.22278486449630863,-1.9789415784782298,-0.40747701960987437,-0.3100043579894471,-0.5417175692437716,-1.343546792727706,-1.5153022829439065,-0.5900211105471173,-0.5310146234740176,-0.60122034640895,0.6652219920117689,0.10781704851238731,0.32751881033452,0.7961450304764265,-0.9676559521145118,-0.8217545667902563,-0.553380163458833,-0.34490218176368237,-1.236025717761027,-0.5469427480181874,-1.3647999642940538,0.8946317948004995,0.5172819632963733,0.18707602158924577,-0.04926608352336127,0.7200039563173238,0.7282397273902097,0.6725783767996415,-0.8114185602221128,-1.1586214914527486,0.5868461601124042,0.29084953000245123,0.14188126325339342,0.5907782445722131,1.009164842406109,0.37830059159459245,0.7373438388474188,0.39297698433937256,0.43137811622122435,-0.6223403658332063,-0.4009893374802588,-0.4683119178138349,0.5002367199287049,1.197291226047413,-0.18364321131890424,-0.29130468154542644,0.13941597597760824,-0.3882733290211795,0.27535155885848783,-0.4416836356678228,-0.9655208444714155,-0.6517023223480161,-0.8936758767631251,-0.4016508221560488,0.06000114838777308,-0.7916252570195694,1.384932479913049,0.4126355109569154,-0.039830742997389174,-1.0317909356975177,-0.2620878032044937,-0.3181326222527319,0.980339199799297
"""GSM1539313""",-1.6488191827839918,-0.6518488079649136,1.1558551311581406,0.8198005019408389,-1.5630835469438,0.11948412613030515,2.9440834384556944,-0.8727943250338361,-0.5620516598783313,2.4429954905257207,0.9088694788694015,2.1538804162861136,-0.8840132097334521,2.1217297160815405,-0.5133457813443054,-0.9966930053606065,-0.2920738228252936,2.139896787841307,-0.7244039275131052,-0.4907856643841791,-1.1303470108162161,-0.2872366211064374,-0.8827293145275927,-0.8681833374962077,-0.9432276755136157,-0.6141879087775174,0.44114906951305083,-0.7847671284838501,-0.2764725414190129,-1.001658235728434,-1.0303573597786677,-0.4354944881381841,0.36630082385257506,-0.8092703803307355,0.09293568273591903,0.9581446416445337,1.8482316235113339,-1.1737334523712293,-1.4206909798755676,-0.7555309399815621,-0.900403219576175,3.2249330012371042,0.1759689438656141,0.6021373024557515,-1.509887463681315,0.39477973316584214,-0.9424718206478824,-1.1417445233009327,-0.6414703711211568,-0.8291157081818668,-0.36315347680273746,0.10897415855233519,-1.0167217173289909,-1.3387462567984987,-0.6546451701530904,-0.09145448097817978,0.44157538082303316,-0.3516492650848135,-1.3430676608854801,-1.2839511805386197,-0.48286892221784605,0.14159267369922496,-0.5934416850310661,-0.5065095434655471,-0.7443073390158333,-0.08051562202136274,2.891955480434309,-0.4757403132397779,-1.0425766351461632,-0.38281344466399825,-0.7168075111170095,-0.8399203268784198,-0.4674893545091304,-0.21420861936447314,-0.3663805704333668,-0.42133598931189814,-2.1352186395349126,-0.8746279503978617,-1.138512306641475,-1.4423398085416173,-0.9412084383384707,0.6604977188944192,-0.554119346061765,0.035920762702967915,-0.2148527219577638,0.4365838977102869,1.5899653176401056,-0.5241867932892896,-0.8040616362297347,-0.6260160164322753,-0.377819279057939,-1.337699539130388,-0.8252593118780615,0.932671357936415,0.4312203119848984,0.3448322358751145,-0.11413325113024518,-0.8966933630158326,0.41588596035826325,0.1581357404229154,0.14175913923240663,-0.5666623577688106,-1.2173724552466914,-0.045775314128557884,0.918215476053255,0.04299621648318668,-0.9340573668309142,0.12391272577706723,-0.13882374206673065,0.3168537129987529,0.21166774759724752,1.1785227872688855,-0.5540857244198172,-0.5627157936885187,-0.6177505350241304,0.04274672451737913,0.4897215094489188,-0.46774587019237773,-0.5761566266144914,0.31344534906641086,-0.6658044946516811,0.14433547513772588,-0.3234253205566983,-0.9773769310539141,-0.31242533962844177,0.8835810291408667,-0.7961291110244194,2.3136669376801366,-1.1381616307834408,0.3915263797275801,-0.6760418273183286,-0.934537154176982,-0.2679780629981051,-0.6661420691303702,-0.5068968487741934,-0.25820911101606286
"""GSM1539314""",0.8244454859156459,-0.6795280777963586,1.3763779738189723,-0.999628261280485,0.6306543547293476,0.22428327849514115,-1.0570901836444915,1.2083060266594077,0.9872274520458644,-0.8783285150774318,0.7728231901310018,-0.8165571189724159,-0.27928185654777493,-0.5790871475848521,-0.21093158930465716,-0.4628305590916744,-0.5391953676758069,-0.5146773906805255,-0.31252654147726183,0.08212475770885988,-0.39109773736743386,-1.392102539586703,-0.5073953228194079,-0.20081296787495195,0.06186580548175979,0.13158580243981732,-1.8494145611940724,-0.7553011986876675,0.025276328914197094,-0.4978661263385258,-0.48407843420180796,0.1258491544895835,-0.6232117081044317,0.09420141914158096,-1.2834536100272373,-0.9815049837675838,-0.7643712171202595,-0.7615760078240394,-0.7004371324143945,-1.3370204485496915,-0.5913081100957186,-0.7784396024647038,-1.3659719875787828,-0.7616826884496498,-0.5432540861961844,-1.1273285240262299,-0.6150547984327494,-0.8477458934832739,0.2354651408193646,-0.4811105665389553,-0.4281882976235228,-0.42889681201878027,-0.0316062269881726,1.6803170405139543,0.09154598493818714,-1.2236740302223788,-1.0881019549913151,0.20920835905094531,-1.467169641405002,-0.48330333839351736,-0.3804566314368265,-1.3873457472747548,-0.6369989848549072,0.8824885779046319,-0.228298937336738,0.4880253866631611,-1.136310452723478,-0.4662543428982952,-0.2794474605767607,-0.42896069061849434,-0.2535050262890995,-0.6057705845647486,-0.026336679074589125,0.47456839888984215,-0.2841068054966132,0.26028189907118937,0.29523589231219544,-1.1841739141018193,-0.7037219860150055,-1.3377345227777149,-0.2744707929656417,0.023941317841813033,-0.1357271759008995,-0.4764019046469431,0.2093233678201246,0.7537179728018133,-0.0315455309241209,-0.30677351541066217,-0.6916082732756121,0.3780863368458195,-0.03011312630618572,-0.9944097687684179,-0.5384326484260623,-1.0917833502297924,0.6604564789967041,0.5593004291542555,0.6404860781566206,-0.7325681033963314,0.5845705190418262,0.08262397144388606,0.3400917639117814,-0.7308345166966036,-0.9609208007656198,-0.661877841286231,-0.22704356397404313,-0.13264575980510113,0.5474600432325457,-0.4725600251735608,-0.08121691176781914,0.21548154211846138,-0.6893114208237063,-0.5286572927298431,0.22797490235056875,-0.4717546358394621,-0.01173720976429562,0.35021884758195804,-0.16267058342235602,-0.47726629685899763,-0.19348218920824686,-0.2651454074272302,0.5772237019282116,-0.6500168825951085,-0.46976969210249486,-0.5520674437118233,0.27466377879038456,-1.1058244550910226,-0.27970168484860847,-1.114408905230538,-0.6942800220477833,1.7587810578911343,-0.46760304272668557,-0.4793066101880057,-0.9636846331735861,0.007664143339858118,0.09954476521451719,0.05630528359913495
"""GSM1539315""",-1.6766107786001072,-0.6924795576494157,-0.8159293798685727,-0.9690921229741296,0.9330809613139837,-0.46393163467858034,0.32881130462591324,0.09053867797524896,1.1411354445810877,0.6912870694859616,-0.5465959337209098,0.7775519982914598,-0.03887366216808327,0.8682734753313913,-0.05615810065214703,-0.11476359258421104,-0.7718495318150478,0.9593483968770354,-0.4078869220370914,0.19375744670463718,-0.6129530214147221,0.3009960163022343,0.1520620705146779,-0.3379765763908894,-0.181431573181461,0.2712478158926603,-1.334047334618779,0.004644524880151816,0.4305722414262251,-0.25489948870676327,-0.39415711877224757,0.12501606988952327,0.5123103677045564,0.14529042919162088,0.41390562476621373,-1.1269179000774932,0.9572199621849883,-0.33372504318953145,0.023402538683085873,-0.29514005764341394,0.4045805904051286,0.39720723762718785,0.5826769534414323,0.2706630953271887,-1.06189427795148,0.7209847331357562,0.5000767235197081,-0.7910124694795583,0.32276936502883175,-0.47096952332167746,1.1632098705118374,0.3314633036795769,-0.21313278850896683,0.8707021736221215,-0.2128486093880497,0.5385784101425952,0.7643739832184597,0.3435615201704171,0.6914466719656066,-0.8573027056030017,-0.4097392022942618,0.5677518551427483,-0.6129171004860287,-0.17438705346038622,-0.284644586001353,0.19739856925498636,0.6923498128789675,-0.16345963869682553,0.05641698270879108,0.7459846214181537,-0.06600548636573594,-0.4906412142452899,-0.28244981684710535,0.28381937115768724,0.12368228274702403,0.644581330882934,-0.6571279498775422,-0.9471771828252894,-0.565387552730627,-0.9279978487240735,-0.1867931570516931,0.20161916776539507,-0.22136643834581307,0.28991302028890076,-0.3539495281104101,-0.5701775422019859,0.14773573828529604,-0.09776034652777023,-0.5817011727665482,-0.4433551305655063,0.2264635823755163,-0.5310923614025581,-0.5342290710588469,1.4443692579182033,0.5631866839639577,0.5649971016803175,0.172952017208089,-0.9514967661900512,0.36033288017414833,-0.5010078283522145,0.8302933507179148,-0.07358550975925138,-0.08198713193474201,1.0660895504565342,-0.7185873751842248,-0.1425013613185504,-0.08468895894601057,0.27337506457834826,0.157636760040807,0.019216820082902705,0.22696893672385215,-0.7053158968670639,0.4349044471392947,-0.42693059694620933,-1.2050368651467334,-0.12052688274202696,0.2380437216570422,0.290752227081235,-0.5395322629298804,0.47887812741421093,0.35488679768105097,-0.8250830310904962,-0.10796673384331665,-0.032855157729838054,-0.036375560807750756,1.6620745410695947,-0.9278061589865263,0.20749667446555373,-0.666821655588384,0.654976141722024,1.1030537368590094,-0.28244132813799466,0.12541509490579797,1.3620119347456747,0.4587626100259971,0.05866807997836571
"""GSM1539316""",0.8183154301050645,-0.6380485090231017,1.256278208810399,1.0429439336272397,-0.7814116364945721,0.01649785165050898,-1.5558304957266467,-1.0176900579834443,-0.3262423203585399,-1.9593340911370396,-1.025238127347166,-2.1211268025390075,-0.18289034664776788,-2.22052195553408,-0.2953606178978936,-0.7039757056063226,0.16196562480160445,-2.151183940689449,-0.7497474054898324,-0.18456959997787034,-0.41693636766389475,0.24456359849481882,-0.863262348820002,-0.5905948003787648,-0.7268297052086404,-0.16713336653879476,1.6498591867784602,-1.6906858990440687,-0.804242595764614,-0.7038483822761682,-0.7882695908890467,-0.08306008497208085,-1.5446555387885048,-0.4270007861100837,0.16299301087460377,-1.1248371583426828,-2.3096227095059914,-0.8751088678994534,-1.0362608627245182,-0.5450923897299546,1.5765442458822514,-1.3392968686062436,0.4306845562504685,-0.6047100506304198,-1.6056366390908636,0.8721210678102839,1.080732187047453,-1.022121512047658,-0.14374901162735335,-0.6449740474647059,-0.4594739757578761,-0.14675444480514743,-1.0021782499368872,0.8647924830675174,-0.46123976147320234,0.2187970469274525,0.6907220425857138,-0.26354786363853894,-0.43438737479529727,-1.1459593738991407,-0.4794545727069771,0.5240633613716345,-0.8178534221705521,-2.955078365810327,-0.5480029380041983,-0.6892817187174741,-1.597055974412257,-0.7214714200516571,-0.4205939136259385,-0.27024159187978763,-0.42390651762926196,-0.6913508848375782,-0.5085427981031906,0.2068168524055536,-0.31309814554268267,-0.008687800149311612,0.20518643766910327,-0.9945674997845536,-0.9336875133973807,-0.9255893310494019,-0.7950563893373271,-0.19631005271655483,-0.19195780505818982,-0.7547810566025351,-0.17826125687133693,0.4706880409575857,0.4708550563849875,-0.5367727194971021,-0.5898733451057363,-0.1245808030418744,-0.5099463909815776,-1.0071872642278745,-0.6465957662516195,-0.6933304437544169,-0.2606483832665967,-1.1818081504124769,-0.39417181363130893,-0.9016794974378073,-0.767265614840009,1.0376470879131943,-1.0576292321025824,-0.6358034460884119,-0.8888281939846949,-0.9415142081578113,-0.19594488695823678,0.3543911247069676,0.6051839275817019,-0.4299925600814665,-1.1560928350289676,-0.6700911377729033,-0.29339565506057197,-0.48462152370214767,-0.24870283945151633,-0.47752980913025467,0.13263187912232882,-0.8150071728540391,-0.8366153379494117,-0.8650408228500076,-0.5852996223390301,-0.18668182627924268,-0.5460946894635148,-0.29623732054088797,-1.255268505168551,0.9690634500015771,-0.17599478748412833,-0.7556689978287883,-0.5706148976940395,-1.050442094411412,-1.4122635994457906,0.20629350307453548,0.28971594314289334,-0.3475411488052721,-0.23455095233144968,1.357464022295303,-0.0836962393649452,-0.5364160955959159
"""GSM1539317""",0.5098451421241227,1.5394287601278602,-0.7801379495595202,0.5961303750086487,0.4249683578997299,-0.4024601381380526,-0.8029836631953087,-0.1946946343259097,0.5187113909127372,-0.5646399828276142,0.8384870359006847,-0.7442045737741106,-1.1852953441284138,-0.522158650687077,-0.8386184811151662,-1.2932453192235631,-0.119603463920374,-0.7096822640514059,-0.933282340827248,-0.7860911113042204,0.04921727079599217,-0.043615099185625214,-0.9265301693707593,-0.9016668238700704,-1.055701121712711,-0.827743344466728,1.3227228731583962,-0.1341898877477523,-0.7155242062381378,-0.9558493615933832,-0.9942331432314823,-0.7505121259930079,0.08254609985216158,-1.2690741022158463,0.4020849061250655,-0.9185934532788759,-0.5119405469887116,-1.3882596065079762,-1.453499707309619,-0.3662134933155654,0.31865550238341617,-0.7162854232122154,0.35208965442047296,-0.6937465813379693,-1.5642059507166608,0.6409833611841296,0.37872449043334927,-1.3246907779230663,-1.0414215013289037,-1.1857398299319952,0.7802893546182871,-0.7400908048297629,-1.3749267427149046,0.7190813747681208,-0.9253537186281932,0.07883962837202638,0.5885987840463557,-1.0022061915488267,0.8052923394095944,-0.9224392513703898,-0.7471267217891633,0.07743214634274642,1.0044788748791502,0.13300231029206605,-0.6077740232408319,-0.3402251205779731,-0.7400418344311958,-0.8218267913104885,-0.916599317109696,0.8806152678848211,-0.929714423914886,-0.7772264437059418,-0.8710122456898923,-0.4934300331512365,-0.5894568374672408,-1.1483478766614221,-0.2808134369295173,-0.3814626609733844,-1.064962960769651,-1.5253557618236406,-1.124806467550599,0.31958969035014434,-1.0164475818684648,-0.7896210040518633,-1.3366079972878384,-0.7312575421792605,-0.8715621753384253,-1.1423634063818988,-0.6401587407888016,-0.46051240591726395,-0.8638823310278878,-1.177275371846762,-0.6851478029042928,0.8073943379625391,-0.37849660255140416,-0.5911550578852142,-0.8578088036396924,-0.4444883793612111,-0.11764893070954911,0.13684843830888285,-0.26279438175334285,-1.491811249541105,-1.3299205436813635,-0.19287197960914718,-1.278774163554855,-0.20553650716309405,0.45690440500844537,-0.8349821429539177,-0.20937888935546115,-0.3573897862747769,-0.5908234295950161,-1.1878072026946667,-1.0365629379978052,-0.514763195169546,-1.2431005295540436,0.3768056704932744,-0.2113067710579674,-1.2747726438344238,-0.6327408999567897,-1.1833563116939996,-0.9088079231144466,0.07824761388274709,-1.3456822093279606,-0.6382014536417112,-0.9269715912359123,0.8581920225483425,-0.7997459136536289,-0.9527445731798974,-1.845607790778903,0.04012000021325041,0.24370240024560472,-1.5772943774065993,-0.7517383986526929,-0.0664567601209571,-0.9089026480658142,-1.0812027994774054
"""GSM1539318""",0.7221739779164018,1.445837077796854,-0.7481975401523953,0.6236296079820781,-0.5239511448221699,0.07025873953283107,-0.5495322470401057,1.8036342712464684,-1.3349422801821347,-0.031047205178390207,1.864127074094509,-0.11858595341219767,-1.2545600373034491,-0.09340595107927764,-1.1011964029529027,-0.7635518100831725,0.5906459029060793,-0.012263931541951371,-0.9368744619703178,-1.1172347254583905,-0.8597611116445508,-0.7033288301571167,-1.3564623187951799,-0.996986098809444,-0.7535046314997481,-0.9762312567061168,0.5117355536931343,0.10628942376274,0.4238255859516853,-1.7571772546261417,-1.5586522374991614,-0.5265303748122879,1.3238204479108984,-1.1190313765643765,-0.5648196854468979,-0.7529421236338727,0.0015357834224885636,-1.351669696495728,-1.297476607318411,-0.5202734756090198,0.07365639259341689,-0.2585310419060214,-0.8314681632827142,-0.6319828785330512,-1.2436051972510962,-0.4263136906157768,0.6522443713437539,-0.6047749318476506,-1.0599629628764777,-0.3699983985983691,0.8026944992806174,0.8310891127170332,-1.5292227419189264,0.5592431894881863,-1.2204071053390209,-0.2753718743257991,0.010367696910880861,-1.3226377667918991,1.6790956980023046,-0.7172379926615455,-0.5861500378531813,-0.8030426523112555,2.222373825598592,0.4197358784698695,-0.012147857361734137,1.5002484433986512,0.11676862035275452,-0.4566789939525992,-0.9948944567547883,0.8142711832097433,-1.065848413296063,-0.6708658563613829,-1.1134229878232227,-1.0345197057127062,-0.27812720243596056,-1.4744574676594921,0.1375340641206342,0.9829561599621182,-0.2892800762956738,-0.8515045226741393,-0.09989408653421188,0.8661478669154239,-1.1494267138565466,0.9884984108688988,-1.2612775540869108,-0.7583077713728877,-0.5019252673872334,-1.4006872077127348,-1.0098352459227298,-0.9295018263896512,-1.03897404413553,-0.6393021586451693,-0.5526269186579208,-2.120706457830915,2.481380291364574,0.6100786205976371,0.9533041135115834,0.8071840167622742,1.5827702790356688,1.5059342825354127,0.7222116427181015,-1.2914086415560468,-1.3941391901527647,1.6484726563323782,-0.552148878263681,-0.7099039975288087,0.15286066640808485,0.41539593672602904,0.6316319240775832,1.684790510860318,0.7238245022777203,-0.8819824544732915,-0.9423187963155403,-0.1539512712622883,2.507312720550289,1.4936204725864832,1.4027512493792462,1.562142010691333,-0.5192005288656746,0.22843648520887083,-1.0535043665076704,0.9905789704854007,0.300118734304617,-0.7179994173913822,-0.9699547752895189,-1.6801717994542502,-0.23016946936639157,1.1702814520225753,-0.7167925667868232,-3.3770200042191014,-0.07835106150960573,-0.36420210365077627,-0.22930887815179266,-0.060644401694616934,-0.9123863229920252,1.3674740336948021
"""GSM1539319""",0.8762180268039019,-0.6486856255916376,1.2179755271101367,1.2736171631456452,-0.6713401445118496,-0.5696663539904676,0.5969008997621327,-0.11025294166375245,-0.1644514686532465,0.9957265753204664,-0.5441068380209158,1.0214007372774618,-0.9943416995359307,0.9907697709633148,-0.6997443525796333,-0.8503118726867901,-0.1853452971584689,0.970216723689631,-0.6235817275271871,-0.6155045535926371,-0.29620086185590416,0.6443582723892822,-0.8226113804870132,-0.4349804119480298,-0.5186617443583249,-0.5220503707005645,-0.007946905125000896,-0.5051064606381406,-0.12052469221050435,-1.1487887522855322,-1.3544834062507394,-0.7931162901082205,-0.7752219140286707,-0.4798221446696942,0.683748467465924,-0.3044702696315075,0.807116595983015,-0.8747707297414884,-1.0939965623993446,-0.23027302622625426,0.9168223734213622,1.3297801922019992,0.9230662853221108,-0.875428889315728,-1.0990633053651173,0.987033117506958,0.5805539969799041,-0.849797806264475,-0.9465179139668647,-0.32951494051646474,-1.2199240215198268,-0.3587477114975354,-1.249261365068373,-1.5587239310673984,-1.1122404184441363,1.1094707315358954,0.9507843595823691,-0.5645297369512445,0.11755608306974072,-1.0258970517113655,-0.5083626691180981,0.9523775768031588,1.012594071874253,-3.0135056844167667,-0.2319959519764523,-0.47051962082046306,1.0938962642114556,-0.4395576161911697,-0.645565954768731,-1.2948822542596043,-0.81785325283291,-0.9135264750158932,-0.5405210882077442,-0.814321108438816,-0.9677101817168587,-0.7001144296369641,0.8617911421614272,0.11402197554802243,-1.0568417984561371,-1.2877981902559137,-1.1982165839133778,0.31958969035014434,-0.6958704736362472,-0.6311887225246738,-0.5297024859285552,0.5800416423533586,-0.782667769220583,-1.1001339622295143,-0.8323300178184395,0.06337695999449248,-0.990681921112884,-1.3304072655445587,-0.6696325388044343,-0.7438871508616178,0.6478944963846729,-0.576689168885353,-0.6462056761420394,0.09213752773787835,-0.39516436078296474,-0.3357268349623698,-1.321160018680425,-0.7684175178942387,-1.5013569938797533,1.4208402570540064,0.9551361794869008,-0.16529638487346937,1.0194931544986723,-0.31171795764414945,-0.5699728997107976,0.1000640395166351,-0.38663845174801215,1.183620191288745,-0.5808601315225673,-0.5250192807867785,-0.1485793473550533,-0.8862528004965107,-0.25883637985696467,-0.5936464224944502,-0.621946952100525,-0.8736548534475628,-0.7343388699006704,0.16825414704515007,-0.9045567094594762,-0.08006031999387776,-0.8156392955781011,-0.5032414980184622,-0.4701944194474103,0.3774772378076869,-0.3120856345195525,-0.817510309803827,-1.099414216979417,0.2055222995641884,-0.33270779768786474,0.031252281008395444,-0.7879874704510785,-0.27952035529024394
"""GSM1539320""",0.5219236851503357,-0.627147663805667,1.3583164084666033,-1.0387638255379517,0.18075815337049755,-0.11791755850992604,2.1125681271876555,0.8394243562459691,0.5443367559259978,1.7919783878260782,1.7212588145257186,1.692933758419554,-0.6065316113326424,1.737196839137643,-0.1361761610349834,-0.5501344730302169,0.0692458766151061,1.815798470257729,-0.002978884035012388,-0.19398621723953768,0.5792507728698973,0.31183190055823046,0.286453624001413,-0.20369363726774922,0.13726661696890274,-0.15329517753766944,0.30252709515343096,-0.1566174176370866,0.5300387889760784,0.11923143723088218,0.10414118428585814,0.22925446207194147,0.6784754366904612,-0.15793774205592687,1.0825394515632862,0.91468328032161,1.544080497414836,0.2956676890586195,0.14101147645941525,0.1612189090703033,-1.2092061501778955,1.920585716091761,0.6581527471082586,0.637154498644441,-0.19601783169927695,0.7248712908045005,-1.1298036623369148,-0.301377814324683,0.3590703523807972,-0.36413200289179615,-1.6279151541983528,0.8429787146432272,-0.3596747923508555,0.2811120277363591,0.3272762783383748,1.0416207318607347,0.9730486818811332,0.7134056958675498,0.8052923394095944,-0.1927748774045745,-0.0104434687033931,0.9065261036289626,2.924579903435419,-0.3472800073377988,-0.10812149036227249,0.07062169412465133,2.3827064047574895,0.21081767957347064,0.45680936044731596,-1.6270291565829544,0.07587198829346058,-0.26665118423250517,-0.5264552960123215,0.4847062737027787,-1.690643450852821,0.5526629254160293,0.227709966534081,1.2493889109780714,0.24620188661828415,-0.048334688128444936,0.26162465153946274,0.5814745064677568,-0.709261366002885,0.9497738785062756,-1.6079004204837044,0.2252160920868489,-0.2577241477451816,-0.2975976851060342,-0.9307345355333563,-0.47563333230630495,0.31296636612768397,-0.46553497603709343,-0.6089707733140416,-0.17288147541941978,0.8990841210288611,-0.058743940100020924,-0.24892344711354533,0.9510402647357329,-0.9108047127244875,0.22662955389998443,-0.18508435960619887,0.017888265765024693,0.13931552488175175,0.5523310834842573,-0.945892629798302,-1.1428151945225493,0.8702576509533776,0.539650459700059,-0.18650823788296902,1.2257142932827847,1.1933849317455663,-0.9562344988695516,-0.2567827232854924,-0.5546607272221342,1.11605368838119,0.46832027217083194,1.2767286851575057,-0.7740147860119444,0.8653041901062268,0.13279250598570222,0.17259452773445855,0.439184139884642,-0.9321841493825178,-1.4647029911092042,0.6694352179849585,-0.2298525345471783,0.4473107715778363,2.5188543531994054,0.027825854963076727,1.252435287661016,-0.47890654985280084,0.308455742609115,-0.7349935736598374,-1.3684896350175937,0.42035906496321274,-0.1405141797554461
"""GSM1539321""",0.6632014614316876,-0.6279300060936645,-0.7726374388980554,-0.957537492473103,1.0131638497394642,0.5056746700886317,-0.6082596143944371,-0.9822879719422858,-0.4038529381101208,-0.1631232214235003,-0.28079328214486976,-0.22928140402006436,-1.475782771344166,-0.2629996263344102,-1.185079669715817,-1.3333625630568129,-0.1007891018370176,-0.16083736463871312,-0.958493992562893,-1.3649294682473072,-0.35491349226313884,0.2608000112713642,-1.7107996087515962,-1.2139491031341176,-0.77132816053311,-1.3799908265892962,2.492355233589872,-0.1367368340571208,-0.0944711320571356,-1.4795851185592659,-1.4706945486957064,-1.5704079019803052,0.20367708456161637,-1.3800024068589252,0.3167502505791621,1.2655313895622926,-0.024226935374961036,-1.6942545205794426,-1.8402415616717358,-0.019555952444914905,-1.3477130395927794,-0.17966368648230602,0.24656381769571453,0.7077342081231697,-0.8182760878399941,0.3544603950344496,-1.314694171029293,-1.3173452051110432,-1.4151683117802334,-0.813282788465231,-0.18873270328819494,0.15973292592513558,-1.1373674535510685,0.9604174832096114,-1.1711769876958407,0.342958535191633,0.40622951735881285,-1.6273449143852283,1.1129543516577436,-1.0905159195802072,-0.7841175075394146,0.41282771056993556,-0.8612772142513615,0.35369135015144443,-1.24899760458919,0.9345894651646819,-0.12472261458468417,-0.49706316257786504,-1.22583624301018,-0.09730787687893802,-1.4105071916924978,-0.9224199636991892,-1.4488837367826044,-2.01177828327552,0.1535820359552687,-1.6827731874981853,0.5765309150190331,0.7620023062750152,-1.1908157739742882,-0.8670283301928754,-1.0879996708705977,-1.1241090789653712,-1.1848471438015733,0.4312969259351905,-1.5650782707857722,-0.7086208543341496,-1.0966368243489844,-1.6299927223671196,-0.8611454564191767,-0.9903672418386411,-1.1616545572974055,-1.249755521568584,-0.3409515425543838,1.7814566831753127,3.4724644843605845,0.09241821772476107,0.8828375257352935,1.1628240353692314,1.210956590064469,0.6046941115237479,1.1481392605082672,-1.2975420250100755,-1.5428613984991426,1.108896768876654,-1.5860614538908342,-1.5749772795027206,-0.3179247317507808,0.21262176526300122,0.7219841521885654,1.138496594195458,-0.33761153297072555,-1.6884943066200133,-1.535107965071304,-0.5630401012125684,2.057633367425906,0.48730000820364366,0.5479664972031119,0.6292096773078938,-0.6591895168790171,0.8244890989760302,-1.474599904738571,-0.4758866649665052,0.2623699316523607,-1.1958795609790083,-1.6946364646188932,1.8440818147546028,-1.0125514089453318,-0.29672392882071796,-1.0061721137507154,0.7607469857206224,1.4899870847744006,0.036188312898140895,-0.9270766864989007,-2.0418427896479137,-2.031562650311429,1.182790645862107
"""GSM1539322""",0.7517500475735394,-0.634082367690851,-0.8013748548075407,-0.9411104409334928,1.3754509008783367,0.7369117188401401,-0.304941248095978,1.0282879490731052,-0.10257391123242234,0.12427989765720887,-0.8484771065667759,0.20464136673109584,-0.5185172680869577,0.1669037231777004,-0.635911710283083,-0.46697849739876457,-0.982835201704536,0.1860495192534437,-0.7117352403485259,-0.6736230842622201,1.0772583842172951,-1.1945258354631048,-0.7601388644699302,-0.16756074812033256,-0.4932460494161828,-0.5533755793830268,-0.2548297180407351,0.8063776666283339,0.2164774993409887,-0.10154926082392184,-0.3361547230396906,-0.38794220853910455,0.4574628825749307,-0.565175389085479,-1.1070500050385088,-1.1991908379915937,0.297120960420938,-0.7594907416769142,-0.6432633978316366,-1.0045179107689262,-0.673519400245964,-0.07677643310855917,-1.2110956257247676,-0.6773451449900758,-0.20017965653032255,-1.0928999399648893,-1.1835463900817507,-0.696929999870195,-0.5954318823635825,-0.452382531889716,-0.024506038588673906,0.40904504129628255,-0.410297216397444,0.703318562880954,-0.27681163024733835,-1.3140123161165063,-1.3487860309953703,-0.46455786713825364,-0.1373548343138655,-0.7355186253912666,-0.5270086058168205,-1.0662065185478833,-0.8228765807721741,0.4963491561125857,-0.6495821690140182,0.5626914724220274,0.07047574967061496,-0.5966174604060912,-0.18498397426496577,-0.033720194898854035,-0.5204383860720252,-0.3685664682344227,-0.5522620885052202,-0.16252439121342632,-0.2641660107325803,-0.2898553633479512,0.8200067816198028,-0.0498371556605494,-0.6770702088136559,-0.4056741435752343,-0.6071350766766186,-0.04716114710102246,-0.6068233817044281,0.30894991015810996,-0.5464317408823666,-0.7368985641181957,-0.6479575442103883,-0.2328861169364147,-0.5806529745718215,-0.06690663281961763,-0.3728436619921703,-0.9903430765508563,-0.6410678802252544,0.5943689459364954,0.9878519623154249,0.6763241490369318,0.6303244715512961,0.033114268607854644,0.6341517674970393,0.010492376069336597,0.4696239484208943,-0.581692146354835,-0.19658156761481885,0.36061427204922386,-1.0821764743330335,-0.986909782349352,-0.5266123003884932,0.46404033084203733,0.24675401811203818,0.15448550066558192,0.3388252998132366,-0.9250661705334251,-0.8939038083865383,-0.2551278102594371,0.09867369552063147,0.31281435460053086,0.36088061374388153,-0.09927644432282608,-0.4008791807913906,0.12556586134018063,-0.49669636388772687,-0.5237548727079494,-0.20998308233612425,-0.9891912088146146,-0.47351860989379546,0.7762673172834312,-0.14865793872419686,-0.530179310503952,-0.40075226843660067,1.4988195089208756,1.223663811340752,-1.1982858776110616,-0.7204053547214961,-1.23144335422373,-0.4744798032133071,1.0804250391945027
"""GSM1539323""",0.5930148673344579,-0.6275606934319815,1.2545104327069876,-0.9672572484007528,1.1073470317390408,1.0744406822069683,-0.5211073673826104,2.1066140581137343,0.9433966882586937,-0.5085890084062312,-0.19402791284916585,-0.6301304445098422,-0.8184230011069903,-0.575142382352041,-0.6824841198523673,-0.7207752719854332,0.07848879077077196,-0.662201634749909,-0.5894762746250123,-0.720428636846883,1.4116631356068428,0.5628721496319536,-0.6718185331934873,-0.8765703227907848,-0.7070512886583525,-0.7398736431930024,0.03797327281796079,0.09755154429842787,0.5536997397150323,-0.4998538707122734,-0.2794782853982154,-0.3956531672635642,1.2250389753184305,-0.5594758497504789,0.6709623119801835,-1.1683930093446602,-0.7137732259011,-0.5120764652466856,-0.6674984647612603,0.4344398152815217,-0.9208203738311932,-0.6180095208209487,0.4967424421700131,-0.849830769069379,0.127726902343402,0.5105955717921791,-0.8314391907547505,-0.49511470152642284,-0.2539377774468932,-0.40476173139841676,0.08681160083315653,0.5837020314691677,-0.24001186660889093,-1.429526115925316,-0.20929090118994048,0.31502288553504226,0.756316120793297,-0.6104795692571143,-0.26407501960742147,-0.3466146712976587,-0.5898656319497484,0.5912838049485536,-0.570074294253818,-0.16643336773127293,-0.48484199199155903,0.7798716793809853,-0.13034290568702162,-0.7421933949062893,-0.24530892286350273,0.1250651473857355,-0.7181650325139474,-0.5759754526716818,-0.6424760386798254,-0.735228019061403,-1.6285512818850778,-0.8290403585331036,0.7095538424965133,0.6828923793672855,-0.1442798820446745,0.08172642609092197,-0.24270854514165674,-0.4075943561546544,-0.832400266829927,0.9522768433008513,-0.6299533708406374,0.7933393745641557,-0.24953165984955536,-1.1435770247995778,-0.6726837585946179,-0.39403049363678466,-0.6598585566372815,-1.0482148527027546,-0.5903611202293277,0.07273175221066164,1.060943909906658,0.05892450602863049,0.3292963625490665,0.8125270073139635,-0.037190984311648786,-0.24330940892822742,0.004943374308896071,-0.299483095635385,-0.2532994771167836,2.047212308729832,-1.5551796687735184,-1.1202964940480349,0.40364784259159625,0.7635050289212443,-0.4035585645403053,1.1678670881868656,1.0308005841520722,-1.4027843993438567,-1.0895659409164808,-0.5863253641316029,1.0415053138700623,0.7600996053636471,0.7876698632526404,0.6379943432613829,-0.13103451335384664,1.3693980617542765,-0.20320242238014946,0.6575850694497288,-0.05770944626947401,-0.9983889618923453,-0.6592660424184353,-0.07805772714693861,0.16897943762840137,-1.0291338512792183,-0.12013299140608669,-0.2867184352103256,-0.5133272517888701,0.9715527533675848,-0.7677707692971416,-0.41399228104764213,-0.1734603216660087,0.39999099885780665
"""GSM1539324""",0.7340780850528614,-0.6602165067035389,-0.8069486373788232,-1.0161438589720169,-1.6064820619849514,-0.7880262022221535,0.6392588516603309,-0.8379444168164312,0.899692627313952,0.8344873039424068,-1.7125996921936617,0.7750917266644944,0.6822391154894933,0.9569291549776737,0.28792051615783354,0.2912897445482403,-1.0668984507344155,0.9154953578476512,-0.029023132545805845,0.6833655083796768,0.2539854667368658,0.9324584355248621,0.969430050463876,-0.05337623699182608,-0.5660627114076177,0.6960354024446253,1.016898282242096,-1.9135901756587934,-0.9445553392736568,0.48163017628909627,0.10414118428585814,0.3962072671603284,-0.7887738229665175,0.9239425705967552,0.8455486144208548,-0.46331220730149464,0.8120181594273574,1.159846621407541,0.9961841409572527,0.5721789940208636,0.33651961087661747,0.43178304980918736,1.1275423431649798,1.6993678995573953,0.3318439785020411,0.9330716478010653,-0.3585568190897103,-0.4216148999220745,0.8191445258568989,-0.27734240087097356,0.5078234438116822,-1.5379076546864077,0.8782914816049286,1.51389834660586,0.49834175074200204,0.6140774826319637,0.9051044093210091,1.142953873706694,0.06271101433216066,-0.2694916064763963,-0.25759958768223845,0.9729228278314205,-1.2682874391976715,-0.8662893643642343,-0.45225678152106646,-1.6402779282909064,0.5155375265092115,-0.4807099974019289,0.633984817763018,0.5886100708520603,0.23133833327437966,-0.3534788948466425,-0.2685333307832783,0.675161462319183,0.04865563458504933,1.1751788984015539,0.9073393176713851,-1.8305710543521618,0.20579201372941794,-0.6494939097492693,0.26786095010872174,0.476481661526949,0.1643144748971199,-0.7232890897176768,0.13757985196210842,-0.6517113388892853,-0.2657271493393452,0.49930391047846545,0.06217984864697077,0.05786512477698883,0.4182849468150102,0.6525347589433225,-0.38824582937401064,0.7569060413772266,-0.7191284968088267,-1.1216484686965165,-0.5898152152613713,-1.6146320987818181,-0.9177902660927835,-1.9004469253156109,-1.6833332649108637,0.6551918450365372,0.8847535324694349,-0.15436842244145732,-0.7329957031899506,-0.5473903559141216,0.2235358744598463,-1.2144422332262987,-0.9990489442923096,-1.121640610084725,-1.0081923904248746,-0.8419356879197524,0.7067023549859862,-0.279629729113645,-0.5906923177342546,-1.0851404935851015,-1.2930053751805834,-1.113632891104903,-0.23175287917074866,-1.2423513558146615,0.8079943980964535,-1.3036063740394024,-0.8984528312395761,0.16328749238126744,0.409626067914395,0.7615807327465574,-0.27663467840529365,0.6115869685326257,0.07402502084749153,-1.592668314209991,1.9888488110169973,1.6854419547162973,-0.19648476740725915,-0.11278498225950818,0.8808640311700537,-0.8614825530380513
"""GSM1539325""",0.1879300546018656,1.5817084596867823,-0.8060726017036204,1.3741078281885877,-0.5304830194895589,1.120211461715077,1.7665259519448562,1.9381046003416933,-2.624483981929008,1.4308280356787995,1.4345676337246565,1.282192871454476,-0.3357127017671072,1.2850894414451888,-0.6475671571458093,-0.1336464384712797,1.4585360510592849,1.2441052723025943,-0.39056526984528034,-0.28329318003633475,0.24987889141707587,0.432790330471516,-0.4533207745524364,-0.16906734208558352,-0.6755186193327364,-0.26267111563770057,-1.1643307694968963,1.4060615307213344,1.2506288360967892,-0.19000175758387974,-0.1994731982396898,-0.0371561852375666,1.7030605233427938,0.017050265517025338,0.5443445014619952,1.3337369969985222,1.2911850033243748,-0.8511725410822347,-0.4159303313188467,0.40893251258696095,-0.20368723271555042,1.434244121565433,0.4967424421700131,-0.7253618781078085,0.15543471351450067,0.6053114029168223,-0.7608913088789783,-0.13926237873461048,0.015724126204335432,-0.32273135845468315,0.32269997507922715,2.197953710517916,-0.19931288737884556,0.556759063923927,-0.2790092602659335,0.26986969897834623,0.5252912261483023,-0.17769357261184865,-0.733634603519027,0.15155457377232398,-0.5901694011351357,0.5515547591965267,0.25713186419570094,0.1425548710109101,-0.49511574447202117,1.8446762073394893,2.481447255304839,-0.25015576833114406,0.0060322996938589075,0.48253803063895423,-0.8460097997033263,-0.5632141511843698,-0.5316605647405704,-0.24616920261134667,-0.5260709650104276,-0.19974872107259078,0.3510871118797345,1.2187149964701458,0.36520831268220527,-0.40266974785206106,0.5514670976799609,-0.8590845570581795,-0.2549322187636903,1.9388571715710712,-0.055467741658163726,-0.6285782036163691,-0.30638639602973294,-0.6549819087524626,-0.6546671410864989,0.1612726913150927,-0.2432801311366181,-0.5949324695281474,-0.2600366108401692,-0.599962193700719,2.6541480091993597,1.870797516761996,1.896522257348111,1.7989719864729428,2.128468571413792,1.9773658364656663,1.4750455851389233,-0.22339227280711138,-0.23027100165410563,1.3402790019798534,-0.3822397753212761,-1.3772196115232305,-0.451773900160904,2.064044665077055,2.366035906685136,2.012986808005846,1.5606839568134199,-0.8094572930986492,-0.7382344791096914,-0.2664127717710769,1.0478332143753475,1.7668148095836331,1.7929458097244677,1.558318335367367,-0.29408119786174935,1.9563902462877296,-0.0884379266281819,0.782821231088381,1.1711820015570606,-1.0662983557207242,-0.6692436449362114,-0.6403023901886594,0.09574231549489373,1.850672798596256,-0.005221690785447917,0.4950257780135341,0.5731062448543206,1.4519256542987125,-0.8934178983040789,-1.2581443507612342,0.3742542580281741,2.3622237292362156
"""GSM1539326""",0.6176561144606572,-0.6576621476557853,1.124069532378672,-0.9252071928314801,-0.09077936355541287,-0.44040613633486375,-0.11897056616417737,1.0814696573336913,0.34198747228883253,-0.05276133248101414,-0.9936464192468952,-0.0014724490448152034,-0.9963099680780455,0.1284097224097531,-0.8877007985132145,-1.2334788476836327,-0.5375054844861552,0.12809812608632884,-0.9449265110363031,-1.1183301141750135,-1.3828940900904731,-0.9837427949866532,-1.1890344121209735,-1.4419684081218627,-1.1450507450856147,-1.1352773671101837,-0.32544253440596166,-0.7254775115702884,-1.3135012048761256,-1.3614624933059607,-0.921837704652838,-1.2857361942982708,-1.4096659084811285,-1.3820649806283785,-1.3825413346666995,-1.102101598063099,0.21557817734969736,-1.2233837890049855,-1.0462957642351023,-1.3917520737889575,0.020977931331037977,0.11449075551287301,-1.041039838392422,-0.5720944773869887,-0.6988039700213311,-1.1094591891697683,-0.4084380859041841,-0.8074073751421069,-1.0677159563008072,-1.0957237225455934,0.2994171710426881,-0.8196433178258098,-1.0942871440008093,1.316649868920213,-1.2757756421204973,-1.2126768465925215,-1.195054274088783,-1.2475282201292903,0.7597206594384299,-0.9905925126099941,-0.8327459607953882,-1.2344747451756937,-0.7436466268770359,1.01127592737023,-1.1257782584732794,0.06907018084312186,-0.9441777693945484,-0.8736652254336487,-1.5755373170876228,0.37260816033691996,-0.967864388908456,-0.7033848163276921,-0.7979408246897393,-0.8975097517214656,-0.6463074276782045,-1.2555189682924062,0.14662884187279318,-0.35942458781533,-1.1245551373963143,-1.6943288959833005,-1.211619849996713,-1.4885743179739066,-0.7194201434850628,-0.47115656141300166,-0.8909000999787886,0.5206947748241977,-1.6490822974139485,-1.162854656182119,-0.7805428912297135,-0.5950334793247857,-0.8541493832739006,-1.0197635677605053,-0.6893252026021416,-0.8224422421890042,-0.09390790500959698,-0.5942137863259633,0.24208384530905028,-0.38836184487334746,-0.154904013801828,0.23169863022131415,-1.0375581658550426,-1.1101111982765755,-1.0706023549443318,-0.2742637020718612,0.7009256408585106,-1.2278114582244335,-0.790034819935678,-0.9091384379097209,-1.0796324219778635,-0.3531186277545767,-1.2561691471599248,0.8160351016582059,-0.9797736974674064,-0.6538868004539747,-0.9101061432691268,-0.03604393110460752,-0.8126824570180101,-1.012321062051657,-1.201394748160574,-0.8225336590330642,-1.1711808512478077,0.6204333522357299,-0.2929784411693854,-0.5333703562685362,-0.9329528464979311,-0.9472853239816093,-0.9051867810978655,-1.734723468847243,-1.0622868713348095,1.471202238973271,0.6100164183000174,-0.11554741521048649,-1.3604206401575607,0.17312791310899364,-1.8157131398660726,-0.5202337764116796
"""GSM1539327""",-1.681935867150898,-0.6784439658193296,-0.7665981472841075,0.8585756741648619,-1.5451898084027245,-0.807818693736629,-1.3207757227364167,-0.7901282310135886,-0.3707770839567117,-1.8675890177845413,-1.5561067875214252,-1.8832145935149185,-0.9558683676879793,-1.751184066148541,-0.6035639923494711,-0.9302697203746371,-1.1596639945081737,-1.54345698793523,-0.7066663824802452,-0.8799778486203257,2.460237277403506,1.4160452560591266,-0.47595721814534653,-0.8032145484760292,-0.6515593836255504,-0.9492356905759365,-0.6143366276308765,-0.8791775662777527,-1.7662520827432973,-0.6030671177080809,-0.9430857844415736,-0.7823412522839477,-2.0074684144656785,-0.5308187764105331,1.5930874503072658,-0.46474482143348184,-1.8002208725689843,-0.5043438337258039,-0.2556767224397145,0.7845455253782849,-0.6233753281883982,-1.2655822370901546,1.374236280970015,0.35587301605409205,-0.972019533267465,1.5179576064316962,-0.7615505448853745,-1.0840726194667218,-0.39023871492073137,-0.8590163555624276,-2.909286765062777,-2.2007868709063922,-0.3761124957608394,1.4220012079713382,-0.6095775354225865,1.2847079371843637,1.4520509040241336,-0.07562329652361091,-2.634109913856267,-0.9342441692418194,-0.43378390989919224,1.3952186149417647,-0.12333438285156881,0.2657290613023278,-1.0853413393287603,-2.297714635453471,-1.6535451043637983,-0.829797161464072,-0.596408881319858,-2.9773673550854407,-0.7093066852101058,-0.6301853182255488,-0.8995311766406262,-0.0648655602743007,0.4156791460975864,0.1439331435597768,-1.5712610787922603,-1.7737543314667101,-1.1170798167352245,-1.090907106039576,-1.0270003230874516,-0.8100091966775833,-0.5654241517227104,-2.4467494963023917,-0.1921143982843455,-0.7568656994469367,-0.003166233506308875,-0.5584266453790125,-0.5535709868215555,-0.4294981647359225,-0.4513274309065681,-0.6599650050162065,-0.5659473773696717,-0.4565519799009186,-1.2689541579364785,-2.1856465313102156,-1.7019207636072784,-2.2154066992541503,-2.246436325538051,-1.6489662849654407,-3.151466230303147,-0.2912393240148752,-0.5875748016714925,-1.5805381222658235,0.33190208377873953,1.3465421136558904,-1.3118325469543153,-1.7700499701661594,-1.9423912831330779,-2.0909136783392044,-2.20126980110521,0.9940197441051773,-0.29881407858285686,-0.7494421624158252,0.9208579238168422,-2.3347413522373905,-2.187239020799897,-2.2584886889493534,-0.5685791274485839,-1.566952622783449,-0.10342046542982414,-2.8150955273266627,-2.628702384335253,-0.5828685789365972,-0.7899697432735485,-0.5124277121159805,-0.9865253497888653,-1.3485299365125782,-1.1501990465715857,0.8134181659135582,1.0791814899448637,0.7811815876344853,-0.9984323445625449,-0.24720522966301917,-0.41272299557811426,-2.0328891275495855
"""GSM1539328""",0.52365035731486,1.705172508523905,-0.7929148113129855,0.8108985170983188,-0.6232163229400173,1.553049397627339,0.05284201987343218,2.757970523414738,0.1636285763146688,0.11515472669221367,-0.1595967478576488,0.24734545379861253,-1.3552211559934648,0.18839232535489137,-1.0883592466466685,-1.1158748222138604,0.458759358600838,0.26364794679061787,-1.0458006665670017,-1.2739217702211596,-1.1760712311979067,0.24754552033654645,-1.346108883078929,-1.086817070471178,-1.0520899145775067,-1.1315325288078504,-0.7157470567639654,0.6272633817336015,1.664783817163135,-1.3228430925133259,-1.2066301960487225,-1.0112140624780301,1.9526263824789178,-1.1504267893043256,0.7021510476535171,0.6722169534311382,0.28958167576778876,-1.4502717731682888,-1.321794645988278,0.15122702489022521,-0.23025461774204053,-0.045425384076892145,0.6263982124254106,0.979471703842359,-1.3476482436722266,0.6449631054384809,-1.2076923785151923,-1.226445768872151,-1.3726283549878313,-0.8851005856981976,0.4800896597107845,1.1395370844969326,-1.1428537381317374,1.6177755602633055,-1.2934215306179837,0.6697423539985002,0.7759038592411888,-1.0176587668125283,-0.45587715797262524,-1.3239949423970285,-0.7869320828622977,0.7008986167235395,1.1943194093422147,0.14775585834947055,-1.096402128620696,1.729165967499107,0.4094535843041812,-0.5839353226235894,-1.2057223210570935,0.529592442213469,-1.1644824808303573,-0.8847751216617238,-1.284562310486974,-1.1322169500296493,-0.13273141204650593,-1.413529642815619,0.4840887490620642,1.2021162818071602,-1.2177611812447575,-1.4915826264217804,-1.3211330335826301,-1.0787934581320588,-1.2203508819371454,1.795683957139658,-0.9352910999433846,-0.6438064827175733,-1.2174788045267753,-1.2292335552082754,-0.7673087706926474,-0.7106730670781911,-1.4029831697631736,-0.800591996427765,-0.5143921570301276,0.9180827081792049,1.3125011968502456,1.6214413141346287,2.099046694801606,0.9384843777629553,1.7885487758915217,1.0575216756127435,1.4884089299766605,-1.2362283910515666,-0.9927862723436996,1.219989967446678,-1.5869963986099629,-1.0125530891129468,-1.181352463493088,1.1322102108759937,1.010555010910837,1.5173775151325866,0.9533388938025514,-0.9975469025653809,-0.9781845037571356,-0.5648368840713651,-0.639005148484546,2.0807457127456273,1.6001678727109345,0.7838955577001453,-1.0319050513854762,2.0760336095553145,-1.2585849777280445,0.6179705499889827,0.6942442508253845,-0.8230171173327263,-1.57816516394234,0.9680953207488205,-1.6264568176205025,-0.7759395688085907,-1.3415241855108047,-1.1380022064885933,1.1515259571955603,-1.1091569515305195,-1.0737187903582004,-0.5070925195672735,-0.9950025045657187,1.0370886993311987
"""GSM1539329""",0.5370622545379696,1.5682617325620059,-0.8128525669341855,0.7357282798855842,1.1763013181349589,-0.24179718244492135,-0.32230498578391475,0.17708237551337272,-0.393866217616243,-0.19643011578270173,1.9026325642379318,-0.32203094355952105,-1.3102933708287614,-0.2970200496865604,-0.9929831352672779,-1.1799844548200271,-0.4022652872706697,-0.3709736407381455,-0.889959955701042,-1.0912324106287832,0.6863242372295236,0.03779039381503624,-1.360209334984773,-0.7727776989256062,-0.8302987709307498,-1.2565854296464967,1.5118262159505584,0.5960907457456942,-0.02384085814853347,-1.1756295701581387,-0.8283515056915608,-0.8792585058361693,-0.2044735705397069,-1.1420056284178577,0.20662608077963082,0.5794489367578536,-0.05622393444497509,-1.0661028865205013,-1.5401047654146085,-0.16537921757095128,-0.5883331784276578,-0.690845462552267,0.3073563729146016,-0.6600232053390044,-1.2043759593774892,0.28967045648419126,-0.9702766533717944,-0.5544876212694032,-1.142656940671647,-1.0031982982965089,-0.7681251508520419,0.05756104160413,-1.2834880300297937,0.1620052242240011,-1.1325008682448638,0.20426361789550765,0.2990988616977489,-1.1844719368247005,0.5725260942843561,-0.8926527406353783,-0.7834505375147881,0.2780857495736806,1.4325193318623974,-3.1194243527225844,-1.111909920917235,0.42936631789515756,-0.1854908185483454,-0.8149580485514301,-1.1507383804429434,-0.7697618966011408,-1.181980846945946,-0.9720476084287029,-0.8778510018347787,-1.3448142782155157,-0.836688124070417,-1.1508712867609356,-0.13052525523474742,0.8936855060508355,-0.9281061384463486,-1.0475725092192825,-0.9148810624172506,-0.3430780668271474,-0.9497893188142115,0.5902278986768745,-1.1209495632567834,-0.6523430211592607,-0.3049718789660271,-1.4306475468453819,-0.8860510161136351,-0.821973309240093,-1.0647010787939388,-1.2903418083960703,-0.6211649981222886,-0.8068899479474919,1.2864775922205245,-0.22153168771515896,0.42440252216350804,0.906429864509993,1.048725918035806,0.3714689179090422,0.10743689007186456,-1.333962806020184,-1.1661713785797538,1.0922699908647842,0.4054895080415925,-0.8039422094337514,0.09019213073080994,0.06568091646970502,-0.16577878005900062,1.1839378940923189,0.44881267156601456,0.7313871778448116,-1.198885754533927,-0.6928503083839644,-0.03871647681864497,0.5500629426203696,0.6182981012773556,-0.3974670774318671,-1.1519936070355996,-0.4664425775424179,-1.2704625828753175,0.7804534959142754,0.20164604441756726,-1.1908443181770625,-1.5727754650313024,-0.6926522582978168,-1.1429949381810522,-1.0175166373772475,-0.8172754331461347,-0.7225252052262561,-2.087250406675828,0.3091904415532246,-1.1127243414153491,-0.7169064924491252,-1.2592823432745992,0.6697274476412578
"""GSM1539330""",0.7340780850528614,2.0546910724181333,-0.8423665919710948,1.5687137077192972,-0.049896480536963425,-0.6151721745391543,-0.4330133450709429,-1.0167214506176825,-1.097604052085658,-0.34320625511403596,1.206669328346118,-0.28357429721789273,-1.4300028001804352,-0.22902111590122706,-1.1357610859262468,-1.3620975687721908,-0.6489328610552791,-0.2856568328864021,-0.9054884738237962,-1.451594011876191,0.6096404493825025,0.33994192705474335,-1.4773291567218587,-1.0010193727433958,-1.2509495448430183,-1.419738951514657,-0.5955103774246268,0.8201155582220866,-1.2523316938634335,-1.3030684680659776,-1.2623819309773903,-1.5152622699631833,-0.36226234056422124,-1.7482503253851611,0.3869779978272488,-1.0325839246290272,0.007644463652601236,-1.525571461918327,-1.3845455011765864,0.08813086698367183,0.5114633209998084,-0.33526050440981897,0.10417863957799275,-0.7374351744681794,-0.6481834841986043,0.4424880509841205,-0.4955173154501607,-1.2140543272114008,-1.6484477941998035,-1.0968729560364017,0.32269997507922715,-0.40293111204769405,-1.5179542297961468,0.9688291593396032,-1.1825802151162774,0.45545079966412455,0.7141018064243156,-1.5508799453712494,1.1336808034244514,-1.0746477335955853,-0.7700076514709278,0.0324253753849286,0.8073284889297172,-3.1493515522350335,-0.9430819337760014,0.8481815595916689,-0.14739067996363528,-0.7282532342227783,-1.294316780017121,0.20461808247694008,-1.0271520007265493,-0.8515574747401188,-1.089543178190038,-1.475263365719514,-0.5854757302388849,-1.9432742107128895,1.0235340673415854,0.638283339220568,-1.0435022776417766,-0.7346778296077374,-1.173675726446309,-1.4091068414072025,-0.9030531729745924,0.3196945621337251,-1.3222462253281853,-0.7349268230627266,-0.9254319255992605,-1.5159608116357088,-0.7919949702465675,-0.7024155756606318,-1.0604071619106348,-1.3271514530366104,-0.5410075649093072,-0.4565519799009186,0.025703379811442304,-0.33827760126219547,0.2309871465221918,0.8942409985205186,0.7902318197411807,0.2638145430815948,-0.12757552014129273,-1.3992410091629468,-1.5844415951456148,-0.043929158290729735,-1.184673724203477,-0.711866974544203,1.4387629383030236,-0.6612500420856069,-0.39005763223392537,-0.14779568669420595,-0.17715796600393435,-0.9311682124017155,-1.5799498230602693,-0.6603616597752435,-0.4260151982547807,0.6580818223749596,0.9107751771081462,-1.6302913190211388,-0.6819459732438011,-0.297941396906206,-1.6031511293996352,-0.16998157950559517,-0.5970326501938553,-0.8036262175778449,-1.3345124332531508,-0.19277431733355502,-0.9008400727149385,-1.0187298736230057,-1.3990295080931545,0.4306228912269175,-1.7400121593895237,0.12306058114527546,-0.8865341340847643,-0.39011359960662223,-1.7881784081037857,0.17485638316006621
"""GSM1539331""",-1.7042431993461107,-0.5868923511417335,-0.8002602989721428,0.5394903438018931,-0.9147348597732715,1.3004375289805703,-1.0676362465704685,0.9172548911734525,-0.7333940153151264,-1.5528044329776696,-0.5545818818775624,-1.6036126047758343,-0.5370927058360805,-1.65483581294744,-0.8592224748655971,-1.1155809341902871,0.7804083467673794,-1.7140495289233937,-0.6148349021443213,-0.4788291505286957,0.20462235946421053,-1.385471527459686,-1.1276317489305228,-1.0254811806150415,-0.7926245944732736,-0.4784994063273185,-0.8902491729361355,-0.2434806375426048,-0.6027007316227392,-0.8218783549989412,-1.2785715899935783,-0.21102855561620648,0.33692236747932086,-0.9528300173487168,-1.5876842278523653,1.3762602304920994,-1.878379530425489,-1.3627877704851867,-1.4091023090953974,-1.4928371250909478,1.8726761338496487,-1.138871783919247,-1.2571357113805264,-0.929567344304423,-0.8642162974571477,-1.063791219535337,1.5866212684307772,-0.6511583157653394,-0.4117418769361593,-0.7369981828957859,0.6046939190058822,0.3901913490007863,-1.443912699370901,-1.0401412591915944,-0.9239321676692569,-1.9722391316703638,-1.3266030771260102,-0.48631670144473155,-3.0234925701245836,-0.8706408866854541,-0.7280977855063058,-1.4187316096644231,-0.2352028595932162,0.5436899716117043,-0.749571554048395,0.12040438987794766,-0.9351727882550461,-1.1635297490533285,0.4154526070349423,0.7803907793453122,-0.3145572965271605,-0.7882628162994942,-0.7616084449632617,-0.2729670621725253,-1.4040220295291062,-0.5410557730692049,-2.0171841552524916,-0.06473017349440649,-0.44121123752263225,-1.2406258206341865,-0.15366669709781802,-0.010310281300617277,-0.41337917536989927,0.28217141381818284,-0.48246354056933455,-0.7419111530892195,-0.3301465520931609,-1.1238129586385655,-0.5666562991218747,0.2827280931361251,-0.6900428205188986,-0.8906511816179455,-0.5115370734422068,2.367851502214296,0.3671867153877593,0.7480461617145249,0.004868677771018871,0.9749603819262763,0.6168599374413616,0.7214362473373808,-0.10504062024381372,-1.4600031108959406,-0.9174248808043927,0.22425536855531467,-0.7966367118098825,-0.9437709082862978,1.231748049830098,-0.20609119301621795,0.6868619105108575,0.2914770733154334,0.587523625134498,-1.0869882002884474,-1.1080829072742924,-0.9915836762409425,-0.5370491716841234,0.6214708264356829,0.48729567757987424,-0.9020524766831292,0.15582540842670956,0.15555618333981616,-0.2640064801193828,-0.07060545222478536,-0.4588981436030329,0.5282783500961318,-0.2532417260781461,1.939292605387746,0.8562376261877586,-0.16724548970971603,-1.65988438414471,0.5520869975892972,-2.355791182599156,-0.3057944465527774,-0.22878438824947953,1.798466508490295,0.24388419251227725,-0.29799033548674997
"""GSM1539332""",0.49178252970129877,-0.6413475428358698,-0.7508100753525468,0.005137099400184102,-1.642803842532272,-0.19519673298928852,0.6841615708983303,1.9691436803196505,0.27751119910208777,0.7722608550954154,1.0600196039613434,0.9314274418370424,0.18772084333977077,0.6156439950864558,0.24980641457221667,-0.18144278441588496,-0.44518364895547435,0.9916032144453061,-0.21393069363769876,0.2514036800723817,-0.6340511594806667,0.6518944404699851,-0.2097972762662943,-0.8822904350921643,-0.011116320157394458,0.5664159220242231,1.5497101631902372,0.9903791297751765,0.47728664998873654,0.1572378759368548,-0.6696129972740879,0.6131941985215854,0.7168785910833932,0.000796446830300579,0.72324205261674,0.5095548534563527,0.8767021283463223,-0.36826051004135785,0.011608359088106032,0.7046165500501479,-1.1663015047873218,0.7697624948137892,1.0835423650218343,-0.3343332550403538,-1.1926852880276821,1.2896813147086144,-1.0394823495172287,-0.25871506212209777,0.048732134169018816,0.4559748164479124,-1.1231229740792286,1.2012778438649698,-0.04383303204816503,0.779540073429607,-0.24062811971403342,0.7979865875376831,1.374793240490436,0.8782063593640824,-1.4190839495127994,-1.0624997662136595,-0.04908427685812756,0.4973663434904854,-0.5975968249113461,0.41506789334439226,-0.10992394543675475,0.8694091996921822,1.0384790502734422,-0.3739204127704357,0.6317365206903295,-0.5470511935505262,0.27585906232286134,-0.7316039206121734,-0.3323668486343356,0.9552214985523015,-0.7730479469778231,0.7201666371168628,-0.4850734675948902,-0.9039085874265967,0.07844367851794389,-0.3710550231199917,-0.27404212990519067,1.3571765908709124,0.19850703240099804,0.6614475562517319,0.403849166865017,-0.6860914740405303,0.8631559544283812,-0.2892028246436464,-0.6592767747042617,0.4982598890523087,-0.12367513605172259,0.3011052655540926,0.04646760821841375,-0.5355107403614223,0.41862973054734837,1.6104154427393726,0.3359164233149981,-0.18203479493732028,1.1639894098084291,0.12785250502202905,0.14988345830082214,-0.7773560337622544,0.23511798330009195,-0.14740421941006868,-0.5156983824331344,0.8631087254440929,0.12029494947236924,0.8472807608575743,0.9112084088140707,0.4031455907292007,1.3354915899719135,-1.327173875790728,0.28812131033022764,-0.4708121504412911,1.088043988562332,0.7929718619403578,0.580843672143413,-0.5828950230641078,0.24418554394942807,1.7341778832503052,0.6164571860792531,0.37848127917244556,-0.23732687949621128,-0.5288801384347026,0.9759510762170206,-0.833021715971368,0.8157386127595626,1.4698507890290096,-1.3557497661966258,-0.7034734579415878,1.3493933695451465,0.0866933454242451,1.1282055955456294,-1.05895926228835,1.0778409098591257,-0.05228820958192926
"""GSM1539333""",0.43567007011910786,-0.6480832482015048,1.3659666269987958,-0.9555668753370912,-1.5660035563529628,-1.55556891166157,1.1466253897210463,0.5307335509377125,0.915597345357265,1.0477314924257084,0.4090582552646378,1.080663226961537,1.7105076968914146,1.0310901346434096,1.9121015244557307,1.6093102764321223,-0.5558101149664783,0.9992809592937253,1.8694655943697056,1.5702951486843875,-0.8736251552345057,0.7577478903862555,1.2837252616109578,2.075058958862098,1.893687180774238,1.73010555196414,-1.1496320679345586,-0.5223822131206091,0.5656739705548757,1.3219306761744243,1.3517286755250577,1.6857892337581337,-0.11537375477656224,1.705683079322972,0.6141399234871338,1.1623748857665601,1.0314770026584896,1.1369396503341591,1.3432508010788382,0.2414689650138622,-0.5037063310930139,0.6404186597112925,0.6336513016741603,1.917441354512832,1.019246760397039,0.6409833611841296,0.5170255730016405,1.48260709051151,1.613139870314351,2.3442401987140014,0.5350845934803282,-0.0996454698033809,1.6172906875975557,0.7272724382130783,1.6098620508852306,0.735823444427798,0.7165783593490992,1.2118132146122447,0.5799116716798067,1.7385406231321006,2.402141958527958,0.5944583962713174,0.724545243391623,0.13036375381349014,2.1505978949012667,-0.520580325738067,0.3312880467389328,2.4988949821526005,1.655274919721277,0.8467637791434058,1.9448263912835253,1.6937839285483607,2.2660759476954984,1.1280628260612964,1.2589497201638937,1.1936333307215856,-0.33001468103015147,0.34409975491211714,1.6716177849705594,1.3542296113914025,2.0398206120461153,1.4513713058335165,2.192736341397828,-0.019470909727665926,1.228556784063363,2.4836942760715943,2.0900162915515734,1.7482933053341283,1.618400051981557,2.005831898726958,1.471829829248217,1.176019472424006,2.3906742493663753,0.3635781400654838,-1.0527664775988244,0.2960154194123443,0.24208384530905028,0.39764427412457165,-0.25540730170596176,-1.050540494941441,0.024396544500436764,1.0132358184987276,0.9273681488369475,-0.27677113832103534,1.6920201491518592,1.6246381004103265,-0.7103708416863339,-0.022262422288447454,-0.011682753354078123,-0.2193171772459392,0.13565047316567755,1.435262045753467,1.386076723085354,2.0852350736795278,0.14056076814567428,-0.2541213250709862,0.31571453503933183,0.7252150160211991,1.6911792567838573,-0.38457989312748997,1.6315138052539555,0.2067801642321542,0.626065047745896,0.34728242261224485,1.7519511876892955,0.40893951445057025,1.984479573668255,1.3102937941475672,2.1432198195863106,-2.1070798171959284,-1.0860971649973414,0.6158786658583045,2.4600483893314036,0.27360818238739537,1.2182295571452606,0.29487783349191937
"""GSM1539334""",0.4998430115719665,1.7377832216983142,-0.8501517124712965,1.1235270885414652,1.1536996351802706,0.5868840776697426,-0.6464537412829152,-0.505637304117354,0.16549507534210556,-0.5167680906936007,-0.35256785372141747,-0.4315204085193138,-0.8341878714379825,-0.5554018576727076,-1.0034001309696507,-0.6580322234880583,-1.133151219214575,-0.5121714575478525,-0.6929347353681702,-0.9111208029661246,-0.793776336637554,-1.0614866378892307,-1.2298859803610613,-0.5690544425310283,-0.9378074461781305,-0.8867884295600112,1.8334984433037644,-0.47187805049819914,-1.8333563298933202,-1.061295145010122,-0.9427665522227515,-1.3883586066933655,-1.0945936573395894,-0.8854423600250052,-1.1848681632430076,0.45185963812493907,-0.6015233091186547,-1.2972093906521045,-1.0831086738122595,-0.7353252462070821,-1.2850578425225632,-0.795416576649309,-1.202484651529059,-0.7872750471395566,0.026120946262921746,-1.0574288193897323,-1.2549315953773676,-0.7823103775868335,-0.9480900324308483,-0.8644437033314342,-0.658629012236977,-1.4031219316335268,-0.7969857590599957,0.4993003425549627,-0.6832968814695379,-1.1318564164750011,-1.0690006350594505,-1.2978357793180049,-0.06747731263367406,-1.1328357377077414,-0.6745293594838933,-1.1283800088552993,-0.1928646109819419,1.0089342312157965,-0.7048448216478014,-0.7609259927522878,-1.105101616896065,-0.7092795908500729,-0.8490358026154393,-0.5622900047482212,-0.6749438267984523,-0.858950778528801,-1.0130985824874374,-1.205165521791145,0.7003418271806516,-1.103979760340715,0.23925391628323997,-0.29596951680842276,-1.0195125592649583,-0.7126300928303924,-0.8490477803808738,-0.11720028806050346,-0.8170135546927255,-1.2276205190267604,-0.8471097289294078,-0.8003159544523375,-0.5722153112397539,-1.1990153262387044,-0.7743795685988087,-0.6568883553013362,-1.041867560341478,-0.9257412509819699,-0.5058555259336645,-0.25556275488826774,0.3016564760545585,-2.2437490164068663,-1.6676894565877898,-0.7434083309901486,-0.9947365478014759,-0.5010078283522145,-1.3273155172453555,-1.1649078587135402,-1.2259295486086716,-0.7431557304844629,0.015304145641162944,-0.17652801778845478,-0.6098958702250609,-1.3233516435291244,-1.719682817779166,-1.230684300838363,-1.43548047503565,0.6617117552714724,-1.086749826971375,-0.4964174302027952,0.053831898270251685,-0.9562385093093513,-1.2373632580971152,-1.2048120524987875,-0.4096641205208523,-1.4210450184892758,-1.1133168400590592,-0.49125651944526655,-1.1295166133076266,-0.9751518705847758,-1.256803232696507,0.032260861530477344,-0.2527710479865517,-0.9624634487246315,-0.8964065424652238,0.21011794412089807,0.7770530064568253,-1.488052960682071,-1.0968111286816218,-1.5883220786824424,-1.1388922890732531,-0.975511104023399
"""GSM1539335""",0.8029837550770103,-0.5778755983870932,1.0813012139614626,-0.9394322019631548,-1.5060064310474652,1.7675819929142402,2.0299540258428386,2.438193231068984,1.1005800762582358,1.7447870647761798,-0.05020060737212085,1.6723741913381536,-0.9554560544557185,1.6461327237628982,-0.8753856359159986,-0.8675165629738704,0.9251345649116645,1.6548608243288319,-0.6115579187296514,-1.0100345836604387,-0.11975935070884572,0.8933048098395064,-0.8709465762574351,-0.6054707604270778,-0.8230509695349242,-1.1388035126248957,0.030443472761870895,1.7148899686106538,1.4255753202403982,-0.9097214884110097,-0.8099549297756445,-0.6492473146848252,1.2834077521720548,-0.8016511515225264,0.9854332472461639,0.4489110470026164,1.4928946291989522,-1.1745274519004352,-1.0979770836969034,0.8877744143308159,-0.01964642563115375,1.7119326882816588,0.8541769709048035,1.9617370770038274,-0.11219684222108076,0.9023857071973715,0.0781336460279836,-0.7489482716112487,-0.7017896676530934,-0.7102277239020959,0.5696947270790447,2.0485871110859177,-0.722158280289539,0.39196026417777724,-0.8670373552586763,0.9150227772536023,1.0818958536886085,-0.9780564742643377,-0.45777499313532366,-0.32036245277716346,-0.7404876832352645,0.8583617280419609,1.306184650913005,0.5373309523845363,-0.6357697739612533,1.365394047900646,1.65695223848302,-0.27682850462665876,-1.0925447338223409,0.5393336542991048,-0.8955632370552955,-0.7053458336552126,-0.6542872526106908,-1.2961323605528672,0.7661248165784904,-0.9504468615434889,0.9103561679314309,1.3697805065489044,-0.5040607457177912,-0.7797280192018824,-0.6178490699398719,-0.2122220078378775,-0.6446099937928512,1.7919881104263813,-1.2007789474871,1.1681741359938935,-1.1688922070622931,-0.8485239029443339,-0.521368681532369,-0.426874045833398,-1.2100127139497792,-0.9806686108791031,-0.5730537255058272,1.4716355477184362,2.047834529933666,1.7915612643508323,2.141658015872232,1.5677676440891093,1.6272564358004886,-0.15185930409996531,2.0030939627528483,-0.7762435819195792,-0.892197687394292,1.1054128801898733,0.8005823647696888,-0.8050029315691064,1.033220047525006,2.616411595833373,1.6421567513361874,1.8668407952268602,1.7057225100684512,1.1987505485386596,-0.9777443008933726,-0.6176674192637607,0.38226888089294203,1.0042220879153179,1.672958474645954,1.2707937696491498,-0.775151286798067,1.5405788079123905,-0.9829061688708328,0.8057091902469559,1.368333537096924,-0.059252121102651156,-1.0535274473360443,1.6142984103075777,-0.042842582249379195,1.39524592523516,-0.05500576757636385,-0.32376136521195664,0.5895154526368793,0.14891614575077902,-0.6763145603260313,-0.5118154804841543,-0.9401176914871024,2.2803820828957653
"""GSM1539336""",0.5968404441999215,1.2243774924601312,-0.8203375911339973,0.82382483439001,-0.9381632791946071,-1.5921668618542515,-0.07886837877122335,-1.108250564113435,-2.50031189068478,-0.09293307844403662,1.3026678919953605,-0.06351622632308478,1.896244556239089,-0.0773526264053675,1.743094580310774,1.8617755382054713,0.6659041058137345,-0.04260702153368561,1.9892281156980978,1.8208603945300048,-1.1540472329758893,-0.8401636345495929,1.3884069766414076,2.0939649374492344,1.7816879201724132,1.622904701233883,0.3831922181684782,1.2896199352241107,1.313457662343881,1.712298090001001,1.8683426561768852,1.8019532759086367,0.04814441351805466,1.9037418463176172,-1.0585273384199458,-1.0292382619341738,-0.09423624043912418,1.4744993267075344,1.254884630911373,-0.7118058504725308,-0.09137816282037266,-0.4475916724125624,-0.9200693013325775,-0.8060498581386312,1.484203550898623,-0.9298150863296207,1.544441012355803,1.7966798200752132,1.6614930002214776,1.7189537435424231,0.4800896597107845,1.5052568876130599,1.6861238695689824,-1.2313418018935478,1.6381696894620619,-0.9054173293933689,-1.0238363258206293,1.1179920291363663,1.0195866593674832,1.9397173429265027,1.975486136364524,-1.015473186116571,-0.8342477207401345,-0.08372797038900211,1.8868926777768038,0.037895396438571934,0.008240682718850402,2.2737464897025443,1.6690876783090831,0.45503484801593624,1.778378325810187,1.7096918560505285,1.953370068240893,1.3355336422923552,0.22430092390512538,0.9878284191364703,0.5494861701207236,0.17248051561914773,1.914793899268484,1.4402665405607973,2.0026844901344414,1.2865327546814131,2.0217981030348704,0.7339021386579745,1.409310893766007,-0.7485648394505272,1.916850781914854,1.6390128820044152,1.6295751731666295,1.8723584136025708,2.009162929376024,1.2893636165118487,2.2028697125088166,0.40847138096383234,0.5200758348357266,0.757740784580024,-0.16989726203051575,0.29176271920071684,0.493109958538403,-0.6068351319560238,1.210051514396406,1.0132358184987276,1.1770324771533853,1.0259191255441251,-0.5516624094843373,1.1637284409009638,-0.9701630667308228,1.7274258299347105,0.5431663597932763,1.0058650097712054,0.7535126517342878,-1.072372383080795,1.2661408785976893,2.3234416304452927,-0.06583627410398232,1.0320770889904456,0.8753346311700917,1.002922448731178,1.839358574271864,1.0974018981814744,1.5149367583265807,0.9050181184898889,1.0753646683404394,0.6266339155978397,1.407398827962817,0.376805091163913,1.7402256331672346,0.5825435825116184,1.835383384198514,0.878618551365471,-0.03573209314415295,0.9166445294782439,1.915893685562701,0.5487951794275415,1.136129296627249,1.40696120096035
"""GSM1539337""",0.42660759928284786,-0.6385953344399671,-0.8435764351642611,-0.92535502176786,1.0310676578190496,-1.5289318778344672,-0.6864361925475263,1.254667339084004,0.6391093813187592,-0.8405613608967037,0.3781157827393908,-0.699417317441802,1.6090163845566974,-0.7401740881323472,1.857783069017162,1.674717055926781,0.1635308337820578,-0.926075461982043,1.779742928281259,1.54766906897874,-0.0505138242206097,-0.5575897601273311,0.9804023962294852,1.9065067526186703,1.5236079522489099,1.6415639743657486,1.8601625001954145,0.20691103734526922,0.8606054534296818,1.6205323441415613,1.6237601930047787,1.6482511273716147,0.06219558448992298,1.710636236468942,-1.1880162318849483,-0.9869933744882392,-0.8865944133776641,1.0027740029297387,0.6704109478202057,-0.846716521127585,-0.2595981082375218,-0.9174281149675418,-0.8314681632827142,-0.6232992819147274,0.9590407765026303,-1.00364828490449,1.173992867845217,1.448494543273424,1.656814698958179,1.6221170838998271,0.6771225198098741,0.5801089757436212,1.5624984895096843,-1.194159621282302,1.6582047138041849,-1.0224102248135953,-1.213034536124175,0.5709516073525053,0.9631971327387597,1.2816905160647085,2.2114855003672136,-0.9274571065085977,-1.0620137866785195,-0.4049548294207687,1.7620615946472669,-0.16145536261884746,-0.44143672053275373,1.7021562627092708,1.63295247701986,0.7007308119204559,1.6830447823579993,1.4205760972878574,2.0220991642084982,1.3355336422923552,1.3416328379564777,0.3091759577941352,-0.3474296035855289,-0.23553729183640762,1.429617384542479,1.6307004299935013,1.1680227461859893,1.383442577724096,1.4783789232671802,0.0071958480021738075,1.0446931317745984,-0.6536100460085409,2.0411273277704223,1.6218437337467828,1.5908836248798934,2.0453686830695186,1.4951923446803819,1.1517730820538186,1.9127944445044713,-0.3937745179199161,0.09888374086920408,1.0224736458487262,0.62784309447221,-0.02493756006456891,0.5984899443811529,0.5019245722320402,0.8004427506618694,0.5570827457889367,0.5121145270592933,-0.9171437914823553,-0.3590072078251667,2.11875920263293,0.30230826921529824,0.5664246397213372,0.26819773745313125,0.2539383665659771,-0.08000856581973033,-0.7034063441474732,0.9061781074940657,1.9718520398862143,-0.02158712328466762,0.7548160632681998,-0.15237346670170404,0.5525340034689697,1.9021039073930806,1.15148959972564,1.740386260907058,-0.014026009446945415,1.1123131349652868,1.0497450677694509,1.2109891239086221,-0.014610302932285761,1.760763595243669,-0.8352204837927325,1.1741966634296483,0.6350842233160588,0.24483283890482158,-0.5219772864031978,1.2639071161351911,1.2242083545296578,1.047124277134113,0.9507793708491294
"""GSM1539338""",0.3800868557606407,-0.6201586394779998,-0.7575885840263605,-1.0171217877572187,-0.8633298371047888,-1.136113107541121,0.5755407447619588,0.9861752696244113,-1.371790007903965,0.6912870694859616,-1.256323209756341,0.639326176828025,1.67556547189719,0.6002068492076565,1.7995551497931062,1.6701161736063495,-0.45438295835991993,0.5544946418089992,1.972033395376712,1.5512728160149734,0.7367343641507185,-0.8288415026094188,1.6259197441359368,2.244197460539942,1.8488554090744387,1.7468082577171091,-0.2143469204708451,0.6525990152189804,1.3670955509643719,1.5530748685070719,1.681145476973761,1.5837589709824065,1.1671684695898352,1.7449349105781469,-0.8298903699252672,0.3554134574566763,0.5309600662680534,1.6106752296088604,1.5697358515402977,-0.8561481073310127,-0.9641834469582742,0.9163435376277576,-1.009861172288237,0.7728784582464511,1.5819524804560592,-1.1094591891697683,-0.020921988086049757,1.6690676836427558,1.4871215867036207,1.9441738411446976,0.5078234438116822,1.4091535787365856,1.4536820983668892,-1.57375513175577,1.6415636902969348,-0.86020280136203,-1.1978480111403484,1.1196785991314002,-2.711792205234012,1.6840548423089958,1.89038205226642,-1.147886628486187,-0.28061403417393477,0.25129661576473816,1.9197437610508183,1.3947240918087642,0.5512389373874236,2.1734695553902723,1.3541863138217922,0.48253803063895423,1.6658810352604974,1.9051659607944156,1.7607775460103658,1.018919412801852,0.4409013987719256,0.9904715838498506,0.5620373628456328,0.59565091833031,1.7202903820635311,1.8184513640964968,1.7280900860042265,1.359237667843713,1.5907949307152554,1.0660030402024978,1.7728905862425337,-0.7095058098648542,-0.703541193769634,1.719935850209561,2.2791636049509743,1.7874379430641065,1.6757315391126184,1.2555431676488582,2.120586349621236,-1.2011504996933529,2.3609758469626576,1.4546458103307758,1.1475435773773441,0.7565513821864011,0.9513115304873089,1.5274259128717038,0.8493854610497972,1.3097493534399782,1.2841149082688101,1.5059516148367218,-0.6062238072008947,-0.4545484130076711,-0.9373616714661206,1.5488655191365313,1.2411615504398545,1.1791758531514351,1.2662804819600937,-0.8028822677726795,1.2992962062339861,1.7079546517325122,2.080632818657785,1.1172354829987734,1.019757128921517,1.613507363075802,1.4277352036617472,1.8186157907339346,1.4983252869943102,0.7852241291673017,1.6029793026322658,-0.4461543522430722,1.2109891239086221,-1.1761502456312343,1.526108820181284,0.676122117134006,1.8641378563634154,-0.31764855004738396,0.15179442418788672,0.7999925128393452,2.3700996680100244,0.050649002546244305,1.3076498229740956,1.075351167665657
"""GSM1539339""",0.4784589667505712,-0.6797229772199552,1.201893007167765,-0.9195203430985539,1.11504635568033,-0.4538710255148824,-0.07457879200074467,-0.46026181438604924,0.3617199500543118,-0.3783176145740005,1.138724915766136,-0.3724852592670078,1.4951550716027417,-0.550045710934159,1.1768684674730163,1.6093102764321223,-0.47832455933576284,-0.43741522822050855,1.7040323188953541,1.2165306268667617,-0.5425855440548291,0.5702220235342217,0.9826471459657751,1.9592231635864958,1.4420378943593608,1.2860706627799783,-0.5979153166615817,-0.22649650150515224,-0.3161595795044426,1.34855002920577,1.487128439073526,1.2562967988100693,-0.6333348133973145,1.5528176865033438,0.4476157200232321,-0.9570251344273423,-0.4966830644087575,0.9188129192440598,0.9139106861365704,0.47599509452795924,-0.5645356220573963,-0.5975290962967039,0.3969733292827328,-0.941540986766082,1.447103309237496,0.3632680767699524,0.6037391562064716,1.2595789246850624,1.308685290436617,1.9983786473089202,1.192928430309603,0.3122685992940696,1.593560980876487,0.19906559733974388,1.4418504009465691,0.5870202015086174,0.3807596364577315,0.08371960555057914,0.20110953444134236,1.3439687969585266,1.8982763554128221,0.6656445988589065,-0.6129171004860287,0.34186642012789215,1.9218118231630823,-0.09548843475934082,-1.1148021760081013,2.01726772384017,1.3197069201212415,1.0103415204892436,1.3285957036597655,1.4009771762520813,1.6280343066230787,0.523459799315462,-2.043917212883571,0.12559438887084512,0.29924134532412344,0.2946779408179537,1.3760951258143206,1.755673988292511,1.6307283241085326,1.2427767630751438,0.853065760752463,0.10187895846432546,1.1539575772053403,2.9412614199361093,1.4633079442782906,1.438733022963308,1.7105942742115172,1.5472064210329957,1.3947233925594196,0.9670654153825762,1.8912996771483164,0.33837122394697333,0.13922065699286645,0.4873237576751342,-1.5598885096522543,0.4999106155854223,-0.3637377069373711,0.5345581295542222,0.07792446760445065,0.3712947850344131,0.4879042413270058,1.1846704497846314,-0.7768625204360137,1.9187734053889869,0.6933049322176714,0.43499251550161033,-0.439820956950456,0.4835153945744401,0.12813003696827815,-0.7765645462733913,0.5656588390451044,1.7985049326083717,1.7123700866453349,0.45584871054168596,-0.15237346670170404,0.7878465127026085,1.4650049087558805,-0.05686348412222168,1.2451269962963045,0.9877608057795961,1.0125125646989304,0.028850601678736196,1.0387827237164509,0.31542096391885527,1.5551186773695225,-0.12707224537039777,2.0033852805827155,-1.4162502320109163,-0.8022629710710658,0.7071578579942303,1.1012001339989346,-0.8209380239206799,0.7850243984953188,-0.10547211987246799
"""GSM1539340""",0.45278211413770414,-0.6124177850376314,-0.8658064081006956,-0.9200438206236723,1.2008510246273265,1.545051609229548,-0.050898690357575674,-0.8174449833970955,0.8842823971376822,-0.018052864032295782,-0.7161149888737496,-0.04721474823183152,-0.5625073251328621,-0.0640913843399637,-0.8263529827843505,-0.4994494695378449,-0.1631149796486801,0.030240897839472414,-0.543161873585036,-0.7183079780137699,-0.4545767842177526,1.08264314936568,-0.6162944936581928,-0.9491550115676766,-0.7951316285972098,-0.7236899180895835,-0.34421241049774437,1.4888850362951584,1.0149446017538388,-0.5205571968236944,-0.5750838048709659,-0.8246547655510605,0.6486245732001362,-0.6521706158193306,1.1754070616261874,-0.7661785626832718,0.027334059300205556,-0.7042888262832476,-0.4021971258873511,1.2510049841067863,-0.4339119732736979,-0.40539294240769824,1.3436000169414108,0.8869035036186206,0.3179161803805389,1.2226807765715006,-0.5059281216795515,-0.3857060349923459,-0.38260957729092043,-0.7093361912043695,1.2395634675226213,0.9498723032220687,-0.2517865833650731,-1.3193529739238317,-0.5118194157287934,1.307867226981668,1.2412027765214664,-0.5037493385392224,0.633200768647321,-0.29229678690235944,-0.5289332013959321,1.1159614082295723,-0.57797372706857,-0.3194470518443621,-0.8308704779720506,1.0375025380375935,0.07593030893939105,-0.6091842990098227,-0.6825677192014902,0.9501819780755222,-0.5540765937779116,-0.5747667747019585,-0.7329145081712833,-0.5980613482367176,0.9885593808554577,-0.5805934166282941,-0.1162735635617747,0.51436435303892,-0.007267018215223897,-0.3411748535945556,-0.14048610021750596,-0.6230132420532641,-0.7740015113949491,0.981624718248679,-1.1328581730930973,-0.5252007954850412,-0.3828712669297104,-0.7797142565976324,-0.44352451671276283,-0.5566319162344486,-0.6882991585659421,-0.44771667118562364,-0.5242748594015831,-0.6551940645483139,0.2034813426154468,0.7776548730015228,0.6521442843315352,0.7901788832633031,1.2326901833418344,0.7540750749288145,1.18329425005666,-0.3848610505584158,0.0430265024423327,0.6592946038305503,0.28804377347898297,0.07198912588121995,0.14440395300569467,1.2009875219098174,0.8255474846916869,0.5504446766691813,0.6358875876198189,0.5110829818493795,-0.6185817927937824,-0.7792072180063303,0.5391697935910698,0.865250301533076,0.533351470486573,0.5219821866161992,-0.06952544191885618,0.9006603731374403,-0.4290911808068936,0.929468347040443,0.9906780387165749,-0.34250019953757055,-0.5547218806719869,-0.6057498124252375,0.06780139162665268,-0.2836887394693384,-0.379644649156167,-0.5915594828335508,-0.014228130196951799,1.194271331709114,-0.8221329152429242,-0.5202866221439785,-0.4696029801101663,1.3674740336948021
"""GSM1539341""",0.5672353570156657,-0.6515266828076649,1.372351084137406,-0.9804770443565363,1.11276276877069,-1.600480303967723,1.0807533250131678,-0.9893953656494123,0.36069513445621626,0.7210946543810192,-0.9869523776629274,0.8201721018716228,1.8226205381103862,0.7766954808545821,1.7174561669737167,2.0950045388145173,0.08026977943633962,0.9047891577508169,1.8054344325423968,1.262894424287817,0.16661910190096801,1.0770577146707168,1.2331461951696856,2.114805594229398,1.7592106432270236,1.568180254217401,-0.7956567524258574,0.47840586365410553,1.6185347592971533,1.7914447110513658,1.9017251494074172,1.5950883830173133,0.6653190223803198,1.7349038484394272,0.6573452228492183,1.4769317778517346,0.726933545036287,1.4933724072432786,1.5194440295237601,1.1403399288688838,-0.36139658128441077,0.8467531483488763,0.9481678902726836,1.0797817933530498,1.972496206568856,0.8543006200195449,0.7562459370487826,1.980134460140507,1.6037256889472014,1.831023867826879,1.0905565668377821,1.474400888004815,2.029969660827685,-1.4892527081547127,1.2601108727576207,0.9558101025944801,0.6032403257660691,0.5377634391587678,0.796312216834928,2.059275692419353,1.9925803955576948,0.8983181794660805,-0.8173669818472983,-0.06881641188527461,1.9522601181812107,-0.10923693336269495,-0.26836996439836264,2.149737778948518,1.4720235700483877,0.6317688832270504,1.5167597035799538,2.458564626558292,1.975433003260568,1.230742278915954,1.2999118118049635,0.4365458912796502,1.0565220969874303,0.6111809635274579,1.8606491034317598,1.2790784160196391,1.6990220443160786,0.35708088804044524,1.5378328137412365,0.5938398069251387,1.6783760501527232,3.3245962954636474,0.8403374988048806,1.7449163269280492,2.5788577312265644,1.815530659836265,1.5835686992396683,1.6753591437463,2.8343186216926886,-1.2909914941986445,-0.24585546670137423,1.7035657396853667,-0.263030235411519,0.27719287808639453,0.1198042416755654,1.4093221942533156,1.326150084639862,0.8838587048743938,1.4181908661727582,-0.0356637018013081,1.0157785972900144,1.4002350182861507,0.46350422876898795,1.8163831527071328,1.3443264682925191,-0.4777059407789102,0.5831329634258042,0.9713058919133051,1.2550100021364008,1.9792347124872944,-0.3257363979783296,-0.41345262340311323,0.7656743827144309,2.151439176191283,1.7135215356715487,1.881605719028242,1.5260773417096618,0.5881527556880864,1.458030932647158,0.5611786201987455,1.368830370087213,-1.545021900791456,1.6057679152515274,0.06759420768163635,1.840313985302651,-1.5902584717737502,-1.5928978029572107,1.10735651304812,1.6320133230860712,-0.46733190845628314,1.0217340140281863,1.1742949541424563
"""GSM1539342""",-1.6174396954387202,1.2848589984777692,-0.7866942772783256,0.5222880842151046,-0.5552457448776661,-2.0377656447955133,-0.7793474923954948,2.031615763288382,-2.4213657852149426,-0.9865083199822753,0.733450724291386,-1.3148414950438194,1.668928359571019,-1.3667640412429511,1.750747230756385,1.7394938996616147,0.14060132227694128,-1.327649152767384,1.7258379582775298,1.634554230397463,0.589434336613496,1.1343701148564176,1.5638826697487218,2.3086118308157233,2.054076254259081,1.5636952976985652,-0.30008705259926677,1.2551046031870963,1.5271048673077263,2.127302807562332,2.4122905540068897,1.5815010961710279,1.0956656170841457,1.710636236468942,1.1449252881285543,0.761309942476822,-1.4898952514262545,1.8278933165189162,1.8948805276116332,1.73335528288576,-0.6227869232113696,-0.6920390611425185,0.7859361588350516,0.5224762625635562,1.899699800268511,0.7170778738683399,-0.2658142474791932,2.713698883986283,1.3743336119222753,1.8579488140001947,0.7156358178974053,1.1138343177701095,1.73102728516271,0.6382726319066636,2.0391203056155147,0.8232547631766669,0.49131216316457715,0.7453055761719258,-0.4856665054880001,2.2289841590851163,1.7387325086578536,0.99867166456545,-0.4178235587947432,-0.5795963341106722,1.9920315280918008,-0.9932948024729168,-0.8478485699073062,1.9219111982693795,1.839745746397138,0.6558114948034104,1.8103841797063065,2.598822486284649,1.6110890432251144,1.480088513108962,-1.891458317656732,0.7131475331565966,-0.042158553242173824,0.44471661823060094,2.261976884098108,1.4628275509905848,1.4216559396674693,1.8081678395034047,2.045120182799629,0.7961270457687968,1.6556263805077278,-0.6090148237088131,0.31685458734790073,1.8024392314400983,2.5680666582538847,1.6892664097231376,1.989112579230126,2.194868302295719,2.833324630437988,-1.4489577834650722,-0.151405090169167,1.5799083967497478,0.5440129342763901,0.5571752490492284,-0.5438441613351898,0.5183319269707028,0.567617518043781,1.3577585100152192,1.55382702134426,-0.7897854643815118,0.2985288012723296,1.3013161758306242,-1.181352463493088,1.2736716779471589,0.3899367502450978,0.4221326886628919,0.4799529523165462,0.9471999438309104,1.488005502521778,1.8443872326409791,-0.9526189564335386,0.6481421744142151,0.5967955228159358,1.9938924149739128,1.7658846284835321,1.581269944498105,1.6130022862280753,0.41597468593340714,1.381388818677558,0.1595167971913097,1.1913192561592159,-1.5566586146161245,1.6243015508500744,-0.723361540634538,0.9364627445883872,-0.2627803013150254,0.43300937551656765,1.3988330304104035,2.097356510909037,-0.9305050053723987,1.3688149946042758,-1.237248168642665
"""GSM1539343""",0.6311483438081377,1.3350970374678535,-0.780360349533789,1.021712024304568,1.179800741139653,-1.9842824032475732,-0.20988243027406905,0.608101510563557,0.1591039176674776,-0.36292078293859,0.5792049419535573,-0.3240774974063121,1.9859823251861013,-0.32341558558057537,2.040633818833822,2.107754078997553,1.9009418210460567,-0.33714462717805904,2.1338528447442506,1.6707700595236978,-1.2479364730255376,1.3151026393799872,1.7879799060584065,2.0681746752574166,2.497890215656019,1.6277065928756635,-0.38984986657967907,-0.283528174802061,1.0973945195883532,1.9362626031142665,2.096888242578639,1.733263512563763,0.5315192093946558,1.8149058622276426,0.9917104905537647,-1.1620449112310407,-0.50553268010807,2.0453511250611167,1.9995456509446354,1.9594535535987576,1.6366475680619152,-0.30297717314975514,0.9481678902726836,-0.6339225788735797,2.2248104972498837,0.867842551216748,2.548838179526608,2.5282124494730995,1.5852414034398565,2.2785258346941752,0.207660194132584,1.2594547061018586,2.001531252021541,-0.9408342891432878,2.0693031682066647,0.9121711662098486,0.6984576916759547,1.2824234881269525,0.25935744601615524,2.3159152465554045,2.4997255176303885,0.9729228278314205,-0.42321777601086247,-1.2895912496921071,2.3341018087808476,0.2680970967822249,-0.9627699278980067,2.346562973567672,1.8590562059542453,0.039862307508933055,1.8640772343803247,3.161296232293345,2.332662011971555,1.7866362091357522,1.8511351629129231,1.304900796279363,0.9322464548699444,0.2783868439684434,2.3669195566245995,2.1050254551268663,1.9828929360587655,1.1899802828379724,2.5590342997597055,0.5736625729963485,1.555495770140207,-0.6958957113350683,1.2431861195363783,2.1250748779767172,2.7609189103938614,2.181062616445551,1.9652554965397295,2.395593181745473,3.295140716642599,-1.3842769788953648,-1.073739120950954,0.7645075647578615,0.27513823382649516,0.16830799334953336,-0.28979541871586034,-0.5798293422444718,0.7091416734845025,1.4364900722217675,1.715703058343496,-0.8140360206509774,-0.08985079540911979,1.6375780927583343,1.0858182867531718,1.483532113341401,0.7812158994778348,-0.10742518004002849,0.5636588706467778,-0.6123124185849709,1.74227336081592,2.5411857230861012,-0.7454118912786504,0.1101237943905949,0.1320921083068912,1.5247913674963107,2.0719862818863137,0.4452731633385549,1.4656199805083432,0.2219299275545608,1.3712162598400142,2.4615201056772005,1.6919195661479316,-1.3481091376564442,1.7853675031877163,-0.6825846385849388,1.9257207833353212,0.12217939108982323,0.8939362203884383,2.0620450348121673,2.4298651100390765,1.9248905129554554,1.2127784251186664,0.12290004847961507
"""GSM1539344""",0.23136278425187293,-0.6561567875274525,-0.8063949471960802,-0.9078146015073961,1.3261362524815288,-1.327579689031532,-0.7885272816065663,-1.0255504976289385,1.0424630885657524,-1.1220701583395651,-0.805057889771954,-0.9532217488978758,2.0080085787781337,-0.9745646494660138,1.8193182560304506,2.154437442411176,0.31920269351488323,-1.0140159774482156,2.03979329411711,1.6746309963291668,0.6157151028559534,0.03584864786056091,1.4561459059570214,1.8088958382113158,1.6215230342839382,1.622904701233883,-0.9601421371134583,-0.31661847744797944,-0.4387462605040336,1.8387972139019737,2.2651161003224733,1.75936484354291,-0.16399454007553746,1.7796894013593763,-0.3199422448185952,-0.23917841329088121,-0.8306167794282217,1.5192429367935112,1.658200797365792,0.35371051938169423,-0.01625032474048512,-0.871742848376472,-0.2612563066861108,1.194961764349603,2.154435865430156,-0.299875231419844,1.0062057597844294,2.1364132231333675,1.73241287106192,1.8074741144117763,-0.36315347680273746,-1.4010824657561545,2.0342545916071715,-1.1510765205532731,2.0261608790059213,-0.3930332983186083,-0.6625809295347435,0.5067434052509114,0.4137122240783598,2.125938017475295,2.2719442327454464,-0.3058954198293688,-0.8798394993557628,-0.5286450922977685,1.9920315280918008,-0.6171314874792018,-1.0687523691226275,1.7752411712320446,1.7533928391208518,-0.39247293902812713,2.402916802664679,2.9958949906482557,1.8656029674691585,1.384687724460729,2.328291834809916,0.7055974309219901,-0.3480880976179127,0.059259178024765186,1.9619711349712334,1.5854868028074873,1.9473350195102483,-0.2730633858546103,1.7299149141934376,-1.1473802212796793,2.4446439737379992,-0.71190577545533,0.6254666810387695,2.147803686243371,3.3981708388709713,2.284292201259044,1.8538674101301549,2.234898773756096,3.172533128130304,0.8787095346890259,-0.8714954833305312,-0.6703375461300782,-0.8450842104369517,-0.09206050143612482,-0.7552280553511791,-0.16655214608772811,-0.27614946385124334,1.8762159167926042,1.2523056892010542,-0.6928166361088733,0.7141312747244288,-0.02598075734036803,-1.1462564826945614,-1.21982172512558,-0.579809143457188,-0.7198474148090181,-1.1631203509132093,0.8305218093139083,1.377728432374035,2.2421598667348706,-1.3948873144331981,-1.0121732583949874,-0.844985245380649,0.8346815032447381,2.0928998115718116,-1.0073086923315544,1.3884169062596436,-0.5264320785067399,0.8616836073875188,0.6329317883349298,1.6419837942383813,0.956849126115316,1.5864530052421957,-0.8086627055765068,1.4880704394945268,-0.6467887451264926,-1.2410366881233936,1.2886500336392634,0.8042119378102996,1.1449713519555622,1.3134395911350354,-0.39300907093137666
"""GSM1539345""",0.21902941567647222,-0.6002876339993058,1.2686914278818895,-0.8821921333192078,-0.4659984745094947,-1.369920776260217,0.8208086201223005,-0.9045981621529283,0.8857844095373595,0.5780853734207279,0.18239505510407739,0.5980283544024134,1.9068664586863253,0.6577636190373699,1.82835562285557,2.0437909642355305,-0.055597771466605966,0.5278348635346009,1.9957538077740964,1.6508496763690255,-0.9425314566308449,-0.552320250451914,1.6117766405676033,2.166129263865533,2.295814714692353,1.5906279327129345,-0.6072019379941226,-0.4585436944498236,0.29604832058283914,1.9507395782015156,2.398583346637637,1.6731919890407334,0.14547217648712563,1.7449349105781469,-0.6027177433075686,1.2602636130995997,0.5808112951393302,1.6772562298918252,1.7180534182373335,-0.1796883731272437,-0.4323015963595988,0.5889161946463646,-0.5353924392006301,1.3905859029825074,2.012631175590534,-0.7272092389799746,-0.019409739571965186,1.865474421401339,1.7800292059945084,1.8919154382083958,0.8449166323305374,-0.295254377542298,2.042000147409925,0.5957043141696096,1.7002144524498706,-0.5355470236324292,-0.9769066874687311,0.7516977770418388,-0.5401823458951925,2.0075280237542286,2.199739716103629,-0.8545258992127245,0.28732748475420533,0.05211781155358268,2.0196809802243965,-0.15871117569875928,-0.09874691998291406,1.8964678774599562,1.5757732200876275,0.45503484801593624,1.5997174942176042,2.512802269961628,1.778494017620824,1.292026833796915,1.028960147067678,0.6850684981414021,-0.7216438422081941,1.5451682233868538,1.9500155632349114,2.535540592158531,1.36829543117308,1.12538513750346,1.6960045569091968,0.1004870623322118,1.5498499808344532,-0.7695977200496952,0.6747739925810137,2.0057116587914834,2.9482730310728935,2.014053657095222,1.6543129770646217,2.3220831123985777,3.054918909604149,0.8947056953336565,-0.3878184056218272,-0.05449488055972844,0.7548609784616416,1.310945823369781,-0.09563028614187785,0.3399332038409089,0.16436399518776917,1.8845589403783578,1.6805266382885815,1.4719502019503758,0.9474172755517896,0.42773782518147213,0.06788695067311677,-0.20244538275474336,-0.2887683489195855,1.1190214190339929,-0.1917439345426601,1.0238153768637153,1.3447048966496045,2.3689708256685598,-0.6560610628929544,0.24143830013820747,0.2402560578969904,1.6873234993196362,2.339304605566063,0.009266046987229588,1.5149367583265807,0.9104049933768805,1.0170018560148393,0.5328376873437657,1.6137749740200953,0.751491615298721,1.441500140801553,0.017315389859762626,2.137281698404763,-0.42091174930441205,-0.7834867256147958,0.869029737042543,1.4241221093539624,-0.15643958361122123,1.130933071004539,0.2719311339234064
"""GSM1539346""",0.5318038054673315,1.5817084596867823,-0.7764333151741678,1.139648148185321,-0.35905048587154276,0.625930325540929,1.0160694564176096,0.7531046701370855,0.10965285222777504,0.7808368806824909,0.960736274074581,0.5742949639489181,-0.007400054677914813,0.67085576236169,-0.405618769719626,0.1459588788379828,-1.0160884430768748,0.7465074426266538,-0.3674407443884556,-0.15145299243112745,1.904919040242644,1.7983683641208956,0.48713501664443726,-0.3424225642992621,0.2158740642836991,-0.3936066835135193,-1.5259761650625807,0.23608161809199138,0.44929429429790063,0.8590789588625419,0.43354431239777796,-0.01107180177408023,-0.20941055349955015,0.05517702222778737,1.7946734118000787,0.680851076981757,0.7126272453521704,0.7203320425550895,0.583629928733258,2.3594311746560845,-0.5540041999722977,0.5665344749599196,1.5281658877329611,1.372331106101918,1.2578127989498207,1.3381027261654366,-0.7960551923810744,1.0392077515518316,0.22185612690944814,-0.48374563803893855,-1.1372959151357107,0.059544466409876436,0.6432997915047404,-1.3114595614389917,0.34047485128150556,1.8836317414509127,1.5978468962841101,0.03469884015128948,-0.20720089155135263,1.0611299535663097,-0.5583820196597465,1.4606905937365986,0.8039407102168136,-0.762905423681461,-0.6305628455248471,0.06176612922404063,0.21078764512930911,-0.23564250117443925,0.14313796854047392,-1.2618933062466084,-0.5420328706487978,0.19240784791802243,-0.24271240957197018,-0.09690473777831352,0.9470936185290572,0.1790960176305744,0.9143514819979142,1.611472503172082,0.8809631020386594,1.1495231359457192,0.6326530502622314,-1.0408427288811566,-0.5368619180079933,0.34166450901741713,0.3995481446903141,-0.7444533391659484,-0.17779965659943517,0.1866284396279661,-0.023328578169836526,-0.49016854898295587,0.3379932540000636,0.718106602917208,-0.3336529218367734,-0.9789454366127,0.6545583869678355,-0.29766939341413545,0.2974361644992769,1.5213245484410154,-0.07191611601156232,-0.09325310449713776,-0.36651401456560245,1.5096269782088243,1.2622002567855735,0.025884338810254825,-0.05338071417012787,-0.07397677861424572,-0.6887337752815619,0.000486972836366634,-0.2692456979790836,0.3127570307042379,0.6898638137273098,0.4130735171118449,-0.36813559616122365,-0.24185335576116754,-0.038254865081733334,-0.13887392203558513,0.7781371600642574,1.2350900902362014,0.07903942364651619,-0.30708812267231683,0.23538261429267995,-0.10661872589010638,1.0281944243450327,-0.5610962434909543,-0.34894346920335406,-0.9295208849923351,0.11848718787473003,-0.2645483684214472,0.6309083095699476,0.9739599690917925,-0.7999822579022094,2.1539632594962685,-0.5661968287960744,-0.5487592528587938,0.423907284733387,0.19565953404471106
"""GSM1539347""",0.23240707290345458,-0.6034191262926685,1.3442692121808173,-0.84866122228874,-1.6203871464144532,-0.12396662089609481,0.15599104464067368,0.3811236992060326,0.8826735620335086,0.10429464365949646,0.6425177628769092,0.0373235822702762,1.6444664487720873,0.06978312263721292,1.547574139556356,1.8492598430275649,-0.853361526650481,-0.23569626671405067,1.940111657407929,1.492891458206801,1.2362911247943869,-0.5782434474681283,1.199737097532684,1.6824608380038462,1.6776672815962448,1.5145098374654637,1.4882146404194536,0.4296532271753334,-0.3268715221950723,1.845648730702754,1.9091960321140018,1.491122345394804,0.08098953759397143,1.67223612548278,-0.6736121076937328,-0.9232667775257203,0.007644463652601236,1.161000232725022,1.3678589151583955,-0.31271721136492053,-0.9591836518627458,-0.522081679891662,-0.7554042392857282,2.081045050711301,1.6676407560112505,-0.8805106524592753,-0.31816887052241566,1.8165531244540614,1.497455878868017,1.6889044496836223,-0.9694030311921419,-0.11000614928673907,1.6583700238218777,-1.3666114970841952,1.8490379265782937,-0.7268533887061416,-0.9358758063090822,0.07582027732741585,-1.443277644075684,1.8674918943366994,1.5345669579780579,-0.6438566409310422,-0.28005794780679777,0.23054762462630343,1.6175065631557168,0.07990342933430054,-0.8311252683173393,1.3936542208450746,1.4929348297528886,-1.0046722691984031,1.812369837511226,1.7888745723592503,1.6747827286914598,0.9214916503413908,-2.1992485845035405,-0.039131587893369714,-0.16721901120880633,0.2401784813184155,1.826719406324304,0.8368594060266701,1.6543516368355924,0.7931171214777951,0.6122808568045321,0.020700488368955453,1.481124730347993,2.126159000085625,0.46435774368623833,1.4593353894897467,2.1188954450830257,1.3235935376286416,1.6637795593609437,1.5169390313151967,2.403105208641205,0.8413585358408665,-0.02854981689916463,0.46835933897992416,0.14784880022316638,0.1845154007752043,-0.722025854626989,-0.734623541289996,0.39028327781470923,1.4937762883019252,1.1917556441721726,0.7430221434369907,-0.962690634939575,1.6605164393033336,-1.5467850771359617,-0.15747139086254197,-0.11566911826232375,0.24012397770617455,-0.7367111814848699,-0.5929223046138534,0.6329686153917857,1.7673934679149625,-0.27248341748471483,-0.2971060094892479,-0.3299599943727295,0.7691635946089277,1.3354601505398427,-0.025229908817383313,1.6600096818227117,-0.44344056335530857,0.7148377082276599,-0.34221657339565204,1.2808179278445426,0.6170615114241651,1.3981629993675317,-1.2192660106011293,1.447598282772298,-0.4707730806591996,-1.2645874147770868,0.9338067542808367,-0.586073804504719,-0.8958669571710507,1.1251689459870629,-0.6660623807968441
"""GSM1539348""",-1.6721292821005351,-0.6844597122636591,1.3171606515813234,1.7269546782767906,-1.2658025267460522,-1.9155074685652882,0.7085052514792222,-0.9693830530137189,-2.558824777839327,0.4407807440688699,-1.063106537760477,0.4606470468687928,1.9317036553221882,0.535476430583376,1.8683925557952736,1.9877212779899776,-0.17335380708880868,0.5130388368947562,2.152255599489661,1.7949384345793586,0.9650237015232186,-0.17603511980206474,1.7296234800123989,2.4891784762717974,2.2053389764241724,1.5502442235622116,-1.1414611682256934,0.15721828149510664,0.6350264673819191,2.0029299450951004,2.3022783699959137,1.733263512563763,0.08254609985216158,1.715380628090492,-0.36988551855774254,-0.9956739486734657,0.46715610604262886,1.8041418760705699,1.8869429247538416,-0.13539290822551095,-0.6582296182278465,0.5445512585704583,-0.4283378871759071,-0.8124160021771878,2.0899018354404015,-0.418958513426058,-0.01285319565833804,2.4173856004480507,1.7206511818265717,2.175434646790077,1.1053619830464603,0.592002258627832,1.9627947757175233,0.393394699693229,2.0217364682243875,0.012790352884611677,-0.6926628294895133,1.3405697195212603,-0.14517648305862418,2.32937097372462,2.4586860927102734,-0.35221156537315207,0.41382404564040187,-0.19880565907396752,2.2327788398950523,-0.5938058522518086,-0.4163249267948894,2.27531210291736,1.6640375341738765,0.7229856249227277,2.2885454355519483,2.9481986241461473,2.345905889707525,1.681824967868649,1.814902711636838,1.3673706162616728,-0.4875966960728549,0.83475502794005,2.3801458782966267,1.3750884859709218,2.2622850929001697,1.4193604842857919,2.517184722045033,-0.07953979889868276,1.8223620915903496,3.306626952002864,1.0574726367450364,2.1549153008226334,3.1338815143155387,2.457196631561453,1.8343458710266227,1.7484620966777165,3.1295218356555505,0.263002557303727,-1.2763667786827906,0.2511767473455805,-0.33855590488723486,0.6851370591815823,-0.5571012850831862,0.38803122099705917,0.4792055756576324,1.8973013244872363,1.457305608668578,0.5228336132708833,0.9986869830974864,1.174287780378365,-0.9761815804238615,0.9304902834765371,-0.09658437717649024,-0.8022810319863114,0.426661508712081,0.8854961066736885,2.0080569564521182,2.6107575847169535,0.714393210997982,-0.5930647062463802,-0.010514868842707989,0.9899925081689723,2.4086088174748617,-0.005260643005250358,1.6130022862280753,0.6369128449832663,1.0104589679127274,-0.01901094671119712,1.9160402735817066,0.664862771799278,1.9408952550957914,0.4406917543063384,1.961730116699242,1.4671277799530518,-1.442198150223279,2.136409584754704,1.618092401743861,0.03798515341486574,1.2074413274682574,0.19827090885029916
"""GSM1539349""",0.7147111558320776,-0.655039897201784,1.2073063270826407,-1.0072334643778522,1.2893432241676028,0.44958362023223314,-0.32135215005270307,0.36733661074610047,0.972182156792725,-0.15287860118176977,-0.6904457221478223,-0.12602078641405212,0.24589050038673324,-0.07278030763665738,-0.2697311439953307,0.3868263494406325,-0.23575512628068396,-0.2122266372526824,-0.3058882853207887,0.14427324410412493,-0.8269041462297739,-0.747458816379135,0.13573413506682572,-0.03818196673510026,0.34107257847547884,0.08459430849277927,-0.8527859028751463,1.214661095761939,0.8498697868589496,0.6012963052837943,0.6483904053824172,0.013010086333310869,0.6796709945444643,0.18656988830606797,-1.0908042880327824,-0.5588968774382511,-0.09423624043912418,0.35636706029929643,0.3431209603067551,-0.7893591996507302,-0.33676206352394406,-0.25700551825838563,-0.83568202511715,-0.8120430653730661,0.4467703056604189,-1.1835625129294143,0.08643001717071544,0.6071121794798385,0.10742536681601725,0.14460446919443778,-0.5573213133522272,0.7041188435807016,0.6399844806056593,0.5510369703612717,0.12083087222534078,-1.0680991269046918,-1.2301791728576978,0.3656591237180973,0.4950333715171755,0.26759856940191085,-0.25773805155500973,-1.0833397999659726,0.6709710064911506,0.29861852520342935,0.18257571462148015,1.1301209668824568,-0.2969077579628874,-0.15489116958256777,-0.1287078452717843,-0.4188860344602842,-0.05582446789852853,0.15631960927209884,-0.03620002335498324,0.15704513217070787,1.1222520191541283,0.4287682703815655,0.6644791216257914,0.9484678815728328,0.22477997695050375,0.6054315370549012,0.020035314135727927,0.2505765188468011,-0.16900926226340743,0.4296149263996049,-0.10957849744026585,1.1344523949033922,-1.0617856696810655,0.3969125011858916,0.0387468498618818,-0.2468952202624771,0.10308383833566576,0.10604849661020949,-0.3318385937049297,-1.2284306160644236,0.5899097708241271,0.673503541994751,0.3787029361263126,0.6180295106491043,0.9836770533346744,0.09691314196434099,0.865981889930164,0.7010598386662071,0.5778246525554023,-0.28393789289336746,1.0859832262899125,0.3718283130322023,-0.8397880429372611,0.7989999568157756,0.3913999512492221,0.8231108622180169,0.48445653301658376,1.0552245840851986,0.3014820827910492,-0.5201416305953792,0.4052548732599409,1.0618840521608797,0.31254342990484824,1.4380746792641326,-0.07203088459007893,1.5708421812130369,0.12169765735337107,0.4648929789831276,1.2651700664217114,-0.19984372773341977,0.1705012412124541,-1.2166410288765817,0.11330819943623471,-0.23856176039550853,0.35760121981317333,0.18891634011361821,-0.11121082416120626,0.4848249582941682,0.25830439335583083,0.5061956858472515,0.10518187430789254,0.8044890858883735
"""GSM1539350""",0.3099562973116489,-0.660712424460066,1.0827299275650462,-0.9223521397426829,1.363887057497576,0.5888672187881108,1.1853910944162327,1.1363889104747746,0.5164697480530269,0.7895397896032428,0.2804552717031143,0.5870877630453418,-0.5207681137356248,0.6455857037367626,-0.4998898887114148,0.07943140998839408,0.3942185446490132,0.7335496361328009,-0.6814092783412402,-0.6981587438633491,0.010566995244351132,0.47446209686113894,-0.011145247342976693,-0.404600333005214,-0.2017258795350282,-0.7236899180895835,1.7269840097179794,0.6239715801057258,0.39606810457524616,-0.2342513304678276,-0.22117231814602684,-0.6948746451185971,1.470577529153314,-0.13900371680872614,0.6273365257121429,-0.8683864831255655,0.8274080954484135,0.03324795627970518,0.2271031279647833,1.173129109674207,-0.7874501229882656,0.5486154027015527,0.4519883741539988,-0.73838914715188,0.4510358359096341,0.4188065740335632,-1.1418932101218602,0.5155168121801773,-0.7011535404864652,-0.3053663576924007,-0.14217748122280835,0.271191991698153,-0.04496122388252386,-1.2777221597133497,-0.47373643977005353,0.8270855275926305,0.34254318104225956,-0.4726814512670294,0.7802755443973056,0.22870497123080716,-0.5815328314141415,0.6042082403549511,0.8859465095715501,0.1532515277302132,-0.24807410929714707,1.1512192660778477,0.8018978069976865,-0.0978817353957849,-0.5655312257617038,-0.19829362384088584,-0.9289269687165883,0.021909876978029205,-0.571993662770431,-0.9750936043007177,1.0141928872951709,-0.554186278992117,-0.17425952494211225,1.2465828754953887,0.05956649440819085,0.27280534150559527,-0.03667625640130202,-0.6261437785779068,-0.4666496408516301,0.8463519803107658,-0.40228552158000475,1.0541388150603972,0.1657813942733407,-0.4599682430497774,0.014808541840609445,-0.6913352184749069,-0.8712087921798819,-0.12795797874835166,-0.378677553420944,-0.8428332946194771,1.0241042520961536,0.09028957937545741,0.2877259850906834,1.3593091644803277,0.6192274995479415,-0.7651375150489218,0.4500031551460964,-0.1718398687746066,-0.08885095736199602,0.48560241611594585,-1.4232756187043738,-0.13108604992351847,-0.6887337752815619,0.4067115458841548,0.4754859904357234,0.6393312898088347,0.587523625134498,-1.4929351043744925,-0.3282343986544074,-0.42516840961307073,-0.2620419309676691,0.5712150461570521,0.8989393995560253,1.9710711014027646,-0.438300475461109,0.30016652999169496,-0.45051930988980177,0.06753530337668233,0.9798022838908307,-0.6679913687696267,-0.8039056220585125,-0.8813736259957259,-0.2147974329276241,-0.006647347200456126,0.2910540335206852,0.013831385504068825,-0.11674341752252101,1.5527541066175057,-0.4167112407680858,-0.8546712108743711,-0.5545080501340838,0.40266931247324766
"""GSM1539351""",-1.6569655053556813,-0.6247155251047162,1.3380808509281752,-0.9335676475530967,0.29099979117010977,1.0423999951736158,0.33537623928906984,1.3697156066891425,0.901358553517369,0.8029287371758121,0.7498147251342485,0.7750917266644944,-0.3350957929392703,0.9101222430924595,-0.4161425206108903,-0.4128049207064891,-0.1841673961896961,0.8060859520789191,-0.20944077013737716,0.08575161041808446,1.103801956840369,0.5641071633153908,-0.6959439498199086,-0.04539715025594111,-0.10346678931783704,0.01092767185697596,0.15077318275327842,1.6121509660080693,1.0777789972631842,-0.36555489124907425,-0.5828746276342964,0.36258667661847555,0.6022492486486813,-0.12746752159560895,1.0858206201469536,1.4079830581482735,0.8709624673654051,-0.5575124602092659,-0.7147022778782692,0.15802697749361613,-0.5859925213685295,0.9217545519484833,1.009401988881882,0.7651307148228498,-0.42607654472310974,1.3060655661126548,-0.6610622499610262,-0.961429333528555,0.21986133412511283,0.1217895204716681,0.7259095448180249,1.556286458785352,-0.1270465328605901,0.7730782918404171,0.09813977139073389,1.1064002416393117,1.2906551006599798,-0.06687751826714722,0.4137122240783598,-0.7962409356257076,-0.3148333703643898,0.9729228278314205,-0.6209921238942807,0.34913727461656596,-0.12432778545255438,0.8813097613218482,0.32343100002507674,-0.3692948594401094,0.3768201553987451,0.9041533801568434,-0.12141300697401056,-0.7857852912872083,-0.12975966645805484,0.10206999240099503,-0.5219588176985518,0.2907752641217625,-2.484757283314727,-0.43112871838944633,-0.5092255710900625,-0.4735471930884152,0.00401488059907335,-0.43916237036189265,-0.2351472321786066,1.1428121254484855,-0.5727216680228179,1.3240452224329677,-0.5835082338156198,-0.35934333411010944,-0.8618669884113161,0.40862595806938895,0.13515508989264932,-0.924917970096814,-0.390526973263713,-0.30833242950156103,0.49509720844835203,0.8066734121906929,0.7282249376168651,-0.1383277025517495,0.6956907472646047,0.2894794388042502,0.8514401884152352,-0.7867008244171121,-0.8420743362363898,0.2962912927964495,-1.1254877355825263,-0.6457054433488209,-0.0513515274579901,1.4881070985807365,1.3477342785646587,0.9716434211920169,1.2055129290269362,-1.053032981503962,-0.4377719978804548,-0.1663813229364007,0.16713649359796848,0.7428103882744386,0.6482550380324338,-0.24693725934763638,0.2183085902003215,0.7950066110535563,0.28875585001165394,0.08689035192747209,0.12281722731497972,-0.6895319395141836,0.27792221003288853,-0.4125873431396017,0.3701691222625275,0.9069171673130367,-0.15644666960173376,-0.8720127221897456,0.5522181758302097,-0.08196312185383621,-0.18961157009226562,-0.09594090089471013,0.5316521024652167,0.06969300848388826
"""GSM1539352""",-1.681680764001533,-0.5589737694259962,-0.8063949471960802,-1.0070614431051117,0.7976360249394461,-0.1724125676842362,-0.2757234048256635,-0.28079158376012214,1.1863929648638714,0.18469460775409896,0.4637342996203616,0.2843371840745911,0.361461365247668,0.2812341950603065,0.23013768663526663,-0.10459250977624032,1.9386487233096028,0.45160673085258185,0.583973607929482,0.7418005388631466,-0.13365068369400462,0.5264485132321765,0.0023350267505910043,0.21619750387004302,0.31859526426365575,0.6394379178779396,-0.08841599624982033,-1.1723438338738417,-0.5047539796833062,-0.4467033733949251,-0.6643635898921042,0.37764973598808366,-0.1941776203579321,0.270082309924041,0.8428843726067956,-1.0956663670213802,0.6042340831831331,-0.23445622212925735,-0.30171087382374373,-0.325728468367823,3.772019850067576,0.015707104977096802,1.0477223201915673,-0.7932973652763206,-1.0403489793687797,0.9913908705796541,3.396852773197311,-0.9131901518863399,0.2120246652759925,0.4042392800397056,1.0073969311709428,-0.22136659236964565,-0.2634840912266021,1.2115343585486287,0.24381338442881592,0.7631438096757982,1.1943182804381451,0.6782716916385685,1.4425625580912502,-0.7385867898486494,0.2216261344792654,0.7686396976834988,-0.9843143531833536,0.5551986625624532,0.49537371277823444,-0.21565803190996288,0.01935645619646198,-0.19117760723543115,-0.1728372704606596,1.0291081655292786,0.4729168479205354,-0.6418707504521455,0.5358497392375161,0.7961127091420824,-0.6512975176879742,0.7156737783473778,-1.9110028840743911,-1.5034236293922345,-0.7155079366257492,-1.1329595659974976,0.6270457639088395,-2.037749437368061,0.6340663108470348,-0.8081021376657151,0.04822201466658758,-0.6622385745609063,0.4505738655287132,0.07852094103150611,-0.5367043912792056,0.5223367064426566,0.6904925779002484,-1.2040263168636305,-0.37291691115890957,-1.513592227078852,-0.57814698531119,0.39920944100106887,-1.2781774566550272,-1.412025689824047,0.0036231274516441785,0.4479323639039607,0.1923136030221193,-0.6569860843605272,-0.6354603176723597,0.0842986070419588,0.556062749111103,0.128780302344405,2.37098566161579,-0.4848786673130843,0.3120065748288709,0.23220046726551322,-0.6796146058240596,0.22737982593318457,0.6121207121461988,0.0336950953394,-1.3940412887892382,-0.5563756744361231,-0.3434761934852608,-1.3507486021989032,0.049290586129384695,0.10639035621185414,0.28285332202048824,-0.1810732032617048,-1.3347811207652056,4.0225322309435345,0.768349093490857,-1.462808580022443,0.8616445249916841,-0.1568266179642775,-0.39904247246754143,-0.4736440480165776,-0.603041923405376,-0.6072225882744027,0.8026032066957771,3.517758812671995,0.6663477422164291,-0.15232869273908434
"""GSM1539353""",0.6391313541483669,-0.6205258102196824,1.3861119410481946,-1.0222168396166382,1.209065324431527,-0.7064951448308797,-1.0948702264102699,0.15146433664465875,1.2371725821204758,-0.8875605389726298,-0.6579071253707492,-0.6831620895255096,-0.5542260609023038,-0.70177342956509,-0.5541925731856412,-0.6020541975966264,-0.5455782806604107,-0.7334071548337281,-0.6210824660115789,-0.4641967158411178,1.232015116974268,0.18730299662195804,-0.658118683128186,-0.7317418771821851,-0.5441206062942238,-0.4039973199129239,-0.3848857086462847,-0.19359143200294168,-0.9071249107495067,-0.5961926448827015,-0.9691225460774876,-0.7189880341483373,-1.0894098640961416,-0.714326606807436,0.5770422390962713,-1.2302590267084752,-0.8179020848625617,-0.49775920305385024,-0.6212676298772867,0.12684850774156428,0.4536827023462715,-0.6938012528437475,0.6868061180956339,-0.8482449521100679,-0.5230602768481369,0.8632289109849108,0.13566275370955863,-0.9567906835714118,-0.3479870267035575,-0.42666316661256304,-1.7256648525511427,-0.5608493033102699,-0.741113979554456,-0.8668821285791599,-0.018694146929468334,0.5612254136255728,1.088631700356866,-0.3524070399524732,0.822705680221301,-0.9260123057561582,-0.5509190093430985,0.669036315743455,-0.47640496592625214,0.4848159238585773,-0.5465374326863569,-0.9226888231243653,-0.8655092494457701,-0.43070210212936083,0.0459782335450982,-1.616878178477936,-0.1749416285977295,-0.8391581093502213,-0.41497932364080736,-0.3117799633422498,-1.9559340873617168,-0.4869633887597656,-0.11051953848528746,-0.8396760545402572,-0.9467665398495774,-0.23479372323950465,-0.8447862995660939,0.4250346100266516,-0.5438046006247524,-0.694689030729015,0.24924451405474105,0.6845704028687086,1.1395474614568046,-0.2612319856427895,-0.6123267860864158,-0.1647142532566477,-0.29281412796776357,-1.0126478515432993,-0.6136612354519997,0.7681481495598018,-0.5659613061452484,-0.9746843626414812,-1.4059530680445749,-0.6959619205032002,-0.7728355231567323,-0.19544217044840564,-0.44697245142092956,0.0388372563596499,-0.13563371032451477,-0.6125095626023574,-0.6470458439746413,0.653027156102471,1.7155780319199077,-0.4628634772261178,-0.6717170299898939,-0.9320130212516662,-0.1417315868086195,-0.38521901231163774,-0.7400861522783794,-0.4188272962819124,-0.8547294153221402,-0.5270115938713117,-0.5432617108619936,-0.7155590941761265,0.04128333473143641,-1.0005597290500936,-0.30569689249324683,-0.6500168825951085,-0.6788840859955895,0.2701587608490264,0.06819952980712339,0.751491615298721,0.4560825486766378,-0.39304174206365455,-0.5421464517654492,0.9794029662061453,0.9849813225435062,-1.6202517936663483,-0.6254371850064442,1.14636148163324,-0.2111892453981629,-0.7440938173101708
"""GSM1539354""",0.76243208644683,-0.6662751176692369,1.4154523542618656,-0.9874161795269011,-1.5778864154065455,-0.5962268568832692,0.5221949579344822,0.6116567988504709,1.477012613430345,1.173771787193125,-1.1799166391682308,1.2894657534906815,-0.647560045709652,1.3055300763195832,-0.8716734909984638,-1.268889980166734,-0.7260139691259373,1.3540796441560377,-0.6596537439841607,-0.42056314984921017,-0.5850193091892074,-1.5380904359601202,-0.8970219998636718,-0.8328486741421536,-0.7711197813230292,-0.32307449030749175,-0.7014772575750678,-1.1485420604896273,-0.4902340944071176,-0.8254587249605229,-0.8502888665489058,-0.7130264908782427,-0.5952958527456941,-1.204723835237695,-1.2401626186695602,-0.9646708193214636,1.249003969304555,-1.0720943166233305,-0.9316973567057985,-1.1552672004067284,-0.35515853834348937,1.3493209808627964,-1.2209626620292287,1.2090401826362904,-1.0016472217953192,-1.1094591891697683,-0.5382876376815591,-1.1797476223946812,-0.39864152590993157,-0.8265905231184107,-2.254149903611263,-0.3616320899871195,-1.5359888630753942,-0.8314422864791625,-0.5545810335453242,-1.5026037964912187,-1.077050180068798,-0.6462875443516427,-0.004793901056228021,-1.4285130097861305,-0.5244759190880924,-1.4815409412270137,-0.9073963170039545,0.788213132821297,-0.8197282900583315,0.06770115980638579,1.4286238451852962,-0.6755210604404459,-0.4856191256612409,-2.0105063129455236,-0.3228341113000198,-0.8213352623007178,-0.536216132707339,-0.03158759686694154,-0.7300895375701043,-0.5529516509338184,0.34910609576433843,-1.5405963431950678,-1.1611875237608718,-0.6779847167399765,-0.9538494937895593,0.36037285638959976,-0.5481761424071651,-0.23585597382593348,-0.7325204716483702,0.46864487074868505,0.05666868689105382,-0.9755045251931278,-0.8523408677643299,-0.3645127898951808,-0.4368154071875698,-0.9785937640887478,-0.656746221353393,0.9572376903668927,-0.48508246205482763,-0.1318549287600397,-0.47213038515754663,-1.4617944116166155,-0.24898025870585183,-1.2603877831421235,-0.2585529539374986,-1.2853155436029482,-1.1880669049665993,-0.7181755297973161,0.7141312747244288,-0.49650674635014225,-1.4353189605598078,-0.6110181875142477,-0.4388391156398042,-1.0358910981940945,0.1209349448321809,0.6470090254073103,-0.7400861522783794,-0.5389961823983034,1.0736904948821533,-0.8330988696498358,-0.2530507821580655,-1.635140276415756,-0.0815046943589346,-0.6700453329623103,-0.5315978241339421,-0.6374995380133291,-1.5092104094410572,-0.39360028069026665,-0.21699574472339453,1.0039309266380578,-0.10804707726034149,1.5024437661191807,-1.2588654393830272,0.6087599855904571,-0.4776778437602553,-0.4593646700235121,-1.0772115802901785,0.8207143236799004,-0.3832696945283305,-0.8236924105663921
"""GSM1539355""",0.7198142707415282,1.8763675715405819,1.329733828245096,1.0184902151015935,-0.6798758187737646,-0.255115288976266,-0.604411138619108,1.0516265502175177,-1.6545026462486165,-0.4444631406697757,-0.7494299599038712,-0.11254259422494432,-0.6517545167340848,-0.2046049506644375,-0.6634646274354621,-0.8749440231625689,0.17931578840540147,-0.35571499160293024,-0.6630603152863053,-0.655379887385923,0.7279206030471962,0.06875459077838361,-1.0520572647213309,-0.45691243235506956,-0.854685901833194,-0.5674174676798261,-0.8826125461049085,0.4901352422787058,-0.5733381428665041,-0.6800190611905028,-0.7876081067869721,-0.341175865668535,0.18287527316127278,-0.8016511515225264,0.3713239855567481,-1.2042476790020489,-0.13171546276550547,-1.0459527198894607,-0.8297158063670681,0.05981567330784193,0.06314077490624742,-0.26978950153790265,0.48197154776904744,-0.6584892852224236,-0.03259495450541499,0.5173964698494965,0.018129490958243955,-0.7871378948413441,-0.3754253945487311,-0.5774492678756507,-1.5435593439127793,-0.3234766113713711,-0.5803574711386063,0.851457698798261,-0.06560640352368037,0.16543410020263116,1.0673644697565505,-0.4256517142989018,-2.847650335155837,-0.7863409961463161,-0.683700448154312,0.7189811014094987,-0.3390015612138532,0.9095132972579991,-0.5844990785275771,0.7798716793809853,0.528827585703408,-0.49599688631189864,0.03417756570154137,-1.3588709419678173,-0.027364067200323854,-0.7318585375041445,-0.3027294612243045,-0.1193107415033143,-1.1948019161280155,-0.5445498961459916,0.11135361463541964,-0.4041826689654872,-0.8785430984076771,-0.21807884005295378,-0.5479342309650027,-0.5322648610810897,-0.6909994928677142,0.14416362543254754,-1.1033497486356245,0.8628022417081292,2.1455833242604756,-0.35499758840827567,-0.8050453116095094,-0.015411799663972223,-0.036533478811517535,-0.7309435550831272,-0.5647558018489284,0.8149172943791815,0.5757262011639649,0.26051839409623845,-0.21344410391673144,-0.7916748897941468,0.3976482200935102,-0.5954816406573588,0.39733757543375076,-0.9422299095440247,-0.3918496653942201,0.5094004275116775,-0.5195778285382382,-0.13264575980510113,-0.35158184147395133,-0.38130886564095046,-0.038199100798857695,1.431332354695864,0.13965148917150896,-0.5624694775153364,-1.0563377378779226,-0.4420875712547994,0.1285902671923013,-0.09626311839874618,0.27713383673715447,0.23792538496724167,-0.04934943566163877,-0.09432374087864931,-0.4882118923078641,0.059065750316898424,0.01994191067143936,-0.17917695593064212,-0.02182088614288133,1.0101769684075323,0.541879143995904,0.686912491696985,-0.5552876570282128,0.3915263797275801,0.8129139401686989,-0.2050251735639873,-1.008738953491589,0.43755957503077914,0.03102346114794582,0.19151337544326288
"""GSM1539356""",0.5872352602626135,-0.6502737280672042,1.2745258560920292,-0.9931102517715594,1.3368614810959045,0.27941187310012094,0.3271621829822293,-0.9688066599170021,1.0354212033786832,0.5870754071235611,-0.3462055826158161,0.713677595104529,-0.981982569519653,0.7826841361139851,-0.5009324098006995,-0.8759582595226351,-0.850824167621259,0.8466982639668122,-0.41498540770674636,-0.3008174765187157,1.6064885700724756,0.3671750396924841,-0.9066225870342492,-0.8543920841622978,-0.9275446214464076,-0.26267111563770057,-0.6361987270251586,0.6294780903696388,0.21781986488238975,-0.42906664225574453,-1.0291931869738982,-0.27656643199641917,0.7180552524623379,-0.7175954355562137,0.5770422390962713,-0.5551727663883971,0.6790445915946103,-1.1752822061627297,-1.0388387067531641,-0.22670036724305337,-0.4855480764252916,0.459094510445374,0.5260252201058367,-0.8057052816822378,-0.4769061373024725,0.6922760954673668,-1.07896244856578,-0.9448087297042601,0.0363617325837128,-0.725661872743605,-0.9309666414181497,0.28212853362685547,-0.5502374835824356,0.940503527395069,-0.4439442593281457,0.25180893024719464,0.6161873598957994,-0.11988929487076821,0.5401910794719785,-0.7631687998604673,-0.6983953160701503,0.4849928607676826,-0.4984662641588796,0.673456474284704,-0.7499521553414574,0.5667067052740719,0.08464243166473448,-0.5811558355437038,-0.1287078452717843,-0.8741857263015678,-0.4793071165401234,-0.7482299632505893,-0.5121209678712174,-0.12299930761797401,-2.070715290634685,-0.03171020030653454,0.2562369745263845,-0.19359524041658804,-0.5887406628010349,-1.3099303107136158,-0.5459612054740868,0.21512880899639295,-0.5412144479321068,0.16632381068795893,-0.27690411707294305,0.2355238498829291,-0.11788506589765022,-0.7245509079199844,-0.8526724935600016,0.11532565230368062,-0.47815419050242575,-1.3495341776693128,-0.6370625342877253,0.004355056112278759,-0.18151921523928977,0.4555928007230065,-0.6410006414495545,-0.01622263235887576,0.29925466215979013,-0.2849783199524021,0.42983311912797856,-0.4941687030055358,-0.5549545971837418,0.3394758502697486,-0.9376171191822539,-0.6493231566150824,-1.0535400752425574,0.12961435963452347,0.33809852611933655,-0.008845855351026688,0.6555754869122781,-1.1089114860503755,-0.7199126216894122,-0.5804497544829399,-0.8513571599833593,-0.04404829770727021,0.8078420829775433,-0.7771755288670716,-0.007900303865499341,0.08668665397077177,-0.1834850131988356,0.3410826166931185,-0.4373480350790125,-0.7954499563939851,-0.4256818442122452,-0.024108538348904956,0.022653363340641313,0.7887422299879112,-0.7938242273951778,0.4458833499306887,0.6122002534045656,0.031037914351187756,-1.0500186087051029,-0.5712019677730567,0.1542097494768581,0.09608287396427044
"""GSM1539357""",0.7171080644222467,-0.6542124990267649,-0.7786563119436815,-0.8836460795579035,0.7177921126864436,0.5291793828823559,0.33537623928906984,1.2294352941290496,1.1708670879738532,0.4157851156573576,0.2985417533216204,0.2723934985006135,-0.46026670683000365,0.34007528699711337,-0.6024391074685372,-0.6709961078206285,3.3481653447973456,0.39939057842497466,-0.44263992051532336,-0.3593926805692694,-0.22819818462128225,-0.06738106205932488,-0.7816474546817564,-0.8723991451284694,-0.7967466373144981,-0.34662682145980567,-0.17340065419900094,1.6793402598937366,1.8142558041145378,-1.119514557115956,-1.2006604852568972,-0.1632801943357134,2.1522985186909556,-0.39733142328953674,0.12445322072411465,3.4172775696232334,0.5764331465064252,-1.1090906125858613,-0.9281182764958591,-0.40800771858569834,2.594521796802825,0.3002876005412152,0.16138794235430795,-0.7539347627166901,-0.6194873936326228,0.26289469620157296,2.3576510024263087,-0.41475361054362236,-0.2667364383350254,-0.4281020116764465,1.0525523833082004,1.719766969592181,-0.9269997002767522,-1.385632679378239,-0.11604506405920449,0.42474562430119855,0.8419786585126328,-0.4145344804406752,-0.08235597869020438,-0.5064135544309565,-0.5790246342937427,0.21065395744198048,0.23266384071022997,0.16516952304879906,-0.27495174484862,1.8046408988039615,-0.06958563789798278,-0.23923144438409819,-0.39749612265686063,0.8252267147473549,-0.5890655018749954,-0.7672446605575896,-0.23831213498658987,-0.26962591877420433,-1.0833521117396403,-0.5166390158463428,0.27835865401812454,0.27481186074085434,-0.42142744978279223,-0.4583908679582281,0.1388351267741681,-0.17796162141269542,-0.36529695172902,1.3696819377087242,-0.0884088414845808,-0.7139529967359558,0.973277566863326,-1.148022611985564,-0.6901807947559525,-0.023601256282231666,-0.7558945812747385,-0.8826422953053995,-0.2776099725666056,-0.6099528105385695,1.483470505707345,1.8191113759450495,0.0934546958856624,1.111769502754831,1.9870572534339268,2.773754816133103,1.6476232097108774,-1.7173645191234927,-0.9076506919341394,1.3817877641439131,-0.3067418398150362,-0.8480358465775172,0.7286400222081176,1.3359413692483653,2.0293645077642988,0.8137295213005922,1.5752446559846005,-0.5808501258446646,-0.4598575467758863,-0.7268838600438906,-0.5200451765076523,1.270732517896518,1.8709223933329442,0.5560012181673054,-0.438300475461109,1.3823351916555726,-0.4120920052240327,1.5875122854770893,0.969036438934062,2.524053963593087,-0.2337984959239373,-0.527895288305288,0.2791196708282977,0.20646287667745436,-0.4196323329620392,-0.4707730806591996,-2.213045097580707,0.0866933454242451,-0.5061783353817104,2.3049987783689985,-0.1371368601332512,1.5148161133953093
"""GSM1539358""",-1.6330592249674563,-0.6098283510025677,-0.7362002584302384,-0.9747754644442373,0.3778123148901593,-1.8526823907457857,1.02086561877008,-1.0098070967086683,0.3439919305138287,0.9881862658736547,0.8962168087964323,0.7387302813080874,1.668928359571019,0.6815042515422478,1.9765190645715778,1.692290310260006,-0.16608685290125927,0.8132457708653378,1.9643430514323548,1.842901946610294,-0.19310994769911685,-1.1736471537290531,1.5242702653083227,2.136225047336286,1.9729223557670659,1.7991899130235183,1.2923809338614802,1.035318439915151,1.5470906289642654,1.6513682798852933,1.684447218264644,1.7807300404944273,1.2215805176368502,1.6629324909768595,-0.9551676980807603,-1.1643527638506446,0.7172351406571547,1.3531556476317297,1.5350000278794405,-1.0721496647231141,-1.2297691180153405,0.7456972281390597,-1.0588939366478516,-0.745167292574847,1.334358707058937,-1.0777999068476114,-0.6112160225967195,1.4759980154817867,1.699067084967354,1.7602309688514843,0.9103261578582243,0.9783976248658705,1.464103062415166,0.8977495295936331,1.6381696894620619,-1.0602646929575585,-0.9897832108388899,1.0976915393483158,-1.8277137453445316,1.3471596918032736,2.0635515598203833,-0.7056930131360103,2.08396307634353,-1.0580792040796192,1.949132718767608,0.5667067052740719,0.31090162383419734,2.2815503431004944,1.8682684486419077,1.0538222647219107,1.8462737397363704,1.726667490781733,2.10334454744306,1.6189282076647311,-0.23361174832015852,0.9670014740673181,-0.6896409915909831,0.6730204142764683,1.6646497637196254,0.5799556982459403,1.442096538612963,1.1881334540942292,2.150505794053216,1.068518631457502,1.7248278008059073,-0.659566199889175,1.9396187714678015,1.5380782160604538,1.8129685690420871,2.1461259453609887,2.206663177244199,0.9714486832794599,1.6027037645702376,0.5218610470228112,0.27169912663939777,1.2500545308660396,1.0359574920026717,0.5303284495444545,0.03571115338363007,-0.6628883225224755,1.065568943623165,1.5213781383307514,0.9734216109457643,0.8107045013884789,-1.0943041387283232,0.6956133694134412,-2.476300441363895,0.8561507967046749,0.9196905541906448,0.7360080980165464,1.0193637344735593,-0.8203957436084898,1.6644918831127298,2.036839284885929,-0.18365601898971667,1.3134244714363854,1.077365837944926,0.192891881705889,2.268362464925353,1.239938428055363,1.6377386464203503,0.41797703952138493,0.24072832370038008,-0.45278947508880324,1.7604439821597804,0.44073329773356484,1.9131380484733487,1.5684598772072713,1.6084761995023127,1.1891970298020391,-1.0377057979549744,0.5363782235807812,1.5692064323654746,-0.5196036306498363,1.2964631728746794,0.33460441786995926
"""GSM1539359""",-1.718729982206742,1.6413354390631354,1.2374244151490132,0.6586539236073198,0.6222380887926771,-0.5850505847707211,-0.2986827633546673,0.144578970909114,-0.8200378196852862,0.04018935653160887,-0.36243761327828733,-0.21918598627631677,-0.7477256685903869,-0.06831093126090661,-0.4081286447102519,-0.7300641954114613,0.04164998544105289,-0.2588260930129844,-0.6837415310962849,-0.17393139315057873,-0.9307288084979182,-1.513363692129,-0.6238755876641018,-0.7133344024476977,-0.4998952965123152,-0.15905262138817713,-0.8551990606665186,1.4314568037228896,1.1805985966395016,-0.02444054986950322,-0.18466802623039877,-0.2552880815460961,1.2232667670461956,-0.31625356593685217,-1.216820579030563,0.9282272282596667,0.04100704406442088,-0.5339200839209464,-0.4929827185033258,-1.2636457317473984,-0.7001881436535592,-0.3159989942481059,-1.4915546420400745,-0.727026295485977,-0.5098787726128194,-1.5012126038034257,-1.0849565346076862,-0.13556467714997386,-0.48720607866918675,-0.3524039141120011,0.9103261578582243,0.3670027042195224,-0.498372389383155,-1.4261476698332496,-0.2589679150197775,-1.334404767551692,-1.18219023753538,-0.44004808167271453,-0.09024944256925231,-0.0706984037706348,-0.8236003947069825,-1.0918143010770884,2.6244832973220458,0.9373251878119099,-0.4801671390000813,0.07220259727630322,-0.75162663933489,-0.3880925487279352,-0.06669087931796061,1.0291081655292786,-0.15258121449227963,-0.7583552220452353,-0.09089964130049655,0.02058933169517141,-0.7557693148496948,-0.33549274790641265,0.1948240041840026,0.9379478916333425,-0.008802056015093795,-0.7807372102189126,-0.6889019887948232,0.17087160039092414,-0.5423814354456227,1.1029209398245885,-0.09725724555829215,0.5375477283613661,0.506866696400943,-0.3758926518694171,-0.8604590174690708,-0.6051495307831997,-0.20063013684075234,-0.5671845015892547,-0.3766268999229131,0.8047883920702416,0.8379564881607879,1.0183872398738374,0.5970455431148392,1.0874698995849745,0.14024227603540612,-0.24507353426815295,1.0031633512111964,-0.021259942096161343,0.06357733713369353,-0.015620063612927362,-1.4758243127885895,0.3993787155749905,-0.11032492489278715,0.18394976059981533,0.6039777939978735,0.9090541720161595,1.133821792395295,-0.6940311887825907,-0.4193602902912962,-0.3189077982485019,1.1257840875472622,1.016111686288764,0.9843138765967013,0.8742481829116222,-0.45505026647764285,1.4336314069607703,0.13818157744232182,0.6816295999889824,0.20164604441756726,-0.8911152699235048,0.0967310245302828,0.6774971595313674,0.10829072095248078,-0.14706388120815517,-0.41525093688578185,0.9970373275551885,0.7206220481016062,0.7139444667824106,-0.18495346444376665,-1.082765400146074,-0.2435300313845366,-1.0580013855357058
"""GSM1539360""",-1.6650919023362392,-0.5701391692569289,1.2656911317799224,-1.0239273573226464,0.43931589683746125,-0.49964998521180354,-0.919113900594831,-1.1031999545251627,-0.6012246250169087,-0.5238260695046109,-0.9593850391305072,-0.4872868475641039,-0.6541955227081571,-0.18270960748451812,-0.5024030859751688,-0.6883593620215465,-0.7185076972170698,-0.3696674488009916,-0.6111471417828162,-0.7631661877854914,-1.00559787201508,-1.3609380372641056,-1.038654188269287,-0.4299998007985697,-0.6064133278082828,-0.4167255158282511,0.5840267734351978,-1.3789710942949427,-1.6052915865616129,-1.0518017642698565,-1.1173664095740612,-0.743160360324229,-1.256021456685389,-0.5947848819310267,-1.3364590406530454,0.2502782911520957,-0.30231012157507725,-1.0314448153234603,-0.9534668840015944,-1.234248494778953,-0.3332685520003683,-0.45311220051513085,-1.508080096540213,0.8496393910148434,-1.0057218781663986,-1.5121040347686843,-0.013388154341590254,-0.71925444507302,-0.8592003979653131,-0.545488248547771,-1.361578976030066,-1.1414872942053744,-1.034841911930801,0.380948516718066,-0.8465292936057195,-1.3099524972476506,-1.0986101561500106,-0.8601163952968612,0.7622157718155482,-0.912075316240165,-0.3210189242641815,-1.8184043078464256,0.46949316358649484,1.1202081105084285,-0.4971763269557393,-0.5579347996966121,-0.5313886184118207,-0.4936513847930588,-0.4395041797861292,-1.440476503687866,-0.3493766803901517,-0.3628310667192575,-0.12251795821677035,-0.6146405844738718,-0.5373100420430165,-0.589716007079625,-1.2464502886603581,-0.6195336405162494,-1.1404724501807137,0.34826974388886106,-0.7911217714007763,-0.4071555338695352,-0.5403076360198782,-1.0702928836535304,-0.9792376901874198,1.0942538945910976,-0.6946365756547456,-0.7260502565909365,-0.7255981197345346,-0.10671787629850502,-0.5278293461117416,-1.3373762762756531,-0.7034587333699509,1.2091121478294098,-0.2764593204213363,-1.409696269238165,-1.3388381279488792,-1.2813948401710882,-0.4921759668055233,-0.18536641675152507,-0.9803763698616329,-1.3589502608637036,-1.213890376173097,0.48324759032722653,1.0746238265256056,-0.9791329956287018,-1.5529564221776582,-1.061968923318065,-1.2867857333212485,-0.7277489627739719,-1.8370496680286121,1.251669696130915,-0.33036385951161323,-0.5432759577516387,0.9113722079944955,-0.52010016466232,-0.7601809283564688,-0.7876630071301284,0.08110420222653833,-0.8688904151254949,-0.6125183317727575,-2.298139214537764,-1.3593435929295379,-0.19347633243913015,-0.3713641759810138,1.0577225193716235,0.23728736912759524,-0.22919923495657812,-0.9337896887345362,0.7100272985097268,0.7499061209719411,-1.5644546105077715,-0.38902051694524237,-0.2707232412979504,-0.7205068096166505,-1.078819922900591
"""GSM1539361""",0.47669696494128394,1.6764947625089928,-0.8204928613242126,0.9622066590018132,-0.2304358594024665,-0.1005725024530432,-0.3614207577297814,-0.08393476478584726,-0.22787750537793017,0.4276070211763423,0.3978677795636733,0.1790838368648811,-0.30016497874062403,0.18656599059556433,-0.3002255668345085,-0.3901129634334532,-0.7914636964156144,0.34277881446341957,-0.4541655340358072,-0.022627876249317124,2.412147354345366,0.7533957649264182,-0.7843330972815165,0.07927908324358765,-0.258214187036099,0.06836568594301051,0.0005443981284294796,-0.1104185340605002,-1.0120531517581968,0.23897524990399405,0.20754538212004592,-0.19065099472059988,-1.0265978259937512,-0.13764961462833253,0.8821112948066495,-0.9778642566937426,0.386841403438666,-0.36910399585545933,-0.6294806308031947,0.21403839241397069,-1.048301332164172,0.1814192820746108,0.8580248131795055,-0.6150054217227048,0.3928440331687996,0.9738979810627915,-1.22382263073349,-0.454150603828272,-0.08488125460701663,-0.2876539371731564,-0.46852796485149406,-0.33407754686394825,-0.05398351224177635,0.7602833162359945,0.1141194723511377,0.9822462277173526,1.0673644697565505,-0.06201096701965214,0.8327093703754017,-0.5106011127883158,-0.24635835952263846,0.9523775768031588,1.0633550835130847,0.11009912650830685,-0.5998030896557501,0.12333622166989155,0.08139439929225066,-0.5132863368807181,0.11752286942179711,-0.6095052104302895,-0.43652023836286075,-0.496370229249197,-0.3334674933363036,0.40109636231909246,-0.005235849194873158,0.012838349393559715,-0.21414109677396168,-0.07433077762898858,-0.5069281987678771,-0.8157234302596467,-0.38816442520308636,-0.7511051128620173,-0.3609908098806428,-0.9440990058437448,-0.07770376647841426,-0.7642039480277054,0.18289340762293188,-0.4992616274128849,-0.550164826700137,0.27160357647746425,0.25760779530245564,-0.5249665344809046,-0.3840482619702922,-0.6350101082436845,-0.23761913382994132,-0.7045211588277008,-0.4740495594020694,-0.48453215440611525,-0.23440905512017943,-1.3805025583119879,-0.35787427614787026,-0.10240004454687719,-0.09873610337904358,-0.5278776054724676,-0.8851695197676063,-0.6602407345029522,-0.4804437762465793,-0.7754057585376617,-0.4466405009310775,-0.6187091934433749,-0.25223837255440096,-0.7667405968814901,-0.48027770508991346,-0.465744499512356,-0.26280281261673033,-0.3887860016304979,-0.16099178080548923,-1.2205307926028084,-0.15054862262350457,-0.8455781689652951,0.2615752751828975,-0.6754497042564895,-1.0635207535215316,-0.9052844229116036,0.1404712706801657,-0.4479475211918564,0.3079445658149623,-0.3541920084391787,-0.40243784748025363,-0.5026249794560953,0.0067725782747412476,0.1946031469507177,-0.7116086560083312,-1.1098917365209369,0.43129076606929645,-0.5708583338459209
"""GSM1539362""",0.20484177781311327,-0.6579506202061323,-0.8534146740748102,-0.9550932371845055,-1.6078651207402255,-1.2154616452539369,-0.908495443923634,1.4328527432345233,0.36069513445621626,-0.8437102071807654,-0.5822229265815593,-0.8715327681956636,1.871261075404963,-0.7993397331285558,1.9943683141546817,1.959212187939928,-0.22004640544187284,-0.9994288797571043,2.187783713986496,1.8742017598097012,-0.8426809684954584,1.4523545447591666,1.3519131176618897,1.9869492657742094,2.1395649283221463,1.8505445878844766,-0.48514036392499094,0.4031771760291388,0.5835617543954622,1.7433106448045785,1.6827659299053284,1.6780037418934293,0.7543237829581662,1.9094977993733369,1.580223698749223,1.1386676725615121,-0.82144284888641,1.470413590588144,1.4016406661699896,1.3894028223652024,0.3559685895292889,-0.6547014927307659,1.3436000169414108,1.273845697777313,1.5903514980403135,1.5057247230696489,0.38436940178804363,1.7125432820953743,1.9761728113243229,2.0105909506920683,1.121377663266748,0.09909214020864458,1.834017803751193,-0.9500805975829988,1.8764380991064105,1.3510307914433162,1.5473369742122158,1.0409865279026687,0.2557184990604561,2.191308793545033,1.9484401752995226,1.4816043992523225,-0.6173829773342148,0.1491704959121982,1.9533504463775129,0.469943583329596,-0.9048930802430353,1.9310141955815592,1.944715970676342,1.0538222647219107,1.8480526748522272,2.2284876745483264,1.6783799767093313,1.5066074045193185,1.031260286610812,1.1403164009797209,-0.6062863421519099,0.28387816731358,2.1308709941275596,0.7880105230683789,2.421799155039938,1.26794938773488,1.6916026648606683,0.6013892772833124,1.849713054594693,-0.5708936323786362,1.2164475537592068,1.93621488716219,2.0143771912082733,2.18418865809902,2.5725576831431267,1.6530520100693165,2.3130395726270856,1.6053985085350198,1.0103515506573713,0.41830480767129885,-0.0002281128786095832,0.3283606491865237,0.31300505254982586,1.5203396342274547,0.7400462520085984,0.4635857388277203,1.2900325332288773,0.13824366675496777,0.7823507263932155,0.9674703798282023,-1.1609270327648116,0.021072448665779103,-0.6647616864832876,0.5412530096051399,0.7535126517342878,0.8780354745038899,1.5807374680957273,2.30357988365055,0.8890235727426617,1.495435291811478,0.6287592682260635,0.5172836892051331,2.156921898423596,-0.551792407335507,1.789909834993511,1.1239504660909438,0.934721357107512,0.8202632629484168,1.4757289045568789,1.5505646705901164,1.8458240411458877,-0.46249755192183495,1.9587927070061517,-0.7328579008343303,-1.8518440349066805,1.645372952915928,1.2120195282011723,0.4272348015666771,1.5443126260456526,0.43349576028729897
"""GSM1539363""",0.39335013935299634,-0.5976051689409767,1.352869782385001,-1.037267006656801,0.3873164494419158,-1.6398277959628467,-0.29559523127508225,1.6303163419549562,0.249679990539361,-0.2899438755821108,-0.597539708828979,-0.45641483075570805,1.7861486101865771,-0.46537386387896806,1.9108585265355837,1.936952083071459,1.2206280137151453,-0.2926980261067848,1.9980157602365147,1.8296292271655612,2.4862092899767085,-0.9196147055854228,0.9935149528782571,2.2653979395242376,2.1014416736494086,1.756691964414212,-1.2440568255192757,0.3837933397927928,1.4739156433886837,1.7157721933856682,1.659618527732489,1.6066861606778113,-0.048934901782996414,1.6915789262437924,-0.9049760268247546,-0.4906778034094724,-0.3561378916931789,1.2371290076280037,1.1427557791637941,-0.7750230820298779,-0.8138160665204156,-0.8033935906875906,-0.7330817898310389,0.143754704684751,1.709187904349991,-0.8549297783370926,0.2836080272137835,1.901594411033085,1.652065888524938,1.9415614844333373,0.9738599041904205,1.5370512154183247,1.8127510365990327,-1.1794394870100466,1.9297603042526084,-0.8660414794030105,-0.9207200117172032,1.161590739418866,0.3294044715536488,1.8343934780662579,2.579422929805528,-1.1055323539507202,-0.3087007337020122,0.3266621499536013,1.9273225096518953,0.6674150831155315,-0.7176991948364483,2.2618271615808268,1.8931463831087156,0.9783058164455481,2.0556048863068934,1.8145352028863408,2.2582501448823633,1.5761720732713995,0.9563549829285871,1.196797525405391,0.4391543994055465,0.807313157607323,2.238469688405762,1.4858878008982437,2.316615979540752,1.411682571122346,2.3664900570305742,0.7576893831449758,2.250285143650099,3.264293283084081,1.6451136656805216,1.6040682735133402,1.9520955477945985,2.157678272806342,2.4308298010735117,1.6082926236714556,2.183090459477968,0.6445777926419486,1.0407092150140715,1.2323397088962558,1.1058043931218953,0.7631356318723846,0.4491883826314324,1.9240769318093067,1.1856750894751498,1.0802968658675651,1.012996872100628,1.2757933161381587,1.1088109979997176,0.7807800670175938,-0.18100085041540886,1.5304955949896462,0.7585816022140007,1.1822720410811416,0.9169515899736842,0.6286633534964602,1.429741570075324,2.434918614354804,-1.3548986463572141,0.7196545349314483,0.8959014336027022,1.8403488105342571,1.9686028315218331,1.224673791424929,1.6845193231912083,1.4196206927492285,1.6256868040774803,0.3412260924811264,1.7470442808447646,0.8581920225483425,1.7727332947280658,-0.0077251311052871086,2.1344317677972997,0.6110567260460327,-0.2938836710759064,1.7011727377642094,1.5979790929372144,-0.8066225631921996,1.5443126260456526,0.9765514705794403
"""GSM1539364""",-1.6480859843375437,-0.6125163055291594,1.4187954921483223,1.077435859471731,-0.793739213570515,0.06887082309634972,-0.8293602876851005,-1.020158514880748,-0.48264833052198225,-0.6983006376567259,0.08761191525107573,-0.5556432077561866,-0.5386047714047152,-0.49773190475226653,-0.94116393982415,-0.7822887998374651,-0.5562654872023769,-0.6641246357733922,-0.8022436839738581,-0.46579775417873054,-0.8255873808292911,0.8360501389822171,-0.7530916865280557,-0.9323312682741666,-0.9920212959410029,-0.4345716837035602,-0.3820957865881071,-1.422579182531757,-1.0470902910610556,-0.4064101482991956,-0.2706439227221929,-0.7124751189287278,-1.3609158846438656,-0.6730194582000696,0.7430285306928575,0.392178844436962,-0.550028196528809,-0.4602976121612324,-0.4652548292366008,0.2707733883760724,-0.5840003597330155,-0.6300702820931522,1.03019200139254,-0.695718486309243,0.1473007513656289,0.928680833774052,-0.414636587814976,-0.55394540423514,-0.4865628745056868,-0.7769097835917649,0.4547368625980017,-1.0456521758516075,-0.2783401781750815,0.5909681854661039,-0.5200002758429181,0.6597471637300397,0.9507843595823691,-0.5359395206553329,0.2757240281810228,-0.8314813557205611,-0.387135472981007,0.7150793031805647,-1.0760123409776785,0.9439324044320563,-0.795085080048841,-1.3792063773790786,-1.2912463554142959,-1.063992198596001,-0.6516551633610367,0.5485790284093507,-0.46047518773919316,-0.6424801180934332,-0.4782770444407942,-0.2167394845110333,0.6363320496720845,-0.22425816334431256,-0.6456844572088367,-1.1805665542595407,-0.6370354904926641,0.09601483481198307,-0.64593168006988,0.18532199797098664,-0.6892195906017282,-1.58742992671413,-0.3481591711013093,0.8786622921007238,0.8082011250226916,-0.36116355280648266,-0.6091918686561247,-0.248969267621095,-0.5917463111261917,-0.6546628125984744,-0.6623015759485418,0.8348521479382078,-1.0178738302940629,-1.4467263072799807,-1.0220725721156458,-1.0273037618638448,-1.197371267276407,-1.4389435497296816,-1.0472927761762965,-0.34817816722058686,-0.11829248808804566,-1.3515234496676938,0.614199195177245,0.3510646937602059,-2.1171818325906866,-0.9859388160054394,-1.2109145059547044,-1.7084233378658364,-0.7390052739461997,0.46259502956448556,-0.4349892893439926,-0.4793773102384884,-0.681447706319282,-1.6840645556836775,-1.2590558247557853,-0.9693883215691161,-0.11781100475327104,-1.1736133216001952,-0.3860497022752461,-1.6844948570420883,-1.2764320251898247,-0.5305869652704523,-0.14473494263389175,0.7168890114825046,0.41183868760159736,-0.5944816134812816,-1.0851973110305237,-0.6088766372457552,1.2678086134604858,0.5936864411934317,-0.8191231806980847,0.01102414373608185,-0.41514596376559704,-1.4158235009998643
"""GSM1539365""",0.42042572067268763,-0.6026747439909815,1.1923559540685182,-1.0558743362094942,0.6526510495182236,-2.039620646622309,-1.3979786663806,-0.9145780285121439,0.02855732688076918,-1.5805655103408718,-1.3410703208840722,-1.5750436118107312,1.566451697895327,-1.6118032046136173,2.020083755431904,1.4732337033161238,-0.8494430811790791,-1.5782673682807866,1.8316950902619815,1.634554230397463,0.21871654676615918,-0.8773258978284777,1.5227467559617793,1.6163845181443541,1.6574676187298396,1.573125519288285,-0.32972350904818043,-2.0156218802202903,-1.51082243314854,1.3307015682646122,1.0118574660058917,1.5452443411934067,-1.683029909694963,1.4782758609309714,-0.8794162312769433,-0.4166582581400517,-1.6625160421493914,1.6122096903365892,1.5563521975587982,-0.5617835965306713,-0.5418861015675306,-1.1626524280896386,-0.7927258872092433,-0.7322046702785221,0.8607413234434964,-1.006217358899357,0.05117794268164487,1.5494068026507983,1.4368625229725207,2.0419930639587625,-0.19884911478398154,-1.8405325675678936,1.2602119673747434,-0.09876259633160454,1.3685683015237318,-1.1841930602091222,-1.0801136030665457,1.677676050524876,-0.11418035996740719,1.3785217410002775,2.085255367480169,-0.9392669902677221,-1.0549652075849025,-0.021848348668926026,2.00681212736377,-2.8426317472164038,-0.926513388588541,2.1679562609106813,1.6284745531566358,-0.033720194898854035,1.7304810579094312,1.678394906363242,2.0565405477112604,1.3924012253653162,-1.7971038032943827,1.6313631345862563,-0.11701290162300416,-0.5876695971602416,1.8052167328139328,1.0450420708718409,1.3142428951395257,2.5695534709309165,2.2718392222639396,-2.2565931013277316,1.5596903287767905,2.4667958404960246,1.5375721804289126,1.3443847713668378,1.2558837985536226,2.1390434971652588,1.4608185431267162,0.8211924035234489,2.084598516319509,-0.6720581221586706,-1.6688287287918075,-1.8325295899173306,-1.8796379847035751,-1.1718538444208781,-2.2057618140035924,-1.6863798417502858,-3.0499270676654215,0.3828675582370214,1.0651339840605991,-1.5285984279911156,2.9109839608396872,1.2169044888859497,-0.02760549771827086,-1.5189696424957613,-1.4586416607730908,-2.2849620707727794,-1.2899904579825567,2.4402070448878863,1.7866708548940458,2.1655277022350607,-0.32910568202584395,-2.197156338339034,-2.1191246178886867,-1.7166900493697883,1.8765673610067872,-1.3563004487626666,1.3510444956921064,-1.4168776922507242,-2.308686017088272,-0.05319777843862188,1.856144270701471,-1.0053253568407343,2.0329434902006103,0.6828009264232513,1.5720738266103575,0.6234310775038749,-0.5169287162400871,0.8985015004598332,2.783675637954097,-0.282418469855684,1.531656350651503,-2.2991030878194185
"""GSM1539366""",0.32403879447820105,-0.6445686496477735,1.201893007167765,-0.9782365410365284,1.1525881697640687,-0.8532033486390257,-0.5738513227727251,-0.8664645535861042,0.813904895902867,-0.6780203173292944,-1.0697016567989694,-0.5685143800534717,1.514515409573373,-0.49457675321673394,1.7441715203294759,1.601229509580313,0.25738820405011215,-0.5110447875420717,1.6523544617240267,1.6508496763690255,0.5323481766312137,-0.9030590768647797,0.9782299058104827,1.4395972513911872,1.2807767066735234,1.5906279327129345,1.6815946707263127,-0.26877745064969594,0.8508948928579693,1.2360379190779724,1.2348099573006346,1.4019319325152162,0.3189508968556627,1.5663067903569519,-1.1739982817042043,0.4397246388662729,-0.2919695883619419,1.1049537763622685,0.9386396209191425,-0.8625081518333938,-0.40507263497262846,-0.6812957916015823,-1.0979037108432468,0.5909000577760751,0.9029313876335417,-1.058711056287012,0.6128458515159768,1.3094032873188137,1.416285232464671,1.9784661032183002,0.11690069707063178,0.5193468470353622,1.192334842467443,0.3802117630652786,1.542317620125618,-1.086417395428288,-1.3214211205084871,0.2630524289221834,0.2639775318605536,1.5317149021485854,1.861950549214244,-1.8604841599563255,-0.4366023155403552,-0.13741815555574177,2.0993246752705144,0.5745797770674547,-0.8578861174839004,1.7367674331744227,1.4051823823406913,0.27429264117676005,1.5122923893234137,1.1671266239469584,2.1822119193953307,0.985555314503502,0.4266717676056636,0.36525588627747163,0.04978791143870928,-0.341568652932332,1.510975238318573,1.5867672978447782,1.5045251928411043,1.0276069112501023,1.2118249696318062,0.423105961447697,1.849713054594693,2.8892119945067734,1.6292179520942678,1.5461564228969362,1.8343291013623455,2.1903941081902105,1.4802693988278561,1.120095647691427,2.2651216276443584,-1.2715758782458593,-0.23761913382994132,1.3507107030127763,0.762868465329304,0.2323305867501741,0.3976482200935102,-0.12717183082532782,0.7800886012917904,0.4234961027767582,0.6798514648979698,-0.42245370564226326,1.5648959467972048,1.8947459831011213,0.43331727061249786,0.6253082243801873,1.0750238268944994,0.2965376702048013,0.48892948189172436,1.183620191288745,1.035618006130834,2.102004893224886,-1.3240431212129966,0.5395342543572744,0.37342342167998865,0.7483145722082525,1.5158422714495412,0.9454374018660983,1.2046816398194713,-0.5237548727079494,0.9906780387165749,0.4851860563964282,1.4387012902704601,-1.2426486021626029,1.710440060511297,0.4218276409866492,1.155484209763681,-1.3678687904650864,-0.07781134027036263,0.4882851789794741,1.7343048151856273,0.13781304503773598,0.9403437843008978,0.8588725222714139
"""GSM1539367""",-1.6815117221616882,1.518409882466709,-0.7789129523725934,1.2058885427179011,-0.8134128296158838,-0.040431097562753614,-0.9377637242657371,0.0190318707961299,-2.4050290728858963,-1.032026148241565,-1.0448931098877665,-0.9142467791447977,-0.1850446814108045,-0.9941766262946182,-0.5490428630391928,-0.5517690399432205,-0.762793794984886,-0.9053183249237859,-0.4103784096223206,-0.14195433863419027,0.4370185152152005,-1.3794470849610252,-0.4463511874546759,-0.5747564802614414,-0.32279102597259496,0.03644009253938202,-1.0222579774738043,-0.7223103343162212,-0.5902727346214034,-0.30961821039895443,-0.766952009916191,-0.2999478483950763,-0.6041185418336344,-0.37125323279337086,-1.2567145485844111,-0.45091751939241986,-0.7526495010853163,-0.5957200410956627,-0.8127916148477371,-1.373396969754586,0.07551505315838382,-0.6420058788348442,-1.2315855037549115,-0.6265228597119167,-0.780264914046643,-1.3912269136101214,-0.0291831077087158,-0.8218126752135009,-0.22595496531769066,-0.5131975875798908,-2.248357897161102,-0.5785199274040846,-0.4163788570396605,-0.9666295853973936,-0.34453916500426773,-1.4996602128464354,-1.435414856048845,-0.17237212545024555,-1.0336500513523328,-0.3158739902113476,-0.31429448130118176,-1.3683084058290402,0.6361271148284172,0.46203137716857356,-0.2299094919058069,0.08729903242944309,-1.087083976688763,-0.5591172171523708,-0.16389296831082312,-2.1378434709079004,-0.06405042769073009,-0.6415162022275607,-0.40843432957938575,0.016825618751003732,-0.8569485634507408,-0.1913752459988228,-2.196820721256832,-0.15004736899157203,-0.4937513176386068,-0.9058344879973473,-0.17226413415391498,1.2501270988469297,-0.5221558844201424,-0.34160491960391903,0.5032663988859307,-0.6981378185362892,-1.3811964160569694,-0.527553809710621,-0.8633283337592325,-0.27374163310109234,0.01045975010844533,-1.0723479811445478,-0.5636721098835491,-1.359858803699131,0.37322520280282856,-0.44164019179486186,-0.8917095391120354,-0.3909767797831877,0.17368487937987542,-0.6560411092246292,-0.14588075578236256,-0.09784568063259444,-0.6414777894497599,-0.4357522152006988,1.0562829728315692,-0.9748493245220885,-0.11032492489278715,-0.5617188393291624,-1.2585355269361305,-0.45952828825589337,-0.4748334756801786,0.8990371181752507,-0.26165397706269894,-0.6352815723486906,1.5784392533102902,-0.2774466109708482,-0.5300902047394374,-1.1062974750441261,-0.26970896046985693,-0.26110752828723804,0.05495985955729823,-0.5342788102271038,-0.5559899308702304,-0.13379160087209552,-0.2190011477032069,-1.0366265749301649,-0.08050069000865694,-0.6528110359816476,-0.6746627738921557,0.4815353531370152,0.23251405518732704,0.5011291476267807,-0.6565955646441971,-0.4949472277402041,0.160420861029322,-0.3276992698151943
"""GSM1539368""",0.7292302363844004,-0.6114427335362671,1.2524985524277346,-0.8719168960352335,-1.5910139082221102,0.24705823234347526,0.19864554676296156,0.008937109041983266,0.769417753936136,0.39002816235366905,-0.6567918598198613,0.44214883861369053,0.08442313632663917,0.535476430583376,-0.32858526224921003,0.009425290536667725,-0.27477132282340155,0.5658890376623452,-0.3894507233933803,-0.3769441898078083,1.823097799033255,-1.1945258354631048,0.2662138601592166,-0.07342220660934219,-0.26611194750743355,-0.2589781185856455,0.22183359737839733,-0.9385723655765442,0.24553060026018775,-0.7588022997163644,-0.5269636172106585,-0.27935376022492103,-0.020238525740343804,-0.23690998361680052,-1.2838075034039333,-1.1183911772222215,0.5137783432648513,0.25091557335357084,-0.0807234223489511,-1.0796388973984472,0.38131161102581246,0.18989924833293137,-1.315126720847949,1.9784713320169878,-0.21930064425549503,-1.2938798250852952,0.42706592392583814,-0.5735320330266239,-0.46342212051106674,-0.2036735308513413,0.1612618677320244,0.12379799321757091,0.11537078858153633,-0.07257456856225898,-0.20817042484810305,-0.569472908279562,-1.0148617241281672,0.24862854630698414,-0.5847869171030451,-0.6202982035982497,-0.18262442886678515,-0.8748709564935713,0.46150567532819353,1.153821641083431,-0.22733957236317517,-0.16001752716001508,-0.06155277358169802,-0.08103712255183822,-0.3271379402532954,0.060615981418963086,-0.16019126431577682,-0.5379873141365646,-0.2601426028932239,-0.3037033143777652,1.2314896331953835,0.5592459258163581,0.39491578988806264,-0.3318582323160741,-0.78516597824064,0.30633133636847687,-0.13447859678115287,0.4744888776899236,-0.3909484070975869,-0.4054586908959006,-0.4432341438785703,0.8126240289799138,0.2293946045780541,0.041846978676463364,-0.6739029590880623,-0.17578968040335594,-0.4072991183217489,-0.23503376305541182,-0.3339528173744413,1.2450277722770147,-0.5089615189609384,-0.5187539473666153,-0.5271064387684893,-0.5619921060438536,-0.6706544034388598,0.8139875545524502,0.5416055039402343,0.40259624655429327,0.3810671488615515,1.0350814423566634,-0.15339956734191473,-0.4851357818162152,0.2353378212729255,0.19318368072264153,-0.5621033175996958,-0.267595338743703,-0.17715796600393435,-0.15668878783534276,-0.2676406441552379,-0.2987392798951818,0.10903286501443049,-0.6299389951596195,-0.21535028827778374,1.1034470687741467,-0.311166405649314,-0.38301933106988967,-0.418631639882947,-0.12446122215709278,-0.08200691382561334,0.5131589401368356,-0.19617181695727293,1.2891375120701483,-0.24242386736225094,0.12489953520784501,0.20312396910034702,-0.8414832429512202,-2.1423520861921497,-0.3130876585101444,0.09823852889584242,-0.8546712108743711,0.12347596476816414,-0.04374974842055918
"""GSM1539369""",0.6253264875217839,-0.6453980035168362,1.2875661955292972,-0.921379681317903,0.8673924482990495,1.2492124367822433,-0.24909087812869207,0.020978460093491542,1.0862561486395501,-0.2645304330997889,-0.22367994525613188,-0.31884168688339337,-0.9375330878252849,-0.3686066678274507,-0.9900476214659355,-1.0845141239254268,-0.30219993491293157,-0.44696195809028766,-0.5247123023687001,-0.6216506303607681,-0.18607939511731952,-0.9967141292756919,-1.1111708441888386,-0.6239096591619351,-1.2229534894259104,-0.6366835857551532,-0.9839349660560657,0.235156243473657,-0.44264711069119617,-0.9138754586696719,-0.8116896177370967,-1.0182571311890203,0.5013070730365632,-0.9018311661639294,-0.997998676396094,0.8327451995577941,-0.38701395766044766,-1.044572910933613,-1.149685951558169,-1.0063303240191128,-0.4846217758803405,-0.6015687145951403,-1.1802154508084393,1.289460140841194,-0.051961023468194395,-0.9841205086250928,-0.5884505729684588,-1.123494576256241,-0.930781443107524,-0.7696391163130981,0.6771225198098741,0.024469603079667338,-1.0705005684556357,1.0678152263127048,-0.6261206896638166,-0.8313649799081972,-1.147306971389683,-1.1727829015945064,-2.6178898688603955,-0.7153475095641852,-0.7447934925674873,-1.2105386946033194,0.8230150219688821,0.8843966075919505,-0.70354763616118,0.443897686478811,-0.6009930193677289,-0.6252051222980597,-0.9810633161891679,0.5781667017536695,-0.5450164424699042,-0.5796632995657163,-0.9334707740067273,-0.9813688882835215,-0.015867549401102358,-0.6284307955721035,0.7685737932423594,0.5667288275304152,-0.600794193103452,0.26073020256427365,-0.7449414249902911,-0.9937722256833059,-0.8940572057076646,0.19975715214705322,-0.4902145969038392,0.356907908703369,0.4785920005218271,-1.3097975729859164,-0.9578998133181007,-0.8618990000271156,-1.0454975335059258,-1.5295341742796458,-0.43381554798604316,-0.29263183848953866,0.5317081252220472,-0.22904872706914653,-0.48282432729148717,0.8536792673325487,0.05873781970575622,0.36426982793829965,0.4986711676992857,-0.20859476067689295,-0.864687174941071,-0.11341949192935467,-1.2528699358327784,-1.42766073604296,-0.3537097275388364,0.03753973081856625,-0.27660476673604645,0.09366142263588094,0.2711555169657852,-1.0914499612877455,-1.5094981227578126,-0.5695934153910832,-0.16931852254428148,-0.4127548764534431,-0.13280962431045895,-0.07913319759981628,0.18698023096754415,-0.5950824635111794,-0.6450671423140287,-0.5072589592388655,-0.07093697833622412,-0.7958340491168668,-0.6555867888125161,0.17050317263070025,-0.07725201705602938,-0.6935946568157574,-0.19609868703467967,0.7075982773178185,-0.12658677783758931,0.5223191787507443,-1.114296515097275,0.10892854244620967,-0.6079734432686528,-0.06765980321444601
"""GSM1539370""",-1.6571202174471455,1.5441410988286552,1.1224799090213748,0.8789083027612354,-0.42431786288741036,0.36720553829974495,0.7208131195485623,2.013263086773386,-0.2594757643446217,1.039607080023023,-0.5221223028565575,0.9809919076829376,0.45319501746491525,1.000532840898668,0.3066308576271536,0.5967929946035458,0.9085851738986461,0.9450450013013872,-0.016130323786950704,0.388455549914109,-0.8187655175033691,0.45062571880596364,0.7722525921235625,0.44852479941082984,-0.18351306891625363,0.39537297127987187,0.33563758468138577,1.1311845493329646,0.4942840927530835,0.15400949212792558,0.2107620369396678,0.2745012534960821,-0.2655761122369027,0.5959035495245857,0.41068080533265267,1.7400799910955242,0.8546696373689616,0.5942824398298144,0.4793564263306477,0.20323517834324323,0.7747004398655704,1.3670837006010883,0.4875479406952169,-0.8228702436526505,0.19327996381204074,0.5246988102757872,1.469965487142189,0.2481727647099002,0.2587896909361044,0.3603213517011327,0.5871249907922037,0.6557281595563894,0.5560863154410406,0.12526975375058227,0.33627882019029665,0.5189215155655226,0.43709806468744783,0.6066602439534641,1.0878900937946783,0.3023301860862502,-0.011492234015764831,0.4973663434904854,1.0279813178059376,-2.786897375270572,0.33208818524762984,-0.8076064453460015,0.4619942271706169,0.12417470826866742,0.21414086883501332,0.6558114948034104,0.0637586679850374,-0.06572843815048326,0.1782471673683483,0.3853555959757802,-1.8975352947763497,0.7156737783473778,-1.9706184596157772,0.07945867771178614,0.09999862097638117,0.8619685843254627,0.4321242610238736,-0.009276867332857713,0.32763019535465615,-0.285786420560266,-0.4104722912355253,0.6922117941485125,0.9389401745822035,0.37060340116614526,0.11511933372870696,0.11485032827970879,-0.42054028074139055,0.18371777467674216,-0.1977023656185998,0.5747940215669524,-0.5771115870251705,0.5761400161491316,0.07936520186045007,-0.030489803069564017,0.27806163962188013,0.07840588667925201,1.118052421971548,0.28120813025278585,0.27923526679146304,-0.02592965025274196,1.8536743517604466,1.1011516315070256,0.5798525093809396,0.6125647997854533,0.6047669227333731,-0.00031131425049622753,0.5313895166852096,1.9545996690520606,0.721883656195419,-0.3873841041320737,-1.5638518660059386,-0.25012175591929714,-0.3434761934852608,0.1213792072355802,0.18485744498936527,0.3543295412033616,0.2796205116619936,0.5588391206796713,0.2592763379148131,0.8062093768454759,0.5436264089025374,0.47774748476154827,0.3483255165009423,0.2723983224574655,0.4241279807622853,-1.2196238550514098,-0.4537719965823949,0.4634957980369825,0.7732655511377732,0.09065984806942286,0.423907284733387,0.5511147844431367
"""GSM1539371""",0.7998213392745798,-0.6241939441653,1.2217501448104995,-0.8485875160984733,-0.5962452800882605,0.17946269595982642,-0.7666546555273519,0.11550552342464439,1.1521941156864335,-0.8020934080983766,0.9814685374764377,-0.7416706201377274,-1.0162947810568177,-0.8860151114159154,-0.9913039836521496,-0.9502340650375631,-1.041252791525477,-0.6110412192047037,-0.9882018399678062,-0.761766961677475,1.408519461818641,-1.325281693969565,-0.8012130739891766,-0.9548595117194345,-0.9393331579106989,-0.9872233623732317,-0.3944523505627038,-0.35766653670961635,-1.1349808300995625,-0.9467308116465636,-0.8532180103275392,-1.1026600211085287,-0.73467208854497,-0.9160763551350297,-1.2563595376669066,0.3094055984370847,-0.6651690841458712,-0.7804994740902336,-0.8108616031825776,-0.9851317991408568,-0.7643471390142456,-0.9486728601670594,-1.2357791144478505,1.8074788902946566,-0.46263057890533654,-1.330005393645814,-0.32476707901726287,-0.65819311634802,-1.2516538001132784,-0.8637356308961439,-1.33405308030957,-0.9736024926987905,-0.9197301385589252,0.3327907568065927,-0.8324627577336936,-1.2454232517705965,-1.244425699751637,-1.0905366407124344,1.0405723353880536,-0.8989224576618854,-0.7445662516665599,-1.3272170211176073,0.5260371849928415,-2.743136635664847,-0.6128518851600824,-0.3885726972484321,-0.6300579866853596,-0.5991357532782885,-0.813761129084779,-1.3434579614107471,-0.6511886575981288,-0.7081020800461146,-0.773573480225046,-0.9457981811736531,0.4482408786388472,-1.0504403048868984,1.5178541317345076,-0.16920127989686948,-0.8962836420144757,0.012847709852037011,-0.8951873922678976,-0.37567826763576645,-0.845039361329545,-0.13240975144817652,-1.4401912634672567,0.7259623616519151,0.7318978617523957,-1.0122045039871688,-0.8333441637962989,-0.8356165023567338,-1.0496127861453057,-0.9194792320824783,-0.6225313459477266,-1.1913250992603976,0.12747451615123515,-0.4768003795038843,-0.4149382007707322,-0.35574211915703563,-0.6029205771795229,-0.41083070319964127,-0.9393614962120318,-0.6547548850100918,-0.9161620910183398,0.3627781590419219,0.059275406536181775,0.8574226140422794,-0.4139213175571069,-0.8518267013862133,-0.678821282563733,-0.07707735993308362,-1.0099589375236744,0.713235449732824,-0.9099381293668491,-0.5622166683409836,0.8525392216870189,-0.7703500971105484,-0.3291020680129923,-0.3481724270038121,-0.45775403437447904,-0.7764402949596646,-0.8048152298153834,-0.7803438231866086,-0.8301817950715842,-0.9034687766527646,-0.6282013182950215,-1.2200348659830984,-0.30087221714715184,0.06000114838777308,-0.7967870901473374,0.22353288607291652,-0.6286566916681836,-0.11840943644726741,-1.0029687136946304,-0.8795910301080156,-0.9304873433828271,-1.0987278805155356
"""GSM1539372""",0.6429731236367789,1.7037004745692235,-0.773255939196954,1.6052821454297999,-0.5538049496149288,1.066411011686953,-0.6685048602300282,-0.7102640746436314,-2.4942769304086863,-0.491331102379688,1.4060488920580447,-0.5462987593248532,-1.3922986790154854,-0.4090402001997932,-0.9393437557845049,-1.2381936560582412,0.013319920160607329,-0.5298234750680922,-0.7975424874764986,-1.407962851011155,-0.46277537257803847,0.14316622847088697,-1.1765404936910628,-0.9354043355051906,-0.7463582766601786,-1.2786702338090896,0.12114534875326294,0.3226709334601567,0.8975366533468268,-1.5399607083588502,-1.0425463172110592,-1.4064165186495785,0.5907823087315819,-1.3180335786800257,0.28708268521081465,0.5944545597607788,-0.717919848008061,-1.2976751586973037,-1.3545260044697927,-0.05789359215968041,0.017875819919553372,-0.5951040036835792,0.3881841481326677,-0.7477073708164722,-1.2614250092703043,0.2992189983146904,-0.28617877518596846,-1.1063239870760162,-1.3815922675311314,-1.057956988901893,0.596289975761931,0.38333601302361614,-1.2374370143123727,-1.2683611320843595,-1.308886377919899,0.16634685767316226,0.3854075263555021,-1.3893468507427997,-0.22715107772064852,-1.2215122901402675,-0.6662182151044388,0.6042082403549511,0.7506235783819591,-0.16750189375001298,-1.2168745044972082,0.6470919296095705,-0.7628028393816662,-0.9572372366053298,-1.5091906374411395,0.5992886680853957,-1.2629589278347242,-0.9277841773775675,-1.1157720289709685,-1.08221807844212,-0.46171790434979615,-1.2412769808362154,0.46636866849059844,0.5602084935575828,-1.072323817031618,-1.2869349290984569,-1.2892129543320496,-1.1430739859226755,-1.0437044366480126,0.9587997666580729,-1.1209495632567834,-0.6588861097084356,-0.8471613626955805,-1.108601993773077,-0.7933043797340514,-0.975423631864594,-1.1535581674742228,-1.0048707815082538,-0.5484444043104747,-0.8111642804996898,0.5361527080934727,0.971617130316643,1.1681731287434434,0.6915040371664091,0.7286287088411252,1.9989804151832817,0.9277967922150723,-1.1096253261018973,-1.2116376810580982,0.10358793299949601,-1.417549660622682,-0.5410016040296047,0.3816655022507102,0.01739482000409361,0.9673476137964239,0.5492786149634836,0.44881267156601456,-1.0079672858665365,-1.0271312097749203,-0.5021185472020445,0.10184005628870482,0.9116447731703223,1.3164237263351062,0.7076145531448831,-1.3029901980963612,0.8703052752776151,-1.4478563089380976,0.6509018131168243,0.9775532946821159,-0.46483747212656684,-1.548402554508529,-0.6277704309496134,-1.667890434777366,-1.2920980772826527,-1.3523063404421425,0.27617831441308355,-0.19910982741308464,-1.5356057421437053,-1.2274126129945042,0.2631739014554449,-1.4204948743467944,1.1015595356785575
"""GSM1539373""",0.6716449723508071,-0.6421184235576853,1.1185216805582066,1.4921766153362526,-1.3636649906093166,1.5864069377182062,-0.9359582168017552,0.5114075994600908,0.8349723239123872,-1.3310020826706925,0.3456933254412178,-1.4108963684671147,-1.2404865837092307,-1.5048185891363537,-0.9714419512497808,-1.0794357875193694,0.7319953148887723,-1.4723303109411072,-0.8824925172736365,-1.242808108358662,-0.3670701093242691,0.5958528573589901,-1.1518847131654713,-0.6380642571134149,-0.9543435097927278,-1.3189921519643488,-1.2974846835741876,-1.6709738374445688,-0.1284382587581904,-0.8593991344784292,-0.7585005552281034,-1.060653219538779,0.0726953469118319,-1.2516961702269775,0.6070726387101371,-0.7364619785340195,-1.4210468309171895,-0.9059383681130793,-1.1428901722825178,0.29977648346648633,0.40079069622343905,-1.1109917828578668,0.5223794642448754,1.506617797561491,0.12555919459668904,0.4585325628567297,-0.08304593604098945,-0.42836899545110696,-1.0185348574691397,-0.9344814607294019,0.5612183318545886,0.5636637948870324,-0.7969857590599957,-1.3193529739238317,-0.9362392122834021,0.5073620297641628,0.3448345555712219,-1.4083839723635547,-0.3530488666223038,-0.16475375039511161,-0.7276582047978818,0.5711655761190874,0.1013291753767407,0.17755141930466822,-0.6429877444582974,0.6206738503332595,-0.5517541870457693,-0.5489730536464337,-1.0435754045627599,0.5201041789315634,-1.165499420509808,-0.7520368742527599,-0.8620147458597717,-1.4048754404133315,-0.6226421745332135,-1.2183097207280995,0.8906435029198535,0.8222561322192987,-0.6278077924414651,0.1461653519536715,-0.8016237113849657,-1.1958392658660093,-0.7760978966840473,0.4245847152605775,-0.9076937967221284,0.7810342951728294,0.30930836433789693,-0.8423100304584519,-0.30738039252697363,-0.42340547545671336,-1.259301425816258,-0.7165565143210948,-0.588248505451234,0.689589805662187,1.2481325316294545,-0.1299263624375455,0.12805588645528043,1.036459699784925,-0.07272909628948297,0.9069784283749387,-0.05551371696105627,-0.5263072988922006,-0.7753774948966142,0.37987343197658446,0.06881054088991159,-1.055317424959786,0.708945506259674,0.5589764602984669,0.049513840483337596,0.7065623835121864,0.6312406205619147,0.4866439965998659,-1.2407550371736702,-0.8674484943180494,-0.657847407161011,0.30353058535800315,0.4567666292902565,0.39993453623714464,-0.3152133032328492,0.3939725683749319,-1.1299037991095182,0.4032750611015265,0.320471546428718,-0.04047696411176346,-0.9940594888563014,0.7472960387984575,-0.1015732069847073,-0.5471440389080059,-0.040709649991680766,0.17543741724381648,0.43936604440746496,0.7833092706297737,-1.21013837693925,1.1923459111862431,-1.1320009725404216,0.1688224464726814
"""GSM1539374""",0.5336425024328384,-0.6641615867208486,-0.8479652662015614,-0.9166401077541818,-1.6619882555126595,1.0111709305775445,-1.2827603404781436,-0.6427872791415433,0.4282279337445612,-1.8404663168861346,0.03863950128499037,-1.7699668364919408,-0.5146342119594102,-2.024140954164161,-0.7129706356288492,-0.5987429721518263,0.4992539757471129,-1.7260705484463252,-0.5453304634414295,-0.6626507200439508,0.4457815355630761,0.5918449072447316,-0.591780295119022,-0.7335227246081583,-0.6483887737413617,-0.655424062334532,-0.29603925040188,0.840315294025415,0.9443561080125434,-0.10154926082392184,-0.20345354609274632,-0.4067934401832353,0.6628974402205293,-0.4847153007974338,0.33234029108673646,-0.6331415225521176,-1.7310764082957608,-0.13656301983991131,-0.09398301983259043,0.4237350279262984,1.6635524140146423,-1.2402454271259253,0.5788990727948444,1.0894182119516589,-0.14348005195717572,0.49622870814493736,1.442773604567076,-0.07183939296862564,-0.5428630663849469,0.08121785526473957,0.2559777243831746,0.750699661699015,-0.28628016774751736,-1.0401412591915944,-0.6034999303934087,0.5189215155655226,0.3225004126588442,-0.22408972939206936,0.4447826463769951,-0.21742117924981355,-0.7523949704059173,0.4413384687575136,0.1575628695870434,0.9569519807954909,0.1725679228579623,0.8742282217246853,-1.0148686795401272,-0.4590016061693606,-0.2878548998598705,0.11806379275675596,-0.5335831290385139,-0.7670296192598645,-0.5031429746374884,-0.5064615777357037,-0.250524250009245,-0.018077759154245414,0.5483051191529463,0.6828923793672855,-0.43090273656652517,0.5687580299551234,-0.3894088227106794,-0.02992786714392177,-0.7269778631455281,1.318434504157235,-0.06550593979341711,-0.5968467547330256,-0.7429944183389088,-0.20649687063625666,-0.25571214326267583,-0.6731466122045926,-0.821954497858056,0.04878893431783014,-0.38123047420315437,0.08952219192969192,0.8191289123520745,0.967774614517302,1.5883446748102927,0.8694554458631636,0.9920476026580938,0.7272533376018894,0.94972619995125,0.35011752364876064,0.241121904119463,0.35828894237311,1.1646612202754874,-0.44425950263755204,1.314719744577913,0.9610069328641739,1.2161933904990798,0.8354176119574179,1.2662804819600937,1.1565029061936434,-0.29335324646834116,-0.49622256288141775,1.464644860039826,0.9086943781643482,0.7051471541041752,0.9306956299282281,-0.5993649188033536,0.9306111172931569,-0.24995286165766137,1.6770582037445891,1.1518971471281978,1.32066086345625,-0.25067903289818766,0.01882851866592666,-0.2842195789883523,-0.12442400680448111,0.20904911225005507,0.02936622369386041,-1.7764991484931927,0.6555844080459763,0.23667331618953005,2.1492666058743923,-0.14586194399067728,1.5148161133953093
"""GSM1539375""",-1.6833057754452594,-0.5590737535494738,1.1624379356970518,-0.8207900115758165,-1.5346957049748082,1.449951637121134,1.85128669870633,2.274053378235927,0.8764508606885391,1.4673201745867386,1.8680079348707779,1.527875917539529,-0.555880662810664,1.3590680614259552,-1.1338992748725638,-0.28713542335783104,0.896238767088561,1.501504788210902,-0.5846556911486911,-1.1033106050710006,-0.7872008372789078,-1.0694884618937472,-0.8039463241320395,-1.136698233245567,-0.4113194911231931,-1.0860383732559227,-0.4653490805015975,0.7327788087588518,1.3176132969713787,-0.457882175508609,-0.07271321804680905,-0.19719685899246817,1.8400850921841436,-0.4584649695699932,-0.9350603327601956,-0.8666895767916841,1.474245682271322,-0.3364374435683098,-0.5353654177617644,-0.5283597984440662,0.23799745842991774,1.6180682660703067,-0.8758866638470889,2.451480299176621,0.4062621406456314,-1.2003350355796905,-0.38019562056232215,0.5112365208654438,-0.1284696368229345,-0.6074067588640477,-0.2189569665860511,1.607959185190973,-0.04601794949135926,-1.1394843344086196,-0.42320882290855827,-1.0229289637348375,-1.0890688148473213,-0.7048351686719944,-2.210253629039777,-0.10482822110439946,-0.632937898491524,-0.9328227611176688,0.10481923835720632,0.4799328905967289,-0.26223976973578744,1.6969414517502888,1.8873059930724174,-0.3366377786360007,-0.17438177447137396,-0.2037130877615887,-0.9171540911140171,-0.46711744108543973,-0.4485183440696053,-1.0779005656506477,0.21078183514503263,-0.9023787387779786,0.4391543994055465,0.7689383813066635,0.17470034529267808,0.326350218559653,0.2018457465014286,-0.20123250076579305,-0.5138740536816161,1.1330421416078285,-0.13651999098627318,1.3079067967662887,-1.5240774917928785,-0.051288800880927236,-0.31536309902881765,-0.10214938171038217,-0.2634957518619019,0.1423941720746219,0.03383331990608819,-1.3256727300453786,1.137831160264177,1.4450713826690655,0.6685194849737954,0.7255625189797881,2.3183883807223604,3.0408438034262306,1.5578654283998585,0.4828314564245595,0.5721862394366167,2.8677989454047474,-1.051634352622494,-1.739717314790957,-0.5763841087338984,2.07285899545163,1.2150230459375928,1.5950315188768014,1.6375141492242853,-0.8714366465875804,-0.8010967231575404,-0.6326205623973925,-0.04172305148932994,1.2147863459703254,1.214689845314928,1.8668886043492174,-0.16253880622616781,1.7270574632784246,-0.21225134598270087,1.7310983060379417,1.8660193472926392,-0.140863306525939,-0.7797579000987338,-1.3766161994058628,0.01914414565595966,1.3580995225055563,0.5239875673557617,0.012026508807225895,-0.1963964065737226,0.8869323454448462,-0.7095429948719773,0.48518152749350035,-0.17077781163370778,1.4419078649171126
"""GSM1539376""",0.45584134689351863,-0.6289230280756151,-0.8989294971821877,-0.9858928256372569,1.0661890210803298,1.7335877165885656,0.1708727933468846,-0.8510927279798249,1.16348743005749,0.16286816809252963,-0.3295449482569617,0.18527468486212034,-0.5088414134149973,0.2049284125936259,-0.8472502564942308,-0.48520269636313107,1.1615982767917108,0.001565822654060764,-0.4102012750851903,-0.6346406834391776,1.7216275147028737,0.5311635965113859,-0.2876085246167397,-1.686219660477763,-0.8167745358204751,-0.721771665218182,-0.26001504864698105,0.8814518379860097,0.4005140161325426,-0.4912278793387186,-0.446187711610489,-0.6905324398169137,0.43280720736219275,-0.47167968637353713,0.26486922773751204,-0.633022827922384,0.18076611142496243,-0.30567661195658363,-0.5399023043750846,0.35270623148372243,1.6124189594399427,-0.25941502919796594,0.5855597592644285,0.08284109206901925,-0.03645006347403447,0.43235239559273075,1.9360619481274146,-0.0003591387462280045,-0.5992129379951305,-0.24614156022182007,0.33030860926186006,-0.31561066795881254,-0.498372389383155,0.43929879631000723,-0.650323821653604,0.4312715853352903,0.4653435061552884,-0.410640139338305,0.44086934349787077,-0.08773283758688803,-0.5378891239134841,0.3458840199869931,-0.009203483004675139,1.0523285272753888,-0.3068287080897289,0.4403469498904301,-0.7440631511606197,-0.6597258820095899,-0.18956590111399765,0.30868726535448165,-0.4917812323076992,-0.6746935301794849,-0.3096272430105648,-0.9152315381751576,-0.13062778543321793,-0.6363676697233024,-0.1456442565545745,1.0081034581161503,-0.15942396866707995,0.07904399533730667,-0.09227389167448989,0.37203628625127855,-0.7916126006582626,0.5717120947545944,-0.37052493244265,-0.49248419810871125,0.14615038970967,-0.7100810159075012,-0.7694380280968536,-0.2765575917265811,-0.7545465983908929,-0.24381089386412416,-0.5425295546050223,-1.238710075248961,1.0574487323815898,0.16910003576571145,1.0868787010416585,0.9510402647357329,1.1455484711524828,1.2830397618310199,0.8139687879762376,-0.7131179318534263,-0.5557521012334425,0.4416328636732675,-0.44987052820890755,0.38176754559841314,0.8060838475113001,-0.44382778206811807,0.6420457827073425,0.9005772744390595,0.44422664410527346,-0.8963918527826856,-0.4694414458465368,-0.5765200621928989,-0.9374622849026358,0.9673804996255965,0.9331436684342507,0.27461811390160884,-0.40631243395863165,0.3422884043069258,-0.7924466415690637,0.2219299275545608,0.8763162084107355,1.2986126811580008,-0.3053926680806689,-1.485590160531225,0.07666800902621894,-0.58280226314322,-0.5170879416400274,0.1205242115938893,-2.135250215828604,0.5618593294012745,-0.3563854886098346,1.6130512837990592,-0.5747698916541218,1.4465817772312832
"""GSM1539377""",0.7198142707415282,1.4438571775072395,1.2383865486273693,0.9952966639643777,0.8596986256708953,0.7045911276593713,0.3391270743786122,1.6294206105357512,0.5877980104981226,0.49678414556441924,0.3255190080707387,0.4437947940008323,-1.254880967932277,0.48548134170778207,-1.2308481705988636,-0.9488957930888449,0.8215346186345589,0.5181837612299833,-0.7155310882422649,-1.346030305177706,-0.591743398681099,0.6103759935623054,-1.0107435640988707,-0.7679669550946836,-1.2110708153429892,-1.4807753345865444,-0.47744572297938265,0.1424793058335562,0.8408676883902483,-1.0106031516386742,-1.2881444065569585,-1.2277801852140415,1.2301816493340132,-1.400723890743069,0.41601352308998396,1.2824886329257668,0.370332468596732,-1.1294213975357976,-0.9557331820444805,0.758681208991118,-0.25297364746911954,0.042331339214492086,0.7051186665364299,-0.6523056604652022,-0.15788941962757652,0.5565910817449597,-0.5394313654106038,-0.5123171965960557,-0.9386870775957387,-0.8925340392251659,0.8449166323305374,1.6860584631820743,-1.144067316908422,1.4087036731472014,-1.0734985206065342,0.4420712797759601,0.756316120793297,-1.7649986206073347,0.5940888623485334,-0.5717645850514507,-0.6264031066186708,0.6331808960169973,-0.09682911225662892,-0.16643336773127293,-1.0677075109822498,1.1329269935935804,0.441187435961653,-0.4542324187602841,-0.9573945988910022,0.8570103344345823,-0.720403505991452,-0.8501906969994815,-0.7634255075197582,-1.5689591373516278,-0.5741043371015708,-1.4961118022912308,0.2591745446113575,1.4672826670996593,-0.4313035346360359,-0.013115865180804936,-0.6388221839730964,-1.2542904242329902,-0.9814188339303405,1.546128339187322,-0.9205368417580494,1.1488972848654517,-0.46779345183718707,-1.536555451424487,-0.7944002415098864,-0.6856241578966294,-0.9843674913862974,-0.7684069053834512,-0.357962981041245,1.4295919284009224,0.9135629234875234,1.2048470505627398,0.4042528267353488,1.6974562443385723,1.31058505883642,1.7387321094394412,1.0946755774264907,-0.9422299095440247,-1.076561438619329,1.1383373733425053,-0.22038745584642344,-1.4919671623483792,-0.2687576119502603,2.035057228882358,1.5837537929354346,1.3265582470011996,1.047848117175132,-0.03959752594927938,-1.4650948105970256,-0.7106225680128349,-0.2660194890695037,0.8931927773734712,1.1354886370569148,1.4156875690109196,-0.2819830972116096,1.251342121582288,-1.504299689559457,1.5875122854770893,1.142605278642211,-0.4004892642922133,-1.4446279807410296,1.2835333333082526,-0.029951649201862357,0.13614122524385397,-0.36467389059527194,1.18003332907101,-1.9933015620914105,-0.949133835337836,-1.4582059307510287,0.38418193597270084,-1.3320542119060248,1.5902353166562737
"""GSM1539378""",-1.5147696769117212,-0.6618082015664642,-0.756598913738015,1.0487545051166145,-0.36574051527708484,0.3842062657984273,0.49015545765088014,-1.1133449989543458,-0.10905876249243891,0.5196646517380852,0.4102136529777939,0.6988088291040231,-0.0834715034494032,0.756415669940379,-0.3551094598345744,0.23022457341883662,-0.5119569519613401,0.7530022054675786,-0.5659141166768493,-0.39248787881932257,-0.23696289818224103,1.210702334900895,0.115859934335211,-0.1645417025268588,-0.3214960189511212,-0.3843934291295879,-0.6857201863192904,-0.5637610167680402,-0.9324800566732099,-0.005247635134890711,0.034174397375410864,-0.44806600549601294,-0.4977228389889423,0.04013055335618468,1.110160408454612,-0.11357750564500736,0.6835702374262309,0.4182338931036532,0.39072053313938043,1.857588300103652,0.5744574957879348,0.18545673344216718,1.2794187243687143,-0.7708503674762418,0.021524280829634486,1.2179683672428518,1.1356229410036935,0.3123642385909488,-0.6414703711211568,-0.4692874204771039,-1.0140285488977936,-0.8866414652815922,-0.10270331687125739,0.7120309026570055,-0.39929607823888547,1.3202835545222527,1.149334314153459,-0.2890828693453246,0.2811013855213892,0.3644638699446103,-0.31954399097450525,1.198792206437917,-1.0584065737851278,-2.7838506307785718,-0.4780154171328352,-0.7291983148767898,-0.15282935911247433,-0.5738742779327396,-0.33573553008343776,-1.0867094600008698,-0.49516374128438495,-0.20652142951110442,-0.4530543555155503,-0.46257971958471633,1.6103425602848616,-0.05455352779770746,-1.7729569013763555,-0.06400264522336947,-0.1576926432397873,-0.10353298871595847,-0.3970327285194204,-0.7962258585389369,-0.2076381818846147,-0.6614088583408907,-0.30316057597825025,-0.7595566148892849,-0.14522421196687507,-0.07985061490693668,-0.2375483984886505,-0.8654871319978407,-0.45092448533575596,0.8291939310872363,-0.45341059361064273,-1.4710667946464713,-1.3262343732167148,-0.4044012268446855,-0.708528163633317,-0.1626115907519012,-0.515388101562531,0.0009796334756736736,0.12033509521228027,-0.010921262504327577,0.7617848455367877,-0.6761028947817465,-0.9380066771247363,0.128780302344405,1.0472933844042556,-0.9671577289360841,-0.7036549735964608,-0.7736893463854034,-0.39990403830898774,-0.8915958749853907,0.2062732086126497,-0.3542899314456589,0.8822993151257197,-0.6782975578053683,-0.9437913828152359,-0.09593439860172696,-1.0812784893695326,-0.613160236667969,-0.247526382112722,-0.5072589592388655,0.11828797944931341,1.2307098375301204,-0.6177895146534473,-1.5204675739718063,-1.089739996991591,0.03081055040131008,-0.34379355052032506,0.4525212140024318,1.2358460829113613,-0.8687552952445222,-0.045257601094243725,1.0269004502763543,-0.29747199962050547,-0.3140949655784483
"""GSM1539379""",-1.6035484704751346,-0.6346184757807508,-0.7562978522764554,1.4522113624914563,-1.3193618575008996,1.2432856390146576,0.970543673631697,-1.0172275737579068,-2.052566652690872,0.6872291372661175,-1.5175136450579527,0.7387302813080874,0.07477747464286784,0.4457059543852853,-0.2733345321195538,0.29830485101921717,-0.7753536221049969,0.6922891607296575,-0.6978890652629908,-0.30953868048091326,0.033499937949024686,1.1989810910163565,0.47436050201937074,-0.4176841916151968,-0.2695025857754619,-0.34905537350400206,-0.4575420173625869,1.2737363571889189,-0.19659208488343413,0.7045348981426209,0.7082767777200224,-0.05513610403297221,-0.1409234485438324,0.010662854713477657,0.6862181440410593,0.8111857293534288,0.539781092410817,0.6461594522520541,0.4369186103377896,1.4056513918952462,-0.22805414530509732,-0.18368246557021697,0.8622279452220536,1.6481969870503421,0.3459122649286523,0.7410613712339765,-0.6992370024105389,0.5371999387227768,0.029230040420746957,-0.5260889595865328,-2.2299316031063374,-0.16988150352380096,0.47745763588318796,-0.9200303631863256,-0.08846453534020783,0.9396574767573282,0.6802227680287923,-0.07324895980322964,0.3507576342227872,0.32018942316987703,-0.5226217935834764,0.9900950856530523,-0.6231283913097005,0.27170459465718183,-0.5487378729404678,0.20201771989247277,1.6387768519373163,-0.4933241228980083,-0.1440421417602294,-2.336450701581574,-0.16019126431577682,0.13737505080170553,-0.6133470150244279,0.24388884383588091,0.012853573095883745,0.19410614173092278,-1.182691371324502,0.28652878136832094,0.3612989390689239,0.09541089100779401,-0.12839473299932644,-1.3922499460006599,-0.43981010879688176,0.005897626612110686,0.5924969144201747,-0.6617787569635888,-0.37896449881461186,0.5371525364790539,0.009537179915914861,-0.607864003574503,0.16122070249283577,1.0221397147293922,-0.4892802594910632,-0.8898154715221901,-0.32080525476731403,-0.49767822156362185,0.5502513032909215,0.6445728777002285,-0.029852334630979516,-0.3128415297974667,-0.011195719572899353,0.9363207501365822,0.9551213446407539,0.49632178859590015,-1.0680758197281812,-1.0319906228123006,-1.0476188642250133,-0.2612753495435586,-0.05211982239544432,-0.16146937478392043,-0.1829217084060282,-1.2912200196864085,-0.15553564322307245,-0.5960079396239909,-1.4539322139230082,-0.1864575481088111,-0.1453398497751893,-0.14787793659546755,-0.48313623199484,-0.783023398441372,0.05495985955729823,0.6791155543590031,0.5235626780444994,-0.5786132910256364,-0.0907435559298461,-0.8051936164913259,-1.1052254777547874,1.2453784892741742,-0.6009737328021606,0.16198421998944706,1.223663811340752,-0.23361573433156896,-0.6964215881475514,0.07713991898077625,0.11448371476720608,-0.16616792705949832
"""GSM1539380""",0.6194845395881563,-0.6279802326096858,0.976606025692537,-0.9910892888235959,-0.4232462547644472,0.9566950546870664,1.484997709768834,1.4614248165853252,0.935144013010713,1.190098053774688,-0.6028161776591912,1.1610852110357708,-0.45487905451095506,0.9972626580250025,-0.47863602538170935,-0.1376747335855776,-0.5355310029883031,1.0332267812000882,-0.6167772724900377,-0.6099866667982274,-0.981271691273426,-0.5563721417218528,-0.12696638921642317,-0.2712922590048335,-0.4882075426313091,-0.6874734700662243,0.5349487798143819,-0.6694979878297298,0.9670972926057906,0.31200910100955914,0.40717105586005664,-0.24289994823726965,0.8383927412256397,-0.2354940173058085,-0.9520435008300145,1.771893149043377,1.0631800985717323,-0.09829949357513568,-0.0680654520122432,-0.667075969349732,-1.535076877239258,0.7278044753970028,-0.8721100335439678,2.0351026579539595,0.11840628562385887,-1.0864620851198947,-1.6950834008657842,0.17427910664339122,-0.19456548792455705,-0.326568723896025,0.9965698758232214,0.5000325330844123,0.0943471267597499,0.44090718702696374,-0.47373643977005353,-0.9636996242798053,-1.3100087664696503,-0.42701820899264326,-0.4077215282507031,0.1658225200694308,-0.4424901528572674,-0.9111262808288884,-0.4715212384395585,-0.5496034574982464,-0.5317890496377917,0.6695163306179557,0.08464243166473448,-0.5545469264656893,-0.717275434791513,0.9641425486431562,-0.3642838870164346,-0.5192517205563952,-0.2175509259689838,-0.426020633396911,-1.8779488974279313,-0.1955879007597516,0.9474240945547309,0.807313157607323,0.13372520789302822,0.6447013353498424,-0.0693618069339824,-0.25447123294200164,-0.5575115745254748,0.7117838670453748,-0.9358269041605265,-0.027963031758307257,0.567551945054156,0.3489326514067037,-0.5034749525408423,-0.5947097886312961,-0.19234767683507725,0.4404001945296648,-0.43263722008467126,-1.5645814923501626,0.3680278405574876,0.722621857691528,1.1870881851072257,0.9883729924737304,0.5560770569293043,-0.11653049654980308,0.8117312565389782,0.11615382286148362,0.552344289311381,0.4662797727139579,0.6975019677562385,-0.880230558033261,0.06788695067311677,0.5601480587976405,0.31423176533299907,0.9457869800626268,0.4395847299592336,1.2021790275921225,-0.5785265553399667,-0.43067446965274137,-0.699685626634556,0.9924237143254716,0.5383818748355368,1.0609796487679095,-0.9140990172379672,0.6333980042971844,-0.3815858882208975,0.7226793681802919,1.5717421467064199,-1.0293644495623924,-0.3818373447157629,-1.1761502456312343,-0.8126058752113617,-0.23769613582234014,-0.0010334392839782235,0.758223408830014,-0.21191811815515801,1.412684525765848,-0.5536460119754019,-0.8192338862904264,-0.4296489282739236,0.5925883568811932
"""GSM1539381""",0.8274323176588794,-0.6327265097846131,1.2765091980463945,1.3545353310390644,-1.3901132028974972,-0.27481134410802494,-0.07031457889049689,-0.9831258562751181,-0.07147328351943678,-0.007367992470796211,0.02315238331046494,0.2357596116418552,-0.3108362552540195,0.1525541287292791,-0.7330150057227761,-0.28307265495032846,-0.7800574743820557,0.07590500471130049,-0.7261179844331452,-0.7770009683471973,1.8552939100002517,1.8492082980777587,-0.05450259257773213,-0.3739128863987954,-0.49689351856020597,-0.7952241395038778,0.3118760768173448,-1.5290688732951456,-1.4269577850532675,-0.3118614834274163,-0.2808320961441337,-0.9926091505774304,-1.9488950038960862,-0.46561971366762767,1.7487027264425505,-0.7445974010330483,0.05121532467390391,0.03781439444162818,0.31653428526023913,2.2339014253267067,0.2924428824614303,-0.42851882405391856,1.3846425601256447,1.398397294174098,0.8260838348434524,1.4076690499763105,-0.2541951550419487,-0.4361383422853999,-0.8519954110175065,-0.8951969941689192,-2.8617203453596485,-1.7664600815974973,0.07144650657578065,-1.2382619049635513,-0.6285707311107585,1.7846098934935806,1.5473369742122158,-0.6314728141052949,-2.3811098080951854,-0.3055084881743717,-0.705080546124884,1.519275268510438,-1.00088084070969,-3.1215982679464136,-0.8411719963526048,-1.9673508251329954,0.09537842394083422,-0.5959962615804972,-0.6200486783393633,-2.9660756259100274,-0.5436096992549884,-0.3076047292737473,-0.5746686195930146,-0.7657661678582685,-1.8573930181210425,-0.27899837880513273,1.8527538073061092,-1.1029272334332978,-0.6080289690487116,-0.03789552077292787,-0.8312900251394201,-1.0580394681616085,-0.5994519519722409,-1.9287761535760704,-0.789115622470644,0.6546867910984844,-0.2371376182400966,-0.43194519297043665,-0.08395178250751584,-0.6019773056167401,-0.6448343436757533,0.5103679495933183,-0.22775575621694982,-0.455900871383277,-1.6009466652726432,-1.542564172736709,-1.6148289560660531,-1.177433047314241,-1.6539205073413754,-1.2331014938732265,-1.5136215058741842,0.46052530464562164,0.38356820303320965,-2.0173214590465234,-0.9969526984841409,0.3444567399399458,0.9208083898009438,-1.4130538757652755,-1.7996711504565954,-1.734864302572242,-2.0610052914166355,-0.8855366704140598,-0.41073499257556306,-0.6343922762781184,-0.5032353460185045,-1.3122827579370215,-1.81631174745501,-0.3848373360009746,-0.36078922468595814,-1.3719024470194785,-0.6506748012963942,-2.508465889218068,-0.2702387515359182,0.5454569767311129,-1.0983410822432624,-0.3931593181536991,-0.7121203702215856,-0.1646784436873416,-0.7996789046278218,-0.9087127901048139,0.272485987013109,1.4674355737523948,-0.3511710634245718,0.3509128925927744,-0.7979400466213548,-1.5441655532473408
"""GSM1539382""",0.28724983106727786,-0.5707375932741103,1.1624379356970518,-1.047771159224323,1.402197154365545,0.841148840546134,0.9911917759574325,1.9082874934887384,0.5877980104981226,0.6465217207393489,0.2276063094943935,0.565260957140626,-0.5077100945911232,0.44800934539841947,-0.857779880161776,-0.3420919629497312,0.14276009236769271,0.4696988849423299,-0.08860522712120099,-0.9198051658985913,0.990446990239039,1.3151026393799872,-0.01454188137765811,-0.48622994757673066,-0.34723019734738675,-1.1131949092658668,2.0783875099471483,1.8178569190871523,1.4018420168559935,0.29936426871400423,0.21765245855410337,-0.2400759599344964,1.583114620041012,-0.38629927778286666,1.4766590175502305,-0.928384553432547,0.3452739925934957,0.04345214563902043,0.11677397540995595,2.0434685608782113,-1.0809230132373897,-0.11330509707187512,1.1316076785305902,-0.4992578360278445,0.5429880358559507,0.8323034620547536,-1.668469026743644,1.1255509016753689,-0.27212643646819046,-1.0008018133127923,0.27762858817967373,2.130780246055622,0.18148604284774988,-1.6326523752062714,-0.5545810335453242,1.391434500933583,0.8390572129880667,-0.5845472850268965,-0.29029685534710337,1.0711039993924008,-0.7174985260678065,0.9770299366035515,1.7815537495159695,0.2167919103260174,-1.0925017680725337,1.8571533307526396,1.062681066093693,-0.4431081613603754,-0.595225318589651,0.3000086271827488,-0.8711160240812368,-0.36402482407265346,-0.8084416447394058,-0.8963106434423871,0.14489616589970603,-0.6832296287228609,-0.2297057708737081,2.637547790147503,0.7909868289352053,1.7132709429149662,0.398320311645106,-0.8461069352556361,-0.7252793127266386,1.9722132619701829,-0.818510985854717,0.8211588916210738,-0.676749991271731,-0.2675114950926324,0.23728414794874197,-0.8030993158844557,-0.2856065128158053,0.4485365185684196,-0.37430294079573,-0.38374071839923424,1.9811746403255466,1.7035657396853667,2.7486688594655893,2.5678417339383146,1.5928823803546295,-0.3800355573413955,1.4522636825969581,1.3822624582705123,0.8895730507778863,1.7297633387529043,-1.3413804758245895,-1.1797607574047626,-1.5442706900908376,2.647806860272703,2.0810760320802513,2.8236079133916006,1.9677492969558765,-0.8861547586206975,-0.8046557131888427,-0.7562405001058018,-0.19184364541540258,2.277885327111974,2.212856784962685,2.0962006291399677,-0.5665971097133442,1.66977152212369,-0.6048835857636901,1.385552872961574,1.727378425602196,-1.399562158889945,-0.6971602558229184,-0.33705705647452744,-0.7878495261881231,-0.22222513725368068,0.6964738715410889,-1.0121797252241338,-0.5748270955157844,0.6822747541916478,-1.1360045276557895,-1.6824591899272925,-0.3384084022309716,2.1240665715176723
"""GSM1539383""",0.6006302423316343,-0.6249982419229207,1.1950205671951815,-0.9602345578400127,-1.5974052390921116,1.1699343775687205,-0.08157175419429077,1.2282917206164001,-0.03246936777161963,0.09545506018938757,1.0321939276624255,0.11730822832587977,-0.7040756414945009,0.1048540452859745,-0.7314946733308104,-0.5343752519610279,-0.590817787596773,0.07010173881370037,-0.8683490079824768,-0.9829969400812513,0.08822165234983322,-0.639159889275716,-0.5710614929498533,-0.3313232536091348,-0.4229248630285789,-0.8470764696783681,1.7806453074155864,0.19656607749907584,-0.18401226033021675,0.09681638760576716,-0.22800269322033848,-0.614944273618272,0.039237076084989914,-0.7778868643157387,-0.8496488477420748,-1.0625534170319837,0.2197035875091284,-0.5976545930865254,-0.5983488890096564,-0.5843347558981686,-1.3228263114490566,-0.14613238849528623,-0.8708276716662445,1.8842469789539753,0.1163819333395948,-1.0535253143115195,-1.2710389300982938,-0.24057562098091365,-0.697086509762889,-0.5955528078952594,-1.134548254866125,0.11820666244314514,-0.3868834685654949,-1.4957020097059261,-0.7194960723267956,-0.881786274606619,-1.4126342948314785,-0.7354218603342667,0.20548704815403768,-0.15749086709294766,-0.7485939473832792,-1.1165395501516686,0.2546557331502753,-0.9215216707839848,-0.5147874584611029,0.43513061817975024,-0.11634819497069684,-0.507355784112271,-1.00954581349965,-1.1334751873045887,-0.738632775503018,-0.46932791506789934,-0.5756673285498699,-0.6585845416403516,1.249014317013565,-0.8530469623535726,0.45992086747967614,1.0246146624994112,-0.5507816868233969,0.9512441501837374,-0.6035693864115697,-0.39732046527255355,-0.7207591101574932,-0.16260167537212017,-0.1982510372270526,0.337048595190272,0.23126275040098973,-0.36180386748700566,-0.18509158474924872,-0.5159533330817323,-0.7701934478707645,-0.4745350246750275,-0.6418500279617569,-0.8251297362117285,-0.6489088588196341,0.07198247013248711,0.29169793169321234,0.8376948728638736,0.18074002243196635,-0.19779754701938934,0.31013387757007427,-0.24681854624415003,-0.08093516540117192,-0.27752417716497446,-1.3675979142064127,0.5322246636540939,-1.78264469268808,-0.011196947389629633,0.10916511406402893,-0.09014075592770875,-0.1917439345426601,-1.3331278873659682,-0.8046557131888427,-0.2047515906512328,0.19279738251953948,0.1299011101957544,-0.07257363234503349,0.07546320130303781,-0.8843356483511836,-0.016062870497106658,-0.7037189881911552,0.5744978928989724,0.8515641959000079,-0.8791586665974159,-0.5228424737054826,-0.4777941710383908,-0.8307179059062989,-0.5500664005350705,-0.2836863627701698,0.3492162606658995,0.9072831582255477,-0.6431052584141691,-0.7140671757619168,-1.6475287306305275,-0.822567334074642,0.8935449747669868
"""GSM1539384""",0.8061532806098104,1.2954732291375641,-0.8406863111007123,0.3775730088266036,-1.1809279517610947,-0.016656090876626523,-1.123297804859655,0.629083874351019,-1.06114365071581,-0.6829731982951442,-0.5240993893027691,-0.9306306860336573,-0.7110263949998396,-0.7008011318301683,-0.39958731910334216,-0.46422609424244726,0.8655311287092375,-0.7344912078884946,-0.2695124892342434,-0.11196662601926848,-0.014812563967409898,-0.31750043894598307,-0.7290056278962936,-0.5502622718160401,-0.7737001472373821,-0.07824570785662473,1.4863524740465572,1.152993270400497,1.3524062935950938,-1.2567564329004761,-1.2208444258629774,-0.08470605916186114,1.2426188975465062,-0.3583256222192289,0.16207395866099472,-0.015647703529293924,-0.6315519743597046,-0.7061669142420035,-0.8121524786446137,-0.695823245991051,-0.5750756874579037,-0.5616426834074508,0.23279036354715396,-0.7744274592456517,-0.7627408275278954,0.2832758138938214,0.11592190765968385,-0.8121321856637259,-0.17807083008258184,-0.30574381902004805,0.2994171710426881,1.0762726302457637,-0.8182114026341893,0.6709510432691765,-0.3624682156400148,0.5718921240563211,0.8301643652037762,-0.14232180846710027,0.690320978093132,-0.8283174497186152,-0.46307280611530244,0.3536451116566845,-0.4699918037019793,-0.21665413004401715,-0.25876223698471745,1.1249373516053267,-0.1170455652414874,-0.4705973951512689,-0.01073785231656689,0.500950550063939,-0.5608139646592069,-0.7987758528455948,-0.30810303020512314,-0.20641773812470765,-0.6220666282928794,0.020223229447523968,0.09162121916789198,-0.546545338113936,-0.5852567260661344,-1.569951197056498,-0.08067619401222562,0.23486881438854218,-0.3618134743727825,0.8192087014258645,-0.09808880405971052,-0.7196738745355595,-0.8793809290584811,-0.8912105807024746,-0.4987757824793632,0.03921692115556768,-0.5739108385816857,-0.8161633799957227,-0.63925819470916,-0.30417219410068824,0.9960931697235271,1.5150609120336787,0.9008600401852218,-0.13511403123912766,1.6061171752929433,0.6524800431603104,1.517684742000007,-0.9838889492318202,-0.9743605924502589,0.1622327324873518,-0.6708153808731325,-0.30890861752302345,-0.18100085041540886,0.8314042722040211,0.9019527586041026,1.1354359832080765,0.9276550156909897,-0.9927253906328665,-0.29424492989303713,-0.30216043316354213,0.14966139596660213,1.0130315688401563,1.0166321505373603,-0.052680310730617394,0.14015792223676954,0.44421259644831756,-0.26646933173111903,1.3021096404036585,0.6770820983036919,-0.8611669800082961,-0.08072641233992789,-0.5364571990922367,0.3022000773113607,-0.12707224537039777,-0.4341954415568447,-2.086524378983134,0.599086661659629,-1.33103294936685,-0.4965669347330666,-0.9908248410593972,0.06891702404023957,0.8637482622897553
"""GSM1539385""",0.7676378686046346,1.7931779936327068,1.3861119410481946,0.726127021277482,-0.5990204414328222,-1.4153643084162633,-1.413649739918736,0.05155379079814066,-0.9642468357958041,-1.2734640994575908,-1.6260002082690945,-1.2730102705663668,0.9738604039310144,-1.1282431478814574,1.6046503638088385,0.6746904706609719,-1.02306009511911,-1.1210497681069227,1.39557159382118,1.4815193148679475,-0.7616130100855653,-1.6074069275721958,0.9727481118697564,0.9895775101869112,1.0784345729157463,1.5373452873191742,-0.09815292308421157,-1.333739118045098,-0.8000471555086337,0.415337691607754,0.43884483125822926,1.3827423157701915,-1.3276741534623868,0.8961163420064698,-1.4496767225331142,-0.5811933953566272,-0.992380416444933,0.6476927294849413,0.3511781229681785,-1.389976619982544,-0.5527746945527053,-0.7387942240871196,-1.340501309279784,-0.7722520024983934,-0.31546501091228557,-1.5417263461884412,-0.1660234533154462,-0.21181096437282593,1.3238778102693056,0.8053792142425444,0.5260940449182591,-1.1071125069916519,0.53011913618035,1.3691409730455113,1.0440501975255705,-1.4606320367929402,-1.1858776677366198,1.50230786771389,0.925258751006442,-0.058742302690459,1.220600852911286,-1.6441420003801919,-1.2881138127602159,0.7499623930878767,0.66090945479381,-0.9116165937159763,-1.045870971877828,1.0060696038961843,1.2033373938415348,0.6673604584414107,1.103349245174265,0.2047878783749699,0.896997875023567,1.4070457950618551,-0.8664766490900904,1.3547724983975882,0.08154335370260707,-2.1520124746311975,0.27977170866078094,-0.869632724313281,1.4549084781137316,-0.48533691428671105,1.1486198903513265,-1.4134081974185975,0.9538627234723094,1.3934081329459829,-0.34515165029110795,0.3027467905379242,-0.047277609460925206,0.7457921323869725,1.0108197166221453,-0.19292412793281757,0.22372215057550635,-0.9383399047601397,-1.254772827453428,-0.9374064577565563,-1.3003961373908584,-1.9482714647730826,-0.523038549806698,-0.4835542626028267,-1.2408958242389254,0.2548177849462136,-0.055929449961666114,-1.042628466426363,0.9848092594366087,0.7263962172461882,-0.6135253125961057,-1.0383227603283023,-1.0901499019641077,-0.7440764665610151,-1.3534738457250302,1.1383184388964658,0.9582028603996323,0.733172617943449,0.20644366510765363,-0.9966906476319362,-1.202397183462581,-1.7324555138979096,0.9747082052156405,-0.40070093719941513,1.3127022879964685,-1.6722548681547105,-1.7389938047994955,-0.019786432550471456,1.09909955171703,-1.0183301448979345,0.8642737508455538,-0.4640268552866419,0.23365652498728737,0.22902326906728285,0.08671382316566009,-1.4386438422383507,1.13985719289288,-0.1362633256561081,1.380477023049756,-1.4406345243264618
"""GSM1539386""",0.879291738751983,1.7843220176839352,1.3307736037974756,1.2288866612052303,-0.941275390114993,-1.2784163258371255,0.3597979303284697,0.3884314080392305,-0.008676857294152239,0.8672834927538731,-0.8369799676294061,1.0151946242250152,-0.7100270358890417,1.1320601757308268,-0.6040844867375612,-0.969275801875268,-0.5308825838501171,1.0294273224678667,-0.6107490939617495,-0.7232284842295021,-1.0003082254573787,1.006456119753482,-0.8295061631817542,-0.7734297874942411,-0.5446760104777117,-0.6325767487302519,1.7711650543269242,0.10465636203735176,-0.5232378976071902,-0.8925702589464898,-0.9882718384535035,-0.32216810686233105,-1.1125117137483884,-0.7267724623475014,0.9390860828434074,0.7478526215776969,0.9336694226679004,-1.052109963009712,-0.825026767604524,0.5814034345163255,-0.18234476019116574,0.9097298758943392,1.1691096919359725,1.249581004447802,-0.9285878557294167,1.1088545454855154,-0.5142269114348268,-1.0114915995159826,-0.6240375869863228,-0.7087450069427567,-0.44596971576276573,-1.185065815388523,-0.6735563613286104,0.7103204628993715,-0.49335895617107767,1.309842544483438,1.663477869095992,-0.3427030646538319,-0.9075487420515334,-1.0812618354605443,-0.5152530458801013,1.2834368187236027,-0.6565657829410897,0.7980697690890879,-0.7776550812541045,-0.9343533551878755,1.4369676120131545,-0.8092201115023319,-0.20783413604734088,-0.1462966957451076,-0.5672102831155668,-0.8299884157252269,-0.40536039665790224,-0.21508233425510145,-0.5713546078852181,-0.236911343693723,0.34490604651520335,-0.9661285474417803,-1.2072475680198804,-0.9305832661533197,-0.6794156628548432,-0.22132441976800238,-0.5245315543585642,-1.0256464162479138,-0.702886187580303,0.24147392092458939,0.0739529094151703,-0.38309739277354515,-0.8805481404386238,-0.3677690830681963,0.016572457885354153,-0.8653891646606301,-0.7532057186214255,1.8978098954513098,-0.7286877052561084,-1.0799360992044351,-0.3963176794392929,-1.1036148364181708,-0.5115467160394691,-0.915724971903052,-1.044607250880844,-0.3726894968501183,-0.7264098114549886,0.5216202053910983,0.41500184602826745,-0.26186852755996537,0.8881130652129346,-1.1954685362910034,-0.6374579288751273,-0.4616610311798441,-0.2032186295602457,0.6669421149796005,-0.8142134229075926,-0.4381437201257303,0.0868226332247688,-0.9631213822620689,-0.05177289502985104,-0.9038913803294346,-0.4318131315693932,-0.861255939684064,-0.4546918040227549,-0.3675362262228141,-0.9712480571131772,-0.6534175121371294,-0.19548094738197214,2.027773693734489,-0.9073588813617648,1.1396424285054851,-0.675400529696008,1.1770504772376393,-0.13243070985101493,-1.9741987577674882,-1.0261628543407675,-0.197820217628514,0.08119387853571125,-1.1594156883794862
"""GSM1539387""",-1.6683946457845893,-0.6654153667540007,1.2161074942536951,0.7019978070301194,-1.5585415527037327,0.24457646602869978,0.6021683555209567,0.7296572083119608,-2.5349199563131157,0.6872291372661175,-0.6235290632516495,0.5349991287740525,-0.7520186843573683,0.7315571597347796,-0.3705950761346943,-0.7717492124049222,0.3168082906447047,0.7204880617393525,-0.5061529284183793,-0.3852249067983706,0.8772509730417283,-0.16554691099474497,-0.658118683128186,-0.7617621266035606,-0.7194269817576641,-0.4119776301440468,-0.07596880223161026,0.8685000187081857,0.4043266514290715,-0.7680439323496017,-0.6935875581977454,0.0165487615064539,0.8027537273575939,-0.6237526412207793,0.07985726140233344,-1.224627057274756,0.8486869620186891,-0.9514526268259946,-0.9896064093424188,-0.5656921137121286,-0.2883690343407961,0.6420367155064731,0.28087100234267354,-0.5806904867933202,-1.432754086990285,0.2174908712635285,-0.6236191931853116,-1.0345558234297016,-0.5734302594311786,-0.2984689468086505,0.38741112280919593,1.0353096398947537,-0.6604343835232384,-1.4043786518026546,-0.4896292254263428,0.31987907992582154,0.3033473041022001,-0.4580985549325966,0.1716558429733716,-0.8176792715948829,-0.6422372597717593,0.23500709154283875,-0.23216599007774602,0.9524840474438271,-0.04227050280947225,0.9490690050505045,0.8717543008319808,-0.36310863297239254,-0.49081411568160066,0.4456748477327528,-0.3547120740567337,-0.8034860584966097,-0.2701118090900316,-0.34302381154839606,0.38148880323625795,-0.5864002794661061,-1.922897364318033,-0.8712433359241825,-0.9076202120591815,-0.04053326335632052,-0.453536085145336,0.771511768368348,-0.3218752732315833,0.9497738785062756,-0.36911924315396105,0.6854210879898852,0.6954439494730812,-0.6298686623703555,-0.8037891739289365,-0.5841320683317323,-0.023109572821657626,-1.184614686766987,-0.4870933917011192,-0.57008433295553,0.5824252304104321,1.489282874144304,0.6479870177904375,-0.04223974049112471,1.0142757506679039,0.23758548009888195,1.190825900947802,-0.5703239322622848,-0.8160978058382174,0.78081494714045,-0.7820136700328852,-0.11798177552721048,-0.1616188359753387,1.100551701938384,0.836612417252056,0.7294144510503591,0.8114628693562178,-0.9622848292103152,-0.23316764610619983,-0.5138789346972163,0.802330764542736,1.0711264563139586,0.6520056754506591,0.3793954646664814,-0.8627784760263874,1.9257765404798717,-0.2922794157774282,-0.33089044660074335,0.038294431072513464,-0.8413650085444928,-0.12516609644484586,-0.8290238651601103,-0.6842684493725761,1.1686531545640975,-0.6881909284204423,0.43472153684749504,-0.6385363078260035,-0.7863492536865204,-0.08838474030101134,-0.3557905014419748,-0.08648428405147798,0.28601447538351443
"""GSM1539388""",0.6761848481120212,-0.6362430940523924,1.1888481486003186,1.1118279629064776,-1.3775490071360985,-0.3639041700939615,1.0389035302670864,0.2678486589853887,-0.2657581424258423,1.1145792750645032,-1.1992562139586196,1.4608669597888413,-1.210941785994735,1.2931198875340861,-0.8480358140396554,-1.1434089284344533,-0.08912612498668214,1.388749517912854,-1.0108107419522268,-1.0971970342093158,0.7695104859994826,-0.08702027890523084,-1.4302027661128056,-0.7338629828896892,-0.8673163375566164,-0.9911538321413186,-0.7278780098916431,-1.0721898535012377,-1.3976383240422026,-1.2632048964873737,-1.4810087725821037,-0.9251683669128309,-1.773514026803895,-1.3180335786800257,0.24539555468387725,-1.0195013674183475,1.464984638957292,-1.5894074946125216,-1.36292271289855,-0.569581689676126,0.26129998678729366,1.4601371866626334,0.3435526881617038,0.9393437947585401,-1.2846060719798735,0.46235650297705333,0.18577207688575156,-1.3202507123620497,-0.7964271441785972,-0.8997436473144187,-3.1479641074143894,-0.894819154932946,-1.3374722536229289,0.3912421054333983,-0.9918824075671003,0.12460454607492769,0.6083883617972993,-0.9799896934349892,-1.2925806762404808,-1.4385763655010761,-0.6922118424634977,0.3670850894684236,-0.9791479310707573,1.3250459046869616,-0.5162450514941369,-0.403579896688044,1.2666772008669493,-0.6246063088906877,-0.9583904113542744,-3.2591740234816653,-0.8768717611899924,-0.8464430607755207,-0.5354489992778203,-0.8488216541735975,-0.6891358240683624,-1.0990430872297166,0.16141968381961078,-1.2950613069482981,-1.5436938727432983,-0.06249867655783388,-1.1508085234395733,0.2157412673119222,-0.5318112228580087,-1.1270711007678402,-1.1204369858675967,0.2224685218797445,0.43082696309004004,-1.0384923597234175,-0.7375598538764921,-0.16820594199843475,-1.1402296322868122,-1.7335487516738834,-0.6975173904181815,1.9068833650834662,-1.1791245594455937,-1.032618726046138,-0.460841099886689,-1.1137528213367986,0.027175946548246267,-0.031469470210935935,-0.9149870829660083,-1.616003684527685,-1.702607507185276,-0.19970830143289786,0.4491498737047092,-0.06051260797313925,-1.7180043405212027,-1.0185941809760028,-0.4070828381232947,-0.3669789187136353,-1.90944019877298,0.7819311312427177,-1.0949244769124475,-0.7910247832633637,0.5499607925063018,-0.27594639065099935,-0.648854048970673,-0.8155108269092157,-0.8010103281533212,-1.0141770998926758,-1.1874245669568635,-0.38816969905868826,-1.3216520309340922,-0.48177474973739254,-0.4436932290412081,1.8033882876245335,-0.38410909146994204,0.39688716558126846,-1.2500006202731575,0.16198421998944706,-0.5449708770232683,-0.596469800677434,-0.8967927111405813,-0.11588710553613418,-0.9304873433828271,-0.36519184226219553
"""GSM1539389""",-1.6723035368960197,-0.6512411992334879,-0.8216499320956436,0.8478523135010122,0.9823784520672141,-0.6841266866704504,-0.27107684264419313,-0.01745977183043208,-0.6443205388488026,0.2250893166069203,0.4102136529777939,0.33008576924406063,1.6567380151847773,0.38396019726087866,2.313631633101229,1.4788145017514431,0.10561684977633302,0.35840916219568236,2.1020735848559915,1.8969808293385904,-0.022200994778487297,-1.2979157655374927,1.682924594972064,1.504835287011819,1.9885096288433546,1.8621661295813734,-0.9594260687638098,0.5547578686794322,0.44786303891449103,1.5037262896291517,1.5320351291732268,1.9125381992423343,0.1544620364984795,1.715380628090492,-1.0572623943202988,-0.7073936670014938,0.3618303361684853,1.8744160355958435,1.8687868839163266,-1.1904279036331133,-0.25732016928890983,-0.3212007474015128,-1.1948629269558357,-0.7879386636800629,0.07274316117636936,-0.9865086645162665,-0.17852668174675054,1.2595789246850624,2.19248476964336,1.5478130310549836,0.8780051819713232,0.7809426462712908,1.5597288804586238,-0.7651826276097582,1.8187150263772975,-1.1455091652662255,-1.4473567606706836,2.70961991964462,-0.7423785290856028,1.0158892750709103,1.5947642763429069,-0.8085761955558765,-1.0948795153226711,-0.47933122758632213,1.4084366519778508,0.33551850377419046,-0.20136544406580173,2.1344055577702385,1.9554481009949882,0.7229856249227277,2.000520560690468,2.034217098488246,1.6480877533674356,2.1093155300615716,-2.029952985237646,2.4841128441608133,-2.1916015229707977,-1.852909934029969,1.5967548035293049,-0.7371855792615728,1.614495703238302,0.37652028543886873,2.3335922006039787,0.0006328930810260773,1.7248278008059073,-0.6310143414361824,1.0327250412685898,1.0010306482672129,0.6868782774497545,1.352970295627153,1.4259530675051602,1.1261045481848249,1.2929539738286357,-1.4066082646881333,-0.3174017151316843,1.1574437628516272,-0.29652490462821735,-1.560429050095535,-0.20156413851069443,-1.0337948464236413,0.4615230104606814,1.3110757265330888,1.634599129043991,-1.0821675692898807,-0.22978837390927515,-0.05669528811102151,-0.2169166710377165,0.6259026769690412,0.6593481196518105,-0.4868575165896723,0.7695522554837735,-0.10052430636746938,1.9374284907132895,1.516183169663203,-1.2441382936723508,-0.5131382154658667,-0.5439809071987475,-0.8537273880282572,1.6514121315975974,1.664945255947705,1.789909834993511,-0.5889844779077182,-1.0295543474878963,-0.14293934578510117,1.7519511876892955,-1.5194668985005808,1.1998849758216739,0.5798196361787151,1.709854936783513,1.8789114399195606,0.4336170138290948,0.12754691502468637,1.4339956511410392,0.13613543008001946,1.951150776138423,-0.3658874736610218
"""GSM1539390""",0.7876085097453023,-0.6590490599676553,1.32546641430878,-1.0277545136987252,0.80272658691669,0.7284153799445496,1.3576698348261673,0.8061635734389281,1.333030771002572,1.325772124220003,-0.08547786662890913,1.3000646307356585,0.4465967053901536,1.2850894414451888,0.2099517773462265,0.11998288595178769,0.020719867109966848,1.4133433670648525,0.2524068434489543,0.6753416053505832,-0.6674971471730757,0.08063814311912453,0.55844090394702,0.043643019018019834,0.5433010456666624,0.5401645635429135,-1.240926152404505,2.317588034524317,1.812330539592363,0.12679367898623614,0.09167132223597427,0.6071598318988324,1.5124167953485594,0.45779161486453,-0.06822501556583502,-0.3838791209130425,1.2412935644027079,0.5083666542203608,0.5005311033332158,-0.28958729110558984,-0.9176117266590168,1.4532799534364247,0.33492986121938406,-0.6896061537092323,-0.6916764308967874,0.3482726410276162,-1.150263253775124,-0.12614295784940577,0.7849874919744334,-0.021480524688903234,0.6225234631033092,2.0013973683091164,0.42917950430684,-1.4405529091190383,0.16603267240118416,0.154628131083193,0.7087251344537074,0.8796892541591661,-1.3998532131220525,0.06656930247069731,-0.29099811149396754,0.3697693102499551,-0.16599140461775122,0.29861852520342935,-0.20052700300010162,2.1468320522202817,1.2411630792447215,-0.02181421973660186,0.5057937778707227,0.6892896842333841,-0.04501471864930507,-0.11164019166456958,-0.06401221233943631,0.4125409180350679,-0.46377554495610157,0.644581330882934,0.45026698275160504,0.31010907181133057,0.31376204592585577,-0.7266526109985011,0.540446441197573,-0.42911252322933,0.20861999409229393,2.190781612833905,0.11727703325578805,1.0176812262423447,-1.2470388751037038,0.17854864083388824,-0.5439490758858758,-0.14118047803879408,0.38344806600708753,-0.22059580701358183,-0.2021408394029046,0.9638148906918299,1.0241042520961536,1.8246837453718632,1.6887656307170194,0.9981969779967581,1.6042898428246255,0.85092756576296,1.2377599271701196,0.5239265744062481,0.21774788648275897,1.223602872794902,0.5809224448036674,0.08888831722228377,-0.5568806539504424,2.1183437437709522,1.7855584241574025,1.266512766641584,2.1641908783440114,0.5098212731340964,0.3993971308212711,-0.17752717212531835,1.510797931470701,2.2587024535640348,1.8086478095726808,1.1592898441614596,0.11207177977876137,2.0760336095553145,0.5426717884431622,1.6484249493907488,0.7226739916758247,-0.9557363944672493,0.4185161833027983,0.7926421936609587,0.2677754022401795,1.090609207712763,0.3727279765887063,0.37673774487929634,0.07198843917683627,-1.4772602783266706,0.45731611807787154,-0.6022810309995876,0.8808640311700537,1.1742949541424563
"""GSM1539391""",0.5131990280498614,1.611950055199996,1.034605363123033,0.7334534681721985,0.4630536159586281,-1.008696668444883,-0.06953499113371772,0.9007362755117169,-0.8187597036084778,-0.06043775018331608,-0.803478468055135,-0.3989383443072036,-1.6256024194889507,-0.3005536461508372,-0.9404445961113161,-1.466942612356476,-0.4072041682222497,-0.037726706789206955,-0.8322346672603446,-1.1622807598573566,0.662562054862587,-0.31965909543512433,-1.5832408826699096,-1.1546602946274613,-1.3447967196876764,-1.0822079018882265,2.2171186143295207,0.11392559944961904,-0.07923469908472257,-1.5449744709642959,-1.4354819798438743,-1.2671241506602684,-0.11385866702161444,-1.4282410216086907,0.20095439793225672,0.7946104926593962,-0.1639246018103971,-1.538844702281621,-1.5652467233139642,-0.44877902872474706,-0.559924859918519,-0.1899249232659452,0.12063494491038824,-0.7423512775275212,-1.8712819606190245,0.12459101579802978,-0.9188110374421116,-1.4885359181786104,-1.558546268953642,-0.7803151677073414,0.12282392827027118,-0.14741427268557575,-2.088190702920778,0.23200462174234426,-1.3705948942294988,-0.21629525324215837,0.11686246257740994,-1.760069017293709,0.8926335966594122,-1.3218312082223744,-0.9319999843181092,0.14635513537056377,-0.8660683127014611,0.2791193606534722,-0.8278207680964484,-0.029994215196726914,-0.43146221899549864,-0.6916093195764041,-1.5643065448104014,0.2212137407195218,-1.0065793072731606,-0.8728357133629117,-0.9039563657248029,-1.5544763783471585,-0.483576568127164,-2.107427642230516,0.5620373628456328,-0.8210824378282566,-1.3903979615950246,-1.5087305700730458,-1.7585460728586926,0.52288793782989,-1.06183588424112,0.0006328930810260773,-1.180804111708186,0.41120359627785047,0.10114928942742865,-1.3627267451574943,-0.9457687502685668,-0.8060904236534376,-1.3538985400970645,-1.565502428288969,-0.5302601511756505,-0.8485956278446116,-0.4272832904721788,0.7743615479244795,0.030505621426638433,-0.34037542842009416,-0.22778373693859616,0.06933698961758535,0.24830451084655744,-2.1884542810332492,-1.8804989006963568,0.6687894986703077,-1.3279739224927807,-0.17504794064466087,0.05966040377304217,-0.10217969451278171,-0.31735048570330837,0.26060246211067795,-0.12988520204417286,-0.7373697155109984,-0.9704787120181642,-0.7219362041320138,-0.6236697274339575,-0.1943936565366111,0.42190079651375173,-0.5327085034236942,-1.0749557574014361,0.08760668010043657,-1.7251390247745642,-1.1027502570396865,-0.8923596421382541,-0.9832205110569462,-1.4520791494307914,-0.5847122010850495,-1.233328223037093,-0.48762514667261714,-2.006339409308027,-0.40056662977461377,-1.0191049544960946,-1.0196847089901646,-0.7996894089469536,-0.802593224562559,-1.972419080967306,-1.2788347067691064
"""GSM1539392""",0.6331052801671379,-0.6213881752245596,1.3243766896049658,-0.9960217903807203,0.11265332279377867,-0.542336600835756,-1.1269325077858963,-0.9936041173740675,0.36471122879608137,-1.3760647443855873,-1.0832442786670482,-1.2992023375674095,-0.3338083752420665,-1.2343206553046746,-0.5453200767466255,-0.5411241029639412,-0.37863426911389697,-1.3057912920685644,-0.38356611951491315,-0.09516936731270013,-0.797385662631424,0.5538362913482047,-0.1861767458088397,-0.4899477059324867,-0.7210335001131684,-0.25110443785174513,-0.55337570852611,-1.4660708882826565,-1.580234012146809,-0.1809800603583919,-0.4052733059367199,-0.11143454115891514,-1.5922219974680847,-0.25752893965719903,0.5805208090163437,0.26511507155310576,-1.1867617147246992,-0.5650214784691759,-0.43128553938760966,0.14533717103478375,-0.23748193533314824,-0.9432143555664705,0.7630840538852053,-0.7211994871342087,-0.2946380718460921,0.5493830738146415,-0.7058804208572239,-0.7054776977198663,-0.17245319929616412,-0.7626779015046725,-0.24350512267174507,-1.1787737924741186,-0.4456612860950912,-1.106857658557905,-0.27790803874294073,0.13238215333077374,0.8660153163133607,0.21286009274355783,1.4106954950575161,-0.6363621350661487,-0.2513811406904015,0.5975906907477161,-0.4814032108572739,0.18164194365532996,-0.584257317952314,-1.1833738852231412,-0.2638105748587902,-0.5499470942018974,0.2159656923936911,-0.08521982869600124,-0.6758746857067282,-0.6798172342922051,-0.49512508618882833,0.0006010773747524999,-0.9262794562736328,0.0964501726161976,-0.043879318629510534,-0.4173017509050593,-0.4094323324120136,-1.1159301498653986,-0.06515292466764579,-0.3644731486939546,-0.4909874839480849,-1.226929053376922,0.09102142203429583,0.437703652291226,-1.1380583151220705,-0.9584148796145154,-0.6375956105131675,-0.06225519267251887,0.09239904079115152,-0.9596656332812832,-0.5229832428725827,1.6525386349248157,0.021503982938256505,-1.7864650156448474,-1.3080772535183858,-0.23547338450932082,-1.1968886368389464,0.15599106670110968,-1.9934524213249387,-0.17537316914880544,-0.17034066091365418,-0.22138512458519125,-0.1285627672700961,-0.853320225599595,0.04136273340954079,-1.243370963117479,-1.0567033382967497,-0.18899925668277764,-0.2774118375902825,0.1840874340683046,-0.5835278747585966,-0.5661581395454999,-0.5402008679149034,-0.9870263350017481,-0.49329780495859504,-1.406693645405253,0.2697266372099333,-1.4037357100125873,-0.1564610617365461,-0.2651383429201988,-1.3769542279037421,-0.823192381896018,-0.5363957888051833,1.9543391015289506,-0.08374876531204477,-1.0680845791744316,-1.213283868499834,0.7252060360604012,-0.0965636042521103,0.1312477053459915,-1.1114410660306488,-1.0697415902875969,0.41660123145112776,-1.245694599593307
"""GSM1539393""",0.6331052801671379,-0.6661795932996124,-0.7855218526188318,0.5914076678330873,0.5809124256146632,-0.09672977799337712,-0.13713291938403252,2.1988932459841357,-1.010215413143182,0.17631403889437827,0.6035963053665281,0.01513994828092552,-1.4984466739365037,0.10165486031620405,-0.8559529186054288,-1.5130229440107201,0.7134432712403541,0.11887100150057095,-0.8242706662646558,-1.1033106050710006,-1.002675919026008,-1.901166486205989,-1.6066250475075439,-1.1216344285749391,-1.178964233354802,-1.0867954093495356,0.7130554219513856,0.5766191349211908,0.5220605034207036,-1.557343538657331,-1.4326169857117574,-0.8419016030308556,1.1975512096420908,-1.3222296755517111,-1.3584361253389095,-0.3495134463589035,0.17705747515261008,-1.022797147301424,-1.2126129361137492,-1.5379856754183598,-0.9066712980748135,-0.051717789622233834,-1.7795520037921775,-0.6928193505034557,-1.6928814812729567,-1.9517930668842352,-0.9601359368096344,-1.4828500430780271,-1.3543721928960375,-0.3076646893616485,0.44632605747697385,1.3727208993233728,-1.6768986833383688,0.1782197760258372,-1.183202380865191,-1.701633745265927,-1.2612766331879943,-1.2136526281634017,0.3873515089465551,-1.1612509847722794,-0.7475227299006441,-1.998811166968688,1.5775128496842024,1.045457033313859,-0.32692481765182896,0.7079348870892505,0.6351214027826309,-0.75526101694425,-1.1373077860398797,0.5582457861774776,-0.8439139002194632,-0.6074720625100445,-0.8017184077283943,-0.778531737001267,-1.8637539129848317,-1.277095133232166,0.14745845599570467,-0.008385038331025036,-1.2144257639071976,-0.4985893056609776,-1.3572455292505508,0.8804716694526586,-0.6825027777878143,0.9545265576903212,-2.058172107195469,-0.5989998480421174,-0.7600788243965063,-1.114416627602148,-1.0395136847035242,-0.6738039943867975,-1.1847929666994303,-0.9555634187861655,-0.6366476313877814,-1.065434316880571,-1.195177072952561,1.7258136927819039,1.408762129619277,-0.14467148337955973,1.0388288853411012,0.8955741079961893,0.6141743954714031,-1.4065542775389563,-1.6025545582538683,0.054124084059911114,0.7202991107663395,-0.368850531946374,1.3564813207304245,0.8805071128594706,1.4763554027878452,0.46881438092872185,0.6995028994544127,1.0445308055306275,-0.848260100613101,-0.765253109120983,0.4063316775523591,0.7017809828827993,1.1786988718943952,0.05818726265949319,-0.17227494270771163,1.1669117450020716,-1.4679016543685977,0.3622198821828222,-0.8375506564993404,-1.264553902570999,-0.4812924421939354,-1.2845709750315197,-0.6253424455029293,0.4229939380918953,-1.7668280363309004,-1.2205555914608033,-0.5073748464792572,-0.9890557291171582,-0.3381043651378263,-0.8986669995514294,-1.0160117784098555,0.6162718607384323
"""GSM1539394""",-1.6108279095335043,1.3289695660395908,0.9233926286582814,0.4202479875676438,0.6229328115941466,0.2690366384805933,1.0465366082069154,1.785050103777784,-0.7578013150749205,1.1969141188840695,1.6653282350278158,1.257270136390843,-1.7617806949855241,1.1909978320003591,-1.06907715730097,-1.4394520279886789,-0.3828193173029265,1.2740770543208633,-0.8845448795327763,-1.5420143438623926,0.33120241717064675,-1.5830433128249612,-1.67190962706218,-0.9440795875772434,-0.7556660732921465,-1.400086414744924,0.78307928385727,0.5344848809485812,1.0627088029483165,-1.6945493286929385,-1.533811889664221,-0.9426778753477517,0.6249321664722133,-1.6080339950517544,-1.7020827810271464,-0.2748267239363747,1.2412935644027079,-1.4215633865962163,-1.2677947412726907,-1.483911501098329,-1.1300531014106934,1.5105444030797563,-2.0188362700892277,-0.8143637562657443,-1.5361213369580422,-1.8277191047826198,-1.375345614269357,-1.157645325591326,-1.2703514931860813,-0.7550489150165642,0.5612183318545886,1.041340313931852,-1.5531456582850929,-1.7973174377976335,-1.6251367702048694,-1.9425394147836366,-1.7111467127822013,-1.5487730511222582,0.647858600935808,-1.0532987545161525,-0.9508510720406793,-2.1774073793428794,2.090889243570758,0.9631885547109782,-0.4670914545139311,1.3686119737766227,0.8018978069976865,-0.451817179713898,-1.3392688080595998,0.6317688832270504,-1.2811872463481428,-0.9960800210758746,-0.837558018002641,-1.4936629592199986,-0.6947666229160107,-1.5524267131633154,-0.2533297769246146,1.0673275514937757,-0.9331563289487391,-0.9295968640614359,-0.9588520505043318,0.08118790311841591,-1.0554220151362763,1.0880404485467643,-1.5951214772726334,-0.0384145099364486,-2.263883240202186,-1.6505295583595103,-0.7501169892550366,-0.8416538034257415,-1.037945544569177,-1.5523699081112414,-0.7373499847231261,0.20994252898149496,0.6701266277174623,1.407641938989249,0.9084888318217352,0.8106649383803722,1.654936741211125,0.18912497609141457,1.107649665912778,-1.585785079794881,-1.513605909522745,1.7709543456593346,0.7887475903869451,-2.4196845214043243,0.2582831898048456,1.1186011741600246,0.6178056686936392,1.1932392719946845,0.6995028994544127,1.2855359592598206,-1.3681370924077834,-0.5698400937688954,2.895319942252012,0.9101288923683784,1.4345225883057968,0.45720081229405957,-1.1375835949791397,1.7900629283969534,-1.483723725462491,0.37848127917244556,0.39765735193292634,-0.8098780636400149,-1.1974517608478092,-0.007924130107756264,-0.6331920070228948,1.3187250206975285,-0.5780040599371774,-1.1008034445738941,-0.4826175890540457,-0.3829796701645018,0.10307947902446843,-1.8764848445132054,-1.441660258483142,1.5081881240295545
"""GSM1539395""",-1.5791553569202539,-0.6612216757250553,1.4199578650169824,-0.8307926412109488,0.34520581767844877,-0.7141428208205791,0.9470874619713997,-0.08683736804628345,-0.7010050727589394,1.4234133914637717,-1.9763073832988585,1.4165976941646687,0.9286071986740411,1.4364746278602347,1.0007615728721062,0.5619837144225863,-0.9305947411116342,1.4589211253185113,0.7906147681075141,1.1548257850008927,1.1518568661813442,0.12171414588494796,0.9115888624929475,0.6167348524323455,0.5946975052331399,1.2932554426911456,-0.9255144274302686,-0.5753077962760967,-1.444261405826482,0.5509149697654271,0.36202525689852744,0.9841521022287532,-1.5631570959278607,0.9303462361769831,0.5216141754591089,-1.0570242965364325,1.4043402940068834,0.8024856749044543,1.0363739596168449,-0.4381581672964255,-0.3672422835949295,1.3549932569612022,0.7278481058674402,-0.6738118146165,-0.11986302384579636,0.7784305877236175,-0.09345216664738627,-0.19535671762258988,1.0615209894927107,0.426732192574803,0.02506335346105997,-1.145034173012057,0.22259351919124165,-0.5365544963367114,0.6799759770946313,0.5788861045110307,0.8573243451449571,1.7691333818230248,0.0887768695150109,-0.20219322763777922,0.5308975694764181,0.7939012528074483,0.13683803232624253,0.3747341475545574,0.32222367973475585,-1.1568678488989368,1.4913533720583705,0.22951237759276122,1.055066010613995,0.23007716029789607,0.6990808630180978,-0.03785885263170089,0.5746378470860287,1.4302607144707322,-0.22262692287916092,1.657094443229775,-0.4607850140128267,-1.5840667367008767,0.032797016916390524,-1.4678599894280475,0.349918448400633,-0.5629269940048526,1.007545771676408,-1.3039755097203638,1.7527046313898786,1.2691207885386113,-1.1278295911213507,0.50864398123931,-0.14405121635301735,0.9191349847273909,0.4610194876899234,-0.07902992915996633,-0.17983665292802484,-1.0932488979736028,-1.6117495529448687,-0.841842574244654,-1.200842999753144,-1.7458959521757855,-1.3697511430623546,-1.7309356471062258,-1.1858197381820967,0.2665319705193494,0.35574321400449765,-1.6390676459445317,0.006678454908385582,-0.7133780592428414,-0.2844819326388204,-1.0228525705129576,-0.9838579832595827,-1.508768628071052,-1.0179759825653907,-0.05507972901097408,1.3013489615785534,0.25706577658052726,-0.9266183183848832,-1.648166093980657,-1.1884019218553878,-2.182034839757592,0.6142454532688666,-1.1101090869914907,1.0847575879631743,-2.159262110678833,-2.388696475657654,-0.21894773917545327,1.0704937091458055,-0.8727101927386703,0.8487728892878854,1.441211331179,0.31721475239367597,1.4988195089208756,1.071580532816703,-1.5166011841161469,0.3769347514297314,-0.10970391897602909,1.136129296627249,-1.2207917120606833
"""GSM1539396""",0.6785079295830815,1.5619822148238671,1.129817051371486,0.6636171297885902,0.3473052718655166,-0.9769237584976033,-0.2655834599655144,-0.24139216226010587,-0.6934880851184302,-0.07944509827455548,-0.03998415042871685,-0.042035411877962885,-1.2120434063722179,0.08810085812802625,-0.6912893660820764,-0.9814016755202202,-0.2590337342938862,-0.029046497405634635,-0.6190194795937516,-0.6911155681074855,-0.9676736127502422,-0.20052502720046922,-0.9243118945124922,-0.5593621459874413,-0.9878825026121993,-0.7979311273231091,-0.3556974685687195,0.2697386991753433,-0.07652178797377998,-1.3674943317865842,-1.3542791912449197,-0.9351675632312967,0.6439771606353639,-0.7877680260317659,0.2687138779395471,-0.9188159898363976,0.13626983692722763,-0.9424514444923021,-0.8482788756532815,-0.6512285910235208,0.08673844285281358,-0.19575982665414338,0.014840755556238781,-0.82531971347183,-1.0749331261082984,-0.033736241172843316,0.013667912679223333,-0.9563994717269932,-0.9541880066171818,-0.517793802496818,0.1612618677320244,-0.1882727320878381,-1.3760070158623547,0.380948516718066,-0.7170684236922905,-0.21483381769650114,0.3854075263555021,-0.8004063078898772,0.47508293026877485,-1.1210271039728084,-0.6554880673406334,0.22258194691644637,1.5673811754406348,1.113209440896744,-0.35523034567369305,0.5089058776396969,-0.318128636413655,-0.6555570843364067,-1.0870673129859176,0.2212137407195218,-0.8847075072650699,-0.5652546226210551,-0.6648265336435539,-0.6099076011255044,-0.8951810386809435,-1.120760543912614,0.014061331641057809,-0.533374569028125,-1.2515394660069077,-0.6758173080298471,-0.937206409072199,0.044422317027674,-0.5459003449514456,0.7197153831947325,-1.015470665429956,0.656046241462151,-0.532258529872395,-1.0602451129437969,-0.7888148524088113,-0.5869488752184213,-1.0817526447990393,-1.120040734431845,-0.4696021659010399,-1.5106123089821804,1.4327286031665685,0.21646127503457327,0.10446748598960758,0.2718189612351797,0.5303761935264858,0.584299925611239,0.2282974171164785,-1.1844274476068455,-1.6875619667329838,0.974947208734586,0.46981676124212296,0.03419080916836054,-0.3710325301261224,-0.34752325633696196,-0.01662158010122938,1.067674333700618,-0.17715796600393435,0.8332756314445742,-0.6539797153834841,-0.6160115269968124,-1.0051830970686584,0.25268533418264305,0.7992051880396285,-0.15597670778007064,-0.7881411391552755,0.11026145314121925,-0.875829156598567,-0.8942320050596652,-0.6061990903490077,-0.06394660547184297,-0.9324892170663226,-1.5460338600818537,-0.1804204891995674,-0.46550360782713346,-0.9412655426062083,0.8429391318538882,-2.082714900844787,-0.38066969669744205,-0.7391299542306576,-0.7055138550437344,-1.017789238030266,0.355595494383677
"""GSM1539397""",0.40955228951834666,1.598610917991922,1.3462977319907172,0.9005481470193157,0.5421671146868504,0.4793942986996194,-0.29331663880095593,3.2595153797027305,-0.5629580052693344,0.12956623648857507,1.4032899614907566,-0.15678995750791394,-1.0517483302521347,-0.029695094015812745,-0.906644517233591,-0.8937819387724475,1.1198762557369406,0.04614340023360843,-0.51309366263946,-0.6420313983503241,1.1050355629986202,0.7654333814673965,-1.0897115100026733,-0.5301224066296857,-0.6173265148875827,-0.6512187492822582,-0.40817301679096757,2.180884502276691,2.1326915327410703,-1.1383326572268553,-0.8622866657060991,-0.3500100038514601,2.5228257650777035,-0.8054555981407728,1.113442542002676,0.6251256483109554,-0.03688682138196452,-1.1128596819050034,-1.3212039730806446,0.44627071830016973,-1.0136855330409735,-0.636025468835828,1.034547033882975,-0.7729563473860132,-0.3862478973244405,1.1178498144023405,-0.642928453375481,-0.5947413708994582,-0.4951811474823341,-0.6316191066168909,1.0634990208830273,2.210363535803952,-0.7047865798092103,0.36282121806052803,-0.5090559097979066,1.539458247663571,1.209538936970662,-1.0017139300633853,0.09857090404773543,-0.6451457563424868,-0.5989911076311359,0.99867166456545,2.137134034339653,0.35369135015144443,-0.5279746203147866,1.5829332745294415,0.058795609348691755,-0.3663791320304216,-0.21826218586102064,1.0847119830186078,-0.4651474434270745,-0.5754727279883319,-0.34188696882114133,-0.6112810479833396,-0.5446373630920526,-0.8721576139133249,-0.39582385276027787,0.8519792665906771,-0.5536837496256143,-0.9129700617103169,0.0762388673628044,-0.32639267267788985,-0.5394348140630408,2.0113709507639657,-0.47846910256844344,2.1319250145597866,1.5227322298722874,-0.5567746603829842,-0.7164023198052907,-0.45601643868134456,-0.43809583317875517,-0.4718362853739674,-0.5926440477384685,1.2299072924838068,0.4397395356194152,2.3238628111743544,2.844565011946873,0.4614141874561454,2.4475117900825505,1.6513529295517102,2.0970107396923496,-0.5205156861007795,-0.6902672765881505,2.0101663089620287,-0.9510323038446623,1.0412226843257035,-1.7180043405212027,2.66911434469287,2.8172380155463723,2.3778199727043403,1.5295086326206981,-0.45723812292345334,-1.0939900615990936,-0.38553322210194324,-0.60482819027039,1.875234330604788,2.37778495060714,1.8867497832895546,-0.10291926145836323,2.6537040281565902,-0.2712789978980175,1.1590649961794235,0.8432223338474855,-0.8007858895153889,-0.26423855846389666,1.213771068802731,0.09411946813602667,-0.5257940071363744,-0.7175092510890859,0.4791852633556706,-2.2033068085482954,-0.38121360388456604,-1.0466158958317842,-0.8099801391768894,-0.06684079170210765,2.0711668450015845
"""GSM1539398""",0.5114912217391184,1.5853317522323203,-0.8368615575021233,0.5128771918926834,0.4272117042341486,-0.2352015408421424,0.8557166091412328,-1.079525969569186,-0.6255109798551236,1.0848517091404748,-0.11946781151395672,0.9713055274699907,-0.4785931206131933,1.106654231812931,-0.16331525148346807,-0.3769308539031557,0.37398450223959234,1.0257499882019876,-0.43415274659910386,0.10169673200690588,1.0045861200076371,0.12272169626854913,-0.6193517978687467,-0.22426766619728622,-0.5103747253242816,0.17297632373997926,-0.5602277648258381,2.10539847403234,1.2570882474273162,-0.11695844757885003,-0.5852644045098233,0.18009508070877267,1.2890252040837495,-0.12599269734092522,0.5159950769991704,1.3846948144892528,1.0981963060609425,-0.3835522387874058,-0.757905254638812,-0.5999631967985567,-0.2969788535125473,0.9944964163564046,0.5361792575036629,-0.5629208856716708,-1.1752705952910645,0.4083644728463585,-0.7941788162373156,-0.7897225478272737,0.30157035613225336,-0.4132182837979354,1.0634990208830273,1.0900486875132525,-0.5205301704234488,-1.2664142519694408,-0.45340823242093026,0.6499985053721203,0.7113478163310678,0.32541819147508344,0.7913563272505972,-0.48150482170239267,-0.8001923043885306,0.2780857495736806,2.5395492721541038,1.0089342312157965,-0.6219515435735053,1.7588117686649696,1.4897898574460156,-0.13433018172859573,-0.13928305866859944,1.0847119830186078,-0.39593349022913504,-0.5362349440808962,-0.7355959909667193,0.17131865375580893,-0.4781979773056428,0.12559438887084512,0.2611377569829452,1.4927483214183908,-0.10720604472478928,-1.2261161405210337,-0.2563495129369564,-0.18081666898457427,-0.6744505846385852,1.902778143631787,0.3941407335582265,-0.6192154546544705,-0.9004452788734127,-0.3423536603627635,-0.6996490812478924,-0.3665356444040136,-0.3694462236202496,-0.5905326937903832,-0.5488323664039594,-0.9464358249208639,1.8644928824883944,1.2091555503077873,1.2457814006681305,1.6222499170886406,1.449917173516842,0.16887895416275028,1.5798405805196367,0.18620019715929795,-0.4773506059449816,1.0138397144498217,-0.9572789750487488,-0.4051577518466683,-0.5489906780111686,1.0484818890471774,1.031521803206452,1.600839282018538,2.007624473292974,-0.7816106669397507,-0.43861070592145673,-0.5740947910815826,-1.232307400324383,2.0933936473819537,1.94793998275361,-0.3488188990844092,-0.9119382451892335,0.8676042202579594,0.0463411523836977,1.2741015673429306,0.15954801091239063,-0.8036262175778449,-0.23579342729748948,-1.2470201104364047,-0.5666736169929046,1.5894613736787435,-0.25045624330849214,1.3671168434879486,0.38931601813912614,-0.09605063287915612,-0.750167825051994,-0.979136675761085,0.2508678972970654,1.6066691008302492
"""GSM1539399""",0.5031844588867704,1.6413354390631354,-0.7869500933758294,1.0569976330059936,-0.12255219483588822,0.131442206535882,-0.7170129319894104,2.294289574716536,-0.13446802216193252,-0.8911924201919894,-0.49590835683178014,-1.0329047198115644,-0.42249091739741423,-0.7762016398762174,-0.48652869528720405,-0.14299116100864848,1.534476030963975,-0.8385953213621515,-0.3527766550905868,-0.3769441898078083,-0.9400115793059427,0.5590194112374948,-0.3743114706378403,-0.12204183978675967,-0.2908021654775051,-0.4482016884750459,1.2873490820084201,1.9261030436521738,1.7753327021678331,-0.485731470902153,-0.3855450433353747,-0.1663986701503605,0.6558483079581314,0.04844463452794313,0.7865131865657364,2.8871505378741715,-0.7913620409061657,-0.4952906160099089,-0.471127791159921,0.41526587516468744,-0.4855480764252916,-0.8390159819988183,0.5396515847016192,-0.7391055318202596,0.3721589924170595,0.6758166004281052,-0.4173408488989003,0.2979753548802959,-0.400774678510489,-0.5237638358394741,0.8026944992806174,1.8138415469501767,-0.3150224581152606,0.6164149374494797,-0.03460976570347498,0.46988922073409206,0.4346480365882361,-0.39821018690577964,1.0379374027614323,0.3121670189031615,-0.3726217622031299,0.409727628778067,-0.6235726081986381,0.7709067044938002,-0.3762006512809109,0.8624068304865088,-0.7015563662916481,-0.5350275425448207,-0.09181786321840568,0.8918689992886897,-0.21694422051229814,-0.5124844642089225,-0.15941470390484394,-0.27784287117748724,0.3160147912934721,-0.4524189103035505,0.46636866849059844,-0.047612717105440974,-0.03648985904810376,-0.828715150310433,0.14215970558141852,-0.27916873226476774,-0.24423462478597752,0.6692741705634941,-0.3038743618977819,-0.6130584913938938,0.01224360252934711,-0.21623306668310877,-0.6272866519484823,-0.3315423959995591,-0.14866303071690545,0.39366647986774284,-0.3142217287234775,0.9981783852362238,-0.3980166970014981,0.9603907009796897,2.649792428435239,0.004543958166955214,1.7408154535466307,2.872761425875794,1.1963808739898298,-0.3391566679789852,-0.21229517123802777,0.8987337402588476,-0.269568042830912,-0.6352394850957679,0.8267316674144287,1.618599387853668,2.612192829138414,0.8526655627665459,1.4366046688624703,-0.3883106697552154,-0.47519776455156765,-0.4957008001923289,-0.5005946467737327,0.8051153552770841,1.074191957607206,1.0254404193172668,0.03406189614835894,0.5274087027546084,-0.24325027082392758,1.7561284691088046,0.5269968511482548,-0.6220209823998227,-0.32496694306907775,0.8372167445575032,0.1523151710741879,-0.9887163613556692,-0.37354686665993464,1.122671717898942,-1.545522111375977,0.3723335160028014,-0.967939077333517,0.12121131874421583,-0.15986522873589615,2.637845207871216
"""GSM1539400""",0.6963951544936274,-0.6680660540683814,-0.8142503798307098,-0.9582726459193244,0.8019265466799658,-0.029064232563923396,-0.5754491105120336,0.7733773052645849,1.1117675625523806,-0.5369487596737502,-1.463572510658658,-0.7359991326976599,-0.7424573943078682,-0.5439099005534221,-0.7811205727300289,-0.8625440855190977,-0.3588914292937369,-0.5695332628724709,-0.9076474705955888,-0.8064899203887058,-0.7470724247957743,0.6763630110037162,-0.6178165173128153,-0.6950784584347692,-0.4352767010422986,-0.6141879087775174,-1.2212088914925499,1.0520210912296784,0.1269043661191915,-0.5246203780035043,-1.15109569621037,-0.7727961297968856,0.18728687383913373,-0.7778868643157387,0.4242943421279517,0.3510800896656332,-0.4034229805245087,-0.6406816297004357,-0.6337746141542094,0.49470809867453625,0.5304613511156991,-0.4256424663323449,0.6686552866163803,1.5344391951812046,-0.5342476176605194,0.5677551980831618,0.4817993768993788,-0.5299718345594181,-0.9392069687501245,-0.5806867622430232,0.2012571854547087,-0.010984056499356794,-1.0059999672381905,0.17887531793272002,-0.7384955603896676,0.5811977179433805,0.4748463466150402,-0.4165108936230336,-0.1776407121359084,-0.3776491434660947,-0.45070316213849526,0.548319993525416,-1.0893273427501224,0.07547096722037056,-0.7050496282765958,0.29107159252191456,-0.6193273007488862,-0.895795547867699,-0.955273081539116,0.3174295261707848,-0.8191027634508558,-0.84320264117472,-0.9433073434793179,-0.5821109031288955,0.9519732247253397,-0.5317130364544319,0.7095538424965133,0.015419209916178067,-0.5972734618732832,-0.7407084608628703,-0.6324219436269433,0.006705309483810021,-0.6588628356594151,0.3687354682605105,-0.5321651223999762,-0.640715414312493,-0.012676076279412423,-0.6808380404207185,-0.7726399208627435,-0.5883624643594502,-0.5665105206707738,-0.43437235855977036,-0.41681953359418267,1.5399619981399437,-0.882648278973768,-0.3364527492716131,0.949216739860638,0.149736778681452,0.627198633003907,0.07425843522714563,0.35628946787292715,-0.4763461249549358,-0.28208567700559667,-0.3822643374040812,-1.3431988653870064,0.009600578291184884,-0.8913076982288083,-0.2835182941203751,0.248191868402554,-0.3436876095030009,0.29087982422402253,-1.0479505041317028,-0.6023998041835572,-0.6137153613201136,-0.056363266054196524,0.37044520088497956,-0.042907392727451636,-0.43257212180885446,-0.7437349933970481,0.3825807742275239,-0.825858066270615,0.23341359219972135,0.5269968511482548,0.1318448851296475,-0.8231831109198431,1.7361527023605738,-0.8790771556646886,-0.8358585017057469,-1.2042443680263293,-0.21084900857109543,1.05483445090234,-1.1898480811607106,-0.6644374229354011,-0.0549796496631389,-0.5633668348748909,0.4173647461181149
"""GSM1539401""",0.6410661258222485,-0.6455552178318448,-0.7959543687382523,-0.8515546712530467,1.7393743352994313,0.5764742341912998,-1.0718787046954819,-1.0612752553911364,1.1599104560967006,-1.0813823834029868,1.0600196039613434,-1.191820011701629,-0.984908537424212,-1.0833446387570138,-0.8851540700313054,-0.9673073960165952,2.5608892366825757,-1.0854826015442272,-0.8017213267542808,-0.7339002682917777,0.9259431287033394,0.9889462423554501,-0.9937968553464612,-0.9268441629705021,-1.0496292702287955,-0.6661722254208687,-0.7266102459011787,0.3984215983406559,-1.1152581999597777,-0.5897427737607879,-0.7455678935693748,-0.9838785107145812,-0.6683332040709108,-1.2546414550366316,0.8346416503977359,1.0092611032117094,-1.0298686334757834,-0.9544114886945405,-0.6792178205759162,0.37930797256307036,2.039813870280825,-0.863040348299502,0.747375686449513,-0.6922995769152693,-0.9394507903816318,0.9693284063786454,1.0493493694779974,-0.7871378948413441,-0.7136483988785198,-1.5362404668268623,-0.3541073345956845,-0.48223179627264856,-0.8878756331730949,-1.1956194290854083,-1.0036408594079986,0.3968825609821153,0.7113478163310678,-0.7649578979562788,-0.7719118346239261,-0.929478516736517,-0.7294383649640361,0.8506622586839336,-0.2779464274956388,-0.7101191507424706,-1.224019836673152,-0.4911250618839596,-1.0148686795401272,-1.0383858206920156,-0.9605137332280016,-0.2753019732616506,-0.6415500872449216,-0.7130627998800112,-1.132531663600076,-0.6369337446126223,-1.0826145364692112,-0.798039178477059,0.17520823853000558,-0.08462878864423745,-0.6770702088136559,-1.8517815652329936,-0.7156211902875376,-0.7532852066095064,-0.7432487226657348,-0.731538257883364,-0.8162640900821453,-0.679081669162497,0.020137549140711898,-0.7825024221624322,-0.6963918414010883,-0.686234788426022,-0.029049874820446422,-0.961268781323491,-0.5763140306991755,1.276651627091615,0.3764625408185691,-1.1640165603398664,-0.8692351274029189,0.27318655950295956,-0.7717678846652717,-0.811452762175597,-0.7728203494869663,-1.250905550126974,-0.566405328721062,-0.5194521855497224,-0.990859259550334,-0.09751701742033875,-0.02760549771827086,-0.7636329170766767,-0.9887430971804597,-0.061197975563950124,0.040959055202456775,-0.9652741842098503,-1.2801611805279185,-0.7741704662341271,-1.0797994205361634,-0.36893145433927077,-0.6794446381477743,-1.1896512916999404,-0.5353976332799125,-1.070340541985609,-0.7018071675191447,0.44532290374398703,-0.4459414140961277,1.2081160100682795,-0.9884617348521227,1.340228457874572,-1.2388843333938424,-1.4542647756724891,-0.9364908393887138,0.4306228912269175,1.3609514352470957,0.6268536442296313,-1.2849288564839734,0.2529483882192193,-0.5724093013442806,-0.25179686657773137
"""GSM1539402""",0.770650944491543,-0.6304041215897752,1.3390949366602887,0.775057160006044,-0.9251623694519905,-0.9671054586644456,-0.8224425123271921,-0.8534096346062904,-0.37529257057276655,-0.32634405599994426,-1.5190772935873436,-0.33543707016692215,0.9037312009667338,-0.39539029930539854,0.8303758896991058,0.8419471660133262,-0.9748360652759377,-0.1547683046141048,0.7511844420692708,1.0515678611409445,-0.7812700595509464,0.6628578125747673,0.924635482656622,0.45735203540538355,0.46297016888058046,1.0681894409730026,-0.6620904806954229,-1.3116989822510685,-1.2594144537056753,0.7971658851839462,0.3822370791152759,0.7048244357131523,-0.9857896701893768,0.873610390091796,0.6635446066104943,-1.0899633869156733,-0.23113136921292754,1.21489115862382,0.9459368426833988,0.42948255607983654,-0.8664924348877681,-0.1484894451258629,1.0477223201915673,-0.8290270068469475,0.41457324828476116,0.7287753482497042,-0.4099164290637091,0.5343846601782855,1.0062967779936831,0.5582618378818899,-2.1172789992111936,-1.0719547028525158,0.6588015616798096,-1.0662725139859768,0.8394093931769897,0.5858932909297973,1.001523892781093,1.269098023198687,-1.3725990966505073,0.22677828402857855,0.10513065950504444,0.7976879339765073,-0.9790293601874219,0.8660895143229997,0.6379964135717823,-1.8307575623331993,-0.2624864264860125,0.3567393373339791,0.6556716717228644,-2.153400292799386,0.9127888273590787,0.36583931109948475,0.6683008604015449,0.7932182753242866,0.8754242061663998,1.2305171261460257,0.7660138498718311,-1.4503567526453238,0.5718944816590504,-0.05733274828029714,0.261004514393945,0.18253283582906338,0.8789257278212631,-1.4223768141768838,0.5554116624510766,1.7752218333349508,1.3740763079805767,0.7833386362687307,0.27996880656772277,0.28506408341356476,0.731337685528822,0.6768198832431029,-0.19396876984502673,-0.7631977308534997,-1.627699391730796,-0.5430738274972476,-1.8290583879854914,-1.750759685266702,-1.410941277769446,-0.9241123497583502,-1.3476726953568126,0.5797185484767373,0.9820473180661725,-1.7821561369010255,-0.25824892241901026,0.7287567080347434,-0.18352021331651625,-1.1787779508871046,-1.451233023849294,-1.916796746372605,-0.16824732883369137,-0.42513519400259697,1.4872860122716864,0.31331811902706486,0.6555568105883468,-1.7182649677728097,-1.593341291257236,-1.4824105580376163,-0.15886490628671704,-0.4205536444342509,1.055771241894903,-2.0085209000935027,-1.3719557050420026,-0.2523607776621985,1.1127212502438693,-0.4884034085372902,1.0163423643640583,0.29074959844574677,0.44433344265239394,1.377531021597543,-1.8762220089383197,0.7959773364927998,1.1243581856682925,-0.3757339934846465,1.2234129910265388,-1.9518585603901162
"""GSM1539403""",-1.6338541867205658,-0.6257769602490378,1.0760615792620833,-0.9368739390779927,1.2997203687316834,0.11801382130199549,0.4300869950414354,-0.8961239926745596,1.2946800496733175,0.41264422838828185,-0.8967627686566255,0.3842888181845249,-1.326489078284561,0.627945595228517,-0.9712355658381912,-1.2968262486623985,0.4319443649751987,0.582948528664058,-0.8530277655534818,-1.2309682812810965,0.9560938954618735,0.3528500844582976,-1.6843310301492531,-0.6209524328415759,-0.9843331366953058,-1.272837708405717,-0.8331632965744408,-0.19359143200294168,-1.0453735687135652,-1.6493949558208856,-1.7276741431440026,-1.4297676300377349,-0.49607694144714376,-1.2950310163690857,0.22844781804930048,0.0783104890282054,0.5808112951393302,-1.778325327424606,-1.4290844378825862,-0.1763579005011691,0.17407624732021748,0.04883053699359808,0.48197154776904744,-0.7700924604533345,-0.6576419766785174,0.5105955717921791,0.4051242928443463,-1.1392698616417054,-1.3092597449085674,-0.9523037119773041,-1.4275030629044254,-0.5122662158877903,-1.8846741866227106,0.09988451900470158,-1.280129018221703,0.3278420874302726,0.28414414095875246,-1.8232631620877848,1.068078439662215,-0.6618126525372323,-0.37285985682558126,0.542125489665913,0.13091038725730533,-0.12818827907128394,-0.7252274141378494,0.4043341298313352,0.10825504271831625,-0.62763219598709,-1.1542815114605827,-1.4378465130218467,-1.1391909612617144,-0.9388956792442802,-0.7501576721394497,-1.7847435984667162,-0.16553853712805391,-1.8055379868360342,-1.5901015287592057,0.3517404505206606,-0.9646139713180447,-0.9510972262236307,-0.803638160364531,-0.8674842024178815,-0.6950849638575737,-0.7196102729150333,-1.11894886041417,0.7485549359552407,-0.605387088174535,-2.278541679802075,-0.5309413773160233,-0.24605741899767,-1.3423172040986873,-1.2826730604135415,-0.4561511070403228,1.6355513715182624,1.0383721410125122,-1.0122795495680579,-0.2543375111601267,0.30352230386958756,0.5008181889988478,-0.7478894910088442,-0.41537269384977976,-2.0135878680158537,-2.593456797499052,-0.09440654025786056,-1.2890695932742215,-0.7855803817575103,0.34968900104015904,-0.4755866453920775,-0.14997774172714706,0.0826460631011182,-0.3150738147742139,-0.9945487118934037,-1.3216417506723335,-0.729523140350433,0.19180603598505788,-0.25646138282395253,0.2825613606609796,-1.1233787303720968,-0.7273082562605527,-0.9802327320703277,-1.7902600012185712,-0.3278081439504223,-0.7501604832545548,-0.4606269519041686,-1.5617569567631446,1.5760335702225134,0.059080658344613776,0.30153868493653907,-0.7463152630415086,-0.010839302975645742,1.2722508408376143,0.005137926108936064,-1.1284445575391924,-0.4847255630122914,-1.909289179661631,-0.05310243182903105
"""GSM1539404""",-1.6972174610823483,-0.6480832482015048,-0.7579718911525807,-0.9384850247517574,0.42040644135576843,-1.1947981734251456,-1.274422324240945,0.5558956293254732,0.7809478003119601,-1.2189945004032434,-0.5490608424656046,-1.1159039027878916,0.7895221707198955,-1.1655876473013291,0.8542498204258999,0.25833574861782255,-0.9769120662093534,-1.1099176197052076,0.5768848159858806,1.1665237239731676,2.7292563092989566,0.5189682965598399,1.0457493979041903,0.5476737916628164,0.2470983819370593,1.064963801883907,0.32115874617575024,-1.034012693462259,-1.0690036300015615,0.2854110609696845,0.06065670645584474,0.6411281435816529,-0.9635452327646473,0.8393118349269948,0.6190913884469761,-1.1953470688403969,-0.9954351180023777,0.6148102068513986,0.72470592946448,-0.5339548309919655,0.18065606131955556,-0.9085743652252215,0.8343301977608252,0.3575045233411556,-0.6312058348513581,0.8369144108528928,-0.15400040985140984,-0.37186780861959234,0.7462678318365571,0.31145732771239737,1.0769302877932705,-1.2084618707780563,0.6399844806056593,-0.7691605124353184,0.9398783237867043,0.6104978494144981,0.94452624293517,1.6754163544428278,0.920194105815944,-0.06547697627039006,0.036753532323608055,0.4413384687575136,-1.202823214236179,0.572103512563095,0.24859344530926641,-0.9494594304322291,-1.5525335476900248,-0.09334898912518617,0.6220437266577195,1.0538222647219107,0.5038708077158444,-0.32490474134864167,0.2967441791313879,1.3117018754499785,-1.9611484231382492,1.4826155250439206,-0.712301060403729,-2.1168086610482018,-0.11034182387833534,-0.7148313510494358,0.32034953764285584,0.12427881248955673,0.4518202528519571,-1.1824606149176848,0.336969560311126,-0.7843898952756576,0.7693971772435402,0.2253164700356509,-0.46069313089665437,0.11911005327289495,0.6652534545321801,0.014119740055259209,-0.38365755685330205,-0.9579172476348575,1.2178595488741288,-1.2876689499422238,-1.5504441847455852,-2.209198552938173,-1.388464947490131,-1.1916891515263508,-1.2401677533450692,0.3356119099839813,0.421052867693346,-1.5222287189225034,1.355588987736715,0.5455802219023979,-1.3767752200844856,-1.0554549078719253,-1.092628907603934,-1.4536059214220785,-0.6174632670770867,1.6641862616731524,1.0957408706966374,0.008646965279257094,-0.005160032272165526,-1.067918780113093,-1.3100146821987961,-1.576257022094377,0.6500807316390159,-0.6467214749449723,0.9935385868583007,-1.3275001329470708,-1.6734005029137153,0.23880717359167183,0.9423249007501132,-0.7956625440297282,0.2716524339625087,-0.305637900151061,0.31354001860103364,-0.5956826275330225,0.6114338617291589,-0.37069559926135315,0.5581863821335369,-0.5971860803964909,1.1039485722806122,-1.5029311537620627
"""GSM1539405""",-1.6746121156266176,1.6560162562797103,1.231770162700906,0.9898464453883119,-0.7089786613154152,1.637711775240891,-0.9009629690015923,-0.9204854057144631,0.9669051430028135,-1.006730270004242,-0.6743432511300081,-1.059759024477385,-0.5870454182859995,-1.1404547698408298,-0.9822225925241855,-0.5021754115520786,0.4953086066517783,-0.9800793293931706,-0.6682799916903566,-0.8025000197648408,-0.7549548634792984,1.4570723817393785,-0.5493859016500674,-0.4445606974566988,-0.9488001479407348,-0.721771665218182,-0.2931315156544738,0.5526094821762965,-0.23344146382928452,-0.624284864085141,-0.4974101852335863,-0.7931162901082205,0.12741640998034567,-0.4835070737287154,1.3613924091065688,-0.5162206113059574,-1.1999756296855277,-0.5544205032484069,-0.717723465205351,1.055484604107144,-0.6330968233521239,-0.9702356127034858,1.1970873516880134,1.3601303210666595,0.4095766616288127,1.3655603128897127,-0.5633087503322988,0.1507463997895449,-0.6692625554072579,-0.7645886844488841,1.2395634675226213,-0.11398497566756767,-0.6203787088079933,0.45226870336416686,-0.43216049118668554,1.5376156740238789,1.2863336872413866,-0.7848213419187914,-2.7205521287792074,-0.17939703682793437,-0.7637683229990512,1.180559128755416,-0.15980142030344174,0.3960154839923129,-0.8317684439164658,0.24516601887392359,-1.5239749210474145,-0.4642029824820039,-0.3688818566345984,0.9936946892261802,-0.915186131652237,-0.6425256324120387,-0.8841569285056081,-1.1405912150919721,0.3804665653885043,-0.9750690608099303,0.35411510829615794,1.4655174815249694,-0.23362385003660055,-0.6916941091807316,0.11975548394428445,-0.49979466888921764,-0.6625180078130026,0.37711580587827814,-0.7268351696580867,0.49774702952553856,-0.36871454238694895,-0.8523566610331044,-0.6991217653203444,-0.48220234721662375,-0.41665319345321394,-0.7100518565954362,-0.7885040950122965,-0.7752189037712934,-0.22099597941946006,-0.37690397871230247,0.6743410912273268,1.064000102878191,0.5625273920762741,0.8428944141407547,0.7222116427181015,0.10016960043172883,-0.20302802041963436,0.2532512403185199,-1.3080323239421265,-0.0209713519448249,-0.47210410642396994,-0.21034640225454712,0.4325323325588192,0.16351518885366853,0.7044155609590881,-1.1450403503694986,-1.072199653938625,-0.6869945427309114,-0.05380528765415953,-0.1364198024134958,0.525019297220312,0.49001750538756816,0.19194648748841214,-0.45802183899077614,-0.7180896118650114,1.1559841334200514,0.8388624444715721,-0.9144421118667052,-1.02301956473617,-0.6087250518646992,-0.21325286968358553,-1.521952612128581,0.5453964311155538,-0.9521723905705006,0.0981934054537052,1.72660717862636,-1.2069365147619053,-0.3486132109860304,-0.3687232919598774,0.9270853912276648
"""GSM1539406""",0.6272360567765964,1.6343648316219892,-0.8714917278244273,0.8983382192153289,-0.46809125171674265,0.708161769034308,-1.2132370273073543,-0.9282724373618912,0.26787535940834806,-1.4892289204483764,-1.1015006297952938,-1.5266208399338774,0.19259550901728395,-1.63259409433032,-0.3541560989753559,0.233990449863858,-0.5939969675232235,-1.5247897265189696,-0.43309931177942507,-0.2843176074405207,0.9070842972239136,0.6990077173463809,0.25271397907372994,0.03230935224564285,-0.3763100186758351,-0.02141517248269238,2.142239288437219,1.0152041039327844,-1.0326702329221862,-0.10231804121659063,0.13207399835747408,-0.20874846855014798,-1.1669733559976252,0.18836996814345283,0.5713145679305259,-0.21661906604663358,-1.7224775586221783,0.2601819307697246,0.10564170614062439,0.5988283634101716,-0.4141199653100731,-1.2562913287951532,0.8541769709048035,1.0416203730430686,0.3721589924170595,0.8369144108528928,0.027230341657509035,-0.28842089912506064,0.07040426688459189,-0.4712941667645271,-0.8463282143848584,-0.9810368272815428,0.07268031808088479,1.4725463669842076,-0.27681163024733835,0.6940320098612446,0.868913778608955,0.4040100770385554,0.7212642118511778,-0.3295382337839969,-0.48807258561797723,0.6554112510388554,-0.865065335094231,-0.22676161420956664,-0.4198734585521408,-0.018438806637126597,-1.502731278763055,-0.6243029865220081,0.169045856283737,-0.7345121617074444,-0.3991372601601397,-0.3968211150606323,-0.2753721337774577,0.2035717217608666,0.5404482296867057,0.6713453142667357,0.3183517108657749,-0.3491018862248796,-0.31919721374329324,-0.5631182998033921,-0.254069338313315,0.005551913416725437,-0.322759410129244,-0.4520128617889265,-0.4850195720347908,-0.6237547323712426,1.0652100871790262,-0.10372152131826776,-0.4045188417830204,0.14169600388379258,-0.49517812936693995,-0.04907472254957693,-0.6270101465275089,-0.9957475455585395,-0.49602933186914516,-0.40269904246014443,-0.24017807710864592,-0.9227396783088334,0.04609631111844754,-0.7083153761975196,-0.8686994014737419,-0.24681854624415003,0.2132703644746739,-0.8266126188003801,-0.7857453826845967,0.6081831087919242,-0.11532726977969557,-0.6535565235613815,-1.275403245581067,-0.5762754273433235,-0.7213204078587135,-1.1215315166802766,0.10003583790012928,-0.2932236808769187,-0.8347143549767267,-0.17492901742354003,-0.8165478182263205,-0.47366340412274094,-0.07009030489786301,-0.647986548441628,0.3488897412467842,-0.8097600695822046,0.14631188457520178,-0.0953045174366487,-0.09909670932436401,-0.9915651479259966,0.14874646808950368,-1.1177924020578722,-0.3221057211838162,-1.8778122607496812,0.17845582788718428,1.115682395407692,-0.4974031224317336,0.007664143339858118,0.43129076606929645,-0.14645245413571945
"""GSM1539407""",-1.6415675634135982,1.628898171500368,-0.8006748892816794,0.8429327803442233,1.397878982460236,1.2089231923925865,-1.3478763626051877,0.29888555993617244,0.4896063309841975,-1.3626710631431225,0.9370682087167648,-1.3526347717485734,-1.14049747415022,-1.2494968478927795,-1.046968907505118,-1.2415932761385742,1.3486808542081075,-1.2358499710098416,-0.6834061137125798,-0.9382992689039781,0.8284964427077827,0.36494317078887323,-1.4481728831072627,-0.6358939788469726,-0.9724061352852316,-0.7284203692612853,-0.7222950604336388,0.86729975592801,0.13842617791696038,-1.3642416698440267,-1.2285476753924047,-1.3375375031051842,0.004941340897282356,-1.1566101500294543,0.6202211205931119,0.08480839374117309,-1.1969633235530304,-1.343013701691409,-1.3772943811266347,-0.11793602476289496,2.6499491334084793,-1.0500563301587473,0.647644797692347,-0.6788585507478458,-0.6636406952616769,0.8194272119428613,1.7016565146604976,-1.1143533227925306,-0.9089025338919025,-0.9857745639455641,0.6682276765254849,-0.46357850211776563,-1.381269734765271,-1.1683268052502174,-1.025090860889542,0.43881633998963204,0.5499889515428477,-1.3329379968184536,-0.2182107979790648,-0.9170464443322068,-0.61554401178092,0.5302284019370196,0.8517721795581487,0.04583451064137311,-0.8392302062155624,0.4566948006644956,-0.7521265966673593,-0.8625671628828142,-0.9410252332388572,0.7107356999595901,-0.6827240807724421,-0.9203164941428714,-0.9846289016273033,-1.2919031768197575,-1.0457333282288457,-1.5741013430474626,-1.535894402284179,1.088071836228518,-0.9174347529952408,-1.5563174421624117,-0.933152503376052,-1.4842203418249216,-0.9579998225545914,0.215728299653692,-1.4822048497525742,-0.6547651560954048,-1.5120965008026903,-1.6668103378824988,-0.670469308268976,-0.4526757541566984,-1.1975736799566292,-1.5520897679290961,-0.7125743081412966,-0.3139480036215173,0.048189595440912995,-0.1358386953055265,0.3094065878210078,0.3752623319295334,0.9156161320131851,-0.6230797210062051,-0.07906676709680117,-1.676622521717642,-1.821633218861553,-0.6624849632132105,-1.397701609060943,-1.6585904642449059,0.8881130652129346,-0.638898584098391,0.09825271556870423,-0.0019469090569893348,-0.1272209748271817,-0.7438030921080965,-0.9750471691516979,-0.7346089373370858,0.5523102479009369,0.11480086135594804,0.30063537532892076,-0.2046273247679012,-0.33542817257330493,-0.436908505403476,-1.0189882218606094,-0.13717020881252298,-0.3776667238095973,2.0694206677562756,-1.5281133566097156,0.1303196961324314,-0.12845338119579197,-0.5769475232527883,-0.8411973435120339,-1.1194791780498485,0.6738679657463965,0.04627744593876617,-1.295964047208809,2.121557537401496,-1.4039683300803922,-0.17130089795070497
"""GSM1539408""",0.5890988116845309,-0.6378010369251497,1.3431879466971985,-1.0001748436087796,0.9129875227160115,-1.1645522929029621,-1.5810325489496593,-0.9818453749849599,-0.6072274010291401,-2.3306495838995254,0.16430905391739678,-2.428917767568927,-0.41514539761096403,-2.4183630174017408,-0.6642715966234981,-0.2636432293492006,-1.1446427568682567,-2.3103604926609957,-0.6603231457624951,-0.47546812127272414,-0.6707919139011904,-0.7816744708120911,-0.6363550593487041,-0.5372657884559068,-0.7084468690640039,-0.4039973199129239,-0.6934335558399415,-2.257745920888388,-1.6447844525472641,-0.4620425773797619,-0.3397068293089489,-0.6272875471159753,-1.7888724081678573,-0.5980926888195309,-1.1664747627869,-0.057457526553426945,-2.809644638417245,-0.3038727264707233,-0.4553978726862364,-0.9827169399769642,-1.047217578492265,-1.381779003169429,-1.2100499932799869,0.5889955677679282,0.04486392084096633,-1.0218450995279804,-0.8737893900868919,-0.5768615845219442,-0.39650317207106606,-0.09030851346209795,-0.33570740303610785,-1.737069030774123,-0.36259384548082607,0.5949373167624783,-0.4032690315487314,-1.393289299475628,-1.3454417762661848,-0.4894690724723044,0.7355700056115264,-0.7402051268946469,-0.345851699813356,-1.2424877724359604,-1.3428485265438799,0.9893842535423143,-0.3874744677027493,-1.5788008934248516,-1.625624402811123,-0.5629632175469615,-0.18498397426496577,-0.42896069061849434,-0.3810018093712349,-0.7759265934808398,-0.4897176053920373,-0.19893307367643817,-0.7125248523834099,-0.5046866866494487,0.2524065648979103,-1.61912977611481,-0.7170898566615136,-0.18826007372671344,-0.3894088227106794,0.05747172811434905,-0.6321854936362138,-1.7902805570677094,-0.4460361934005689,0.9086525123104668,0.5275596503624552,-0.49014863531259345,-0.8376529461659811,0.001267993173380532,-0.2702045841462147,-0.8767242466559566,-0.4542567442527778,-0.7901228218043791,-1.2310975427340662,-1.8123870858839428,-1.2027461426306139,-1.251905531239993,-1.1128079047216444,-0.8378508955653147,-2.2436429547348573,-0.6707047744921565,-0.5020529252400975,-1.2263900789914,0.8957666015380032,-0.09495533801172361,-1.23538955509269,-1.4406776688042537,-1.3571823496377173,-1.146902707076246,-1.6548193740488584,0.8289686322563673,-0.5251676885291044,-0.35877998799502303,1.887956281333696,-0.950548536523797,-1.5972858771599567,-1.4190371933673844,-0.18214900355375158,-1.4242998112324774,-0.4139979860581675,-1.4475505400608053,-1.3856591675256456,-0.9605195933930859,-0.23900552251028162,-0.8181678375876037,0.45399695546552654,0.09106831522752523,-1.1489582163873642,-0.45530354024081643,1.2421380894960627,-1.3225711856592681,-0.5772884583241826,-0.8958669571710507,-0.19000613275069342,-1.3599639057606931
